/data/UFget/MM/ACUSIM/Pres_Poisson/Pres_Poisson.mtx,8,3.309360,3.019180
/data/UFget/MM/AG-Monien/cca/cca.mtx,2048,4.389570,4.169173
/data/UFget/MM/AG-Monien/shock-9/shock-9.mtx,67,2.568201,2.449883
/data/UFget/MM/AG-Monien/ccc/ccc.mtx,2048,4.728404,4.386350
/data/UFget/MM/AG-Monien/bfly/bfly.mtx,1069,4.042322,3.829568
/data/UFget/MM/AG-Monien/brack2/brack2.mtx,5,0.686165,0.653176
/data/UFget/MM/AG-Monien/wave/wave.mtx,156,4.686395,4.206928
/data/UFget/MM/AG-Monien/debr/debr.mtx,26215,4.542650,4.414966
/data/UFget/MM/AMD/G2_circuit/G2_circuit.mtx,205,3.424083,3.260164
/data/UFget/MM/AMD/G3_circuit/G3_circuit.mtx,612,4.057524,2.873365
/data/UFget/MM/Andrews/Andrews/Andrews.mtx,1277,3.813720,3.320439
/data/UFget/MM/Andrianov/lpl1/lpl1.mtx,1299,6.545584,4.681207
/data/UFget/MM/Andrianov/net25/net25.mtx,2380,12.131581,10.074179
/data/UFget/MM/Andrianov/fxm4_6/fxm4_6.mtx,69,6.020411,4.925791
/data/UFget/MM/Andrianov/ex3sta1/ex3sta1.mtx,240,6.964947,6.678061
/data/UFget/MM/Andrianov/pf2177/pf2177.mtx,136,7.499456,5.927455
/data/UFget/MM/Andrianov/net50/net50.mtx,4080,7.740705,7.075276
/data/UFget/MM/Andrianov/net75/net75.mtx,5780,7.633129,7.167378
/data/UFget/MM/Andrianov/lp1/lp1.mtx,59377,4.085147,3.418559
/data/UFget/MM/Andrianov/net100/net100.mtx,7480,7.498572,7.187170
/data/UFget/MM/Andrianov/net4-1/net4-1.mtx,993,5.925116,6.216686
/data/UFget/MM/Andrianov/net125/net125.mtx,9180,7.661478,7.165735
/data/UFget/MM/Andrianov/ins2/ins2.mtx,38677,3.820931,6.133936
/data/UFget/MM/Andrianov/net150/net150.mtx,10880,7.411389,7.019459
/data/UFget/MM/Andrianov/pattern1/pattern1.mtx,20,7.553203,6.596972
/data/UFget/MM/Andrianov/mip1/mip1.mtx,94,7.200797,6.422933
/data/UFget/MM/ATandT/onetone2/onetone2.mtx,48,1.838737,1.991965
/data/UFget/MM/ATandT/onetone1/onetone1.mtx,42,2.020225,1.980103
/data/UFget/MM/ATandT/twotone/twotone.mtx,50,2.192241,2.292197
/data/UFget/MM/ATandT/pre2/pre2.mtx,478,4.523485,4.443875
/data/UFget/MM/Averous/epb2/epb2.mtx,21,1.372428,1.251753
/data/UFget/MM/Averous/epb3/epb3.mtx,97,2.899740,2.885186
/data/UFget/MM/Bai/mhd4800a/mhd4800a.mtx,3,0.696179,0.678774
/data/UFget/MM/Bai/af23560/af23560.mtx,123,5.982963,5.338182
/data/UFget/MM/Bai/qc2534/qc2534.mtx,14,9.305243,7.754369
/data/UFget/MM/Barabasi/NotreDame_www/NotreDame_www.mtx,890,3.433261,3.296554
/data/UFget/MM/Belcastro/human_gene2/human_gene2.mtx,4,3.043273,2.709408
/data/UFget/MM/Belcastro/human_gene1/human_gene1.mtx,5,2.982103,2.705966
/data/UFget/MM/Belcastro/mouse_gene/mouse_gene.mtx,9,3.358730,2.976537
/data/UFget/MM/BenElechi/BenElechi1/BenElechi1.mtx,43,5.759374,5.399620
/data/UFget/MM/Bindel/ted_B/ted_B.mtx,9,1.506687,1.396757
/data/UFget/MM/Bindel/ted_B_unscaled/ted_B_unscaled.mtx,9,1.449641,1.361692
/data/UFget/MM/Bindel/ted_A/ted_A.mtx,9,2.806805,4.072018
/data/UFget/MM/Bindel/ted_A_unscaled/ted_A_unscaled.mtx,9,2.898617,4.153821
/data/UFget/MM/Bindel/ted_AB/ted_AB.mtx,9,3.397463,3.808399
/data/UFget/MM/Bindel/ted_AB_unscaled/ted_AB_unscaled.mtx,9,3.397463,3.894652
/data/UFget/MM/Bodendiek/CurlCurl_0/CurlCurl_0.mtx,128,4.141908,3.865781
/data/UFget/MM/Bodendiek/CurlCurl_1/CurlCurl_1.mtx,903,5.540099,5.497048
/data/UFget/MM/Bodendiek/CurlCurl_2/CurlCurl_2.mtx,2037,5.814124,5.559063
/data/UFget/MM/Bodendiek/CurlCurl_3/CurlCurl_3.mtx,2584,3.933027,4.044775
/data/UFget/MM/Bodendiek/CurlCurl_4/CurlCurl_4.mtx,4042,3.133408,3.711309
/data/UFget/MM/Boeing/nasa4704/nasa4704.mtx,15,2.442067,2.378801
/data/UFget/MM/Boeing/crystm01/crystm01.mtx,42,3.555931,3.449784
/data/UFget/MM/Boeing/nasa2910/nasa2910.mtx,7,2.732558,2.536709
/data/UFget/MM/Boeing/crystk01/crystk01.mtx,14,6.060316,5.536585
/data/UFget/MM/Boeing/bcsstm36/bcsstm36.mtx,10,2.203022,2.161396
/data/UFget/MM/Boeing/crystm02/crystm02.mtx,84,6.038185,5.629224
/data/UFget/MM/Boeing/bcsstk38/bcsstk38.mtx,4,2.245355,2.138283
/data/UFget/MM/Boeing/crystm03/crystm03.mtx,109,6.332733,5.907619
/data/UFget/MM/Boeing/crystk02/crystk02.mtx,28,6.419167,5.998697
/data/UFget/MM/Boeing/pcrystk02/pcrystk02.mtx,28,6.469553,6.025007
/data/UFget/MM/Boeing/bcsstk37/bcsstk37.mtx,6,2.968794,2.790971
/data/UFget/MM/Boeing/msc23052/msc23052.mtx,121,6.366402,5.422973
/data/UFget/MM/Boeing/bcsstk36/bcsstk36.mtx,6,3.449481,3.222242
/data/UFget/MM/Boeing/msc10848/msc10848.mtx,19,6.392583,5.637663
/data/UFget/MM/Boeing/bcsstk35/bcsstk35.mtx,9,3.915036,3.776915
/data/UFget/MM/Boeing/crystk03/crystk03.mtx,37,6.752997,6.728596
/data/UFget/MM/Boeing/pcrystk03/pcrystk03.mtx,37,6.752997,6.752997
/data/UFget/MM/Boeing/bcsstk39/bcsstk39.mtx,24,5.380967,5.172812
/data/UFget/MM/Boeing/ct20stif/ct20stif.mtx,40,5.544285,5.055941
/data/UFget/MM/Boeing/pct20stif/pct20stif.mtx,40,5.481073,4.920110
/data/UFget/MM/Boeing/pwtk/pwtk.mtx,2,2.026428,1.918802
/data/UFget/MM/Bomhof/circuit_4/circuit_4.mtx,5348,4.408384,4.214232
/data/UFget/MM/Botonakis/FEM_3D_thermal1/FEM_3D_thermal1.mtx,35,3.675095,3.446243
/data/UFget/MM/Botonakis/thermomech_TC/thermomech_TC.mtx,318,3.392617,3.058219
/data/UFget/MM/Botonakis/thermomech_TK/thermomech_TK.mtx,318,3.294375,3.036452
/data/UFget/MM/Botonakis/thermomech_dM/thermomech_dM.mtx,635,3.568188,3.315175
/data/UFget/MM/Botonakis/thermomech_dK/thermomech_dK.mtx,318,4.144771,3.374185
/data/UFget/MM/Botonakis/FEM_3D_thermal2/FEM_3D_thermal2.mtx,40,3.800579,3.659276
/data/UFget/MM/Bourchtein/atmosmodd/atmosmodd.mtx,3610,4.876743,5.111887
/data/UFget/MM/Bourchtein/atmosmodj/atmosmodj.mtx,3610,4.811838,5.052659
/data/UFget/MM/Bourchtein/atmosmodl/atmosmodl.mtx,3449,4.000701,4.243719
/data/UFget/MM/Bourchtein/atmosmodm/atmosmodm.mtx,3449,4.065054,4.470055
/data/UFget/MM/Bova/rma10/rma10.mtx,7,2.857788,2.572516
/data/UFget/MM/Brethour/coater2/coater2.mtx,6,1.164759,1.124690
/data/UFget/MM/Castrillon/denormal/denormal.mtx,100,4.480725,4.531245
/data/UFget/MM/CEMW/vfem/vfem.mtx,134,4.098060,4.020932
/data/UFget/MM/CEMW/tmt_unsym/tmt_unsym.mtx,2,0.416744,0.408122
/data/UFget/MM/CEMW/t2em/t2em.mtx,2,0.431675,0.408786
/data/UFget/MM/CEMW/tmt_sym/tmt_sym.mtx,2,0.429304,0.426090
/data/UFget/MM/Chen/pkustk02/pkustk02.mtx,55,7.896066,6.954919
/data/UFget/MM/Chen/pkustk01/pkustk01.mtx,123,6.720443,5.991836
/data/UFget/MM/Chen/pkustk09/pkustk09.mtx,196,6.853239,6.340847
/data/UFget/MM/Chen/pkustk05/pkustk05.mtx,155,6.879972,6.265770
/data/UFget/MM/Chen/pkustk07/pkustk07.mtx,35,6.743178,6.198978
/data/UFget/MM/Chen/pkustk06/pkustk06.mtx,190,6.932882,6.639116
/data/UFget/MM/Chen/pkustk03/pkustk03.mtx,352,7.178760,6.585824
/data/UFget/MM/Chen/pkustk08/pkustk08.mtx,50,7.153171,6.433801
/data/UFget/MM/Chen/pkustk04/pkustk04.mtx,150,6.114428,6.699366
/data/UFget/MM/Chen/pkustk10/pkustk10.mtx,228,7.067781,6.601495
/data/UFget/MM/Chen/pkustk11/pkustk11.mtx,299,7.017908,6.354593
/data/UFget/MM/Chen/pkustk13/pkustk13.mtx,233,6.619091,6.020315
/data/UFget/MM/Chen/pkustk12/pkustk12.mtx,284,5.767524,6.280698
/data/UFget/MM/Chen/pkustk14/pkustk14.mtx,142,4.770167,4.287392
/data/UFget/MM/Chevron/Chevron1/Chevron1.mtx,57,2.923287,2.895864
/data/UFget/MM/Chevron/Chevron2/Chevron2.mtx,83,3.322060,3.372892
/data/UFget/MM/Chevron/Chevron3/Chevron3.mtx,161,4.656308,4.622498
/data/UFget/MM/Chevron/Chevron4/Chevron4.mtx,216,5.203684,5.136256
/data/UFget/MM/Cote/mplate/mplate.mtx,40,4.008997,3.983298
/data/UFget/MM/Cote/vibrobox/vibrobox.mtx,55,4.330326,4.081184
/data/UFget/MM/CPM/cz10228/cz10228.mtx,4,0.715524,0.697636
/data/UFget/MM/CPM/cz20468/cz20468.mtx,4,0.742339,0.725893
/data/UFget/MM/CPM/cz40948/cz40948.mtx,4,0.700487,0.690811
/data/UFget/MM/Cunningham/k3plates/k3plates.mtx,10,3.786855,3.643477
/data/UFget/MM/Cunningham/qa8fk/qa8fk.mtx,174,6.325179,6.238010
/data/UFget/MM/Cunningham/qa8fm/qa8fm.mtx,174,6.414818,6.297678
/data/UFget/MM/Cylshell/s3rmt3m3/s3rmt3m3.mtx,5,4.359048,4.175724
/data/UFget/MM/Cylshell/s1rmt3m1/s1rmt3m1.mtx,16,6.599723,6.250068
/data/UFget/MM/Cylshell/s3rmt3m1/s3rmt3m1.mtx,16,6.420138,6.250068
/data/UFget/MM/Cylshell/s2rmt3m1/s2rmt3m1.mtx,16,6.420138,6.250068
/data/UFget/MM/Cylshell/s1rmq4m1/s1rmq4m1.mtx,11,5.980535,5.835376
/data/UFget/MM/Cylshell/s3rmq4m1/s3rmq4m1.mtx,11,6.228433,5.980535
/data/UFget/MM/Cylshell/s2rmq4m1/s2rmq4m1.mtx,11,6.101967,5.863842
/data/UFget/MM/Dehghani/light_in_tissue/light_in_tissue.mtx,81,3.812228,3.689005
/data/UFget/MM/DIMACS10/vsp_p0291_seymourl_iiasa/vsp_p0291_seymourl_iiasa.mtx,202,3.483491,4.029412
/data/UFget/MM/DIMACS10/vsp_data_and_seymourl/vsp_data_and_seymourl.mtx,27,2.131001,2.028016
/data/UFget/MM/DIMACS10/de2010/de2010.mtx,1419,3.665242,3.219932
/data/UFget/MM/DIMACS10/hi2010/hi2010.mtx,1251,3.784827,3.350787
/data/UFget/MM/DIMACS10/vsp_c-30_data_data/vsp_c-30_data_data.mtx,35,2.717278,2.225017
/data/UFget/MM/DIMACS10/ri2010/ri2010.mtx,1095,3.730643,3.312409
/data/UFget/MM/DIMACS10/wing_nodal/wing_nodal.mtx,169,4.420643,3.918840
/data/UFget/MM/DIMACS10/vt2010/vt2010.mtx,1629,3.874168,3.295111
/data/UFget/MM/DIMACS10/t60k/t60k.mtx,65,2.792061,2.743185
/data/UFget/MM/DIMACS10/vsp_befref_fxm_2_4_air02/vsp_befref_fxm_2_4_air02.mtx,415,4.403353,4.151178
/data/UFget/MM/DIMACS10/delaunay_n15/delaunay_n15.mtx,84,2.755038,2.568364
/data/UFget/MM/DIMACS10/vsp_barth5_1Ksep_50in_5Kout/vsp_barth5_1Ksep_50in_5Kout.mtx,1790,3.836915,3.524188
/data/UFget/MM/DIMACS10/ak2010/ak2010.mtx,1618,3.898827,3.309005
/data/UFget/MM/DIMACS10/nh2010/nh2010.mtx,2571,3.903217,3.317734
/data/UFget/MM/DIMACS10/luxembourg_osm/luxembourg_osm.mtx,269,2.740805,2.787457
/data/UFget/MM/DIMACS10/wing/wing.mtx,4772,3.598007,3.136348
/data/UFget/MM/DIMACS10/vsp_sctap1-2b_and_seymourl/vsp_sctap1-2b_and_seymourl.mtx,773,3.176527,3.730663
/data/UFget/MM/DIMACS10/rgg_n_2_15_s0/rgg_n_2_15_s0.mtx,38,2.370525,2.245587
/data/UFget/MM/DIMACS10/fe_body/fe_body.mtx,30,1.791122,1.725830
/data/UFget/MM/DIMACS10/me2010/me2010.mtx,3023,3.762283,3.230921
/data/UFget/MM/DIMACS10/ct2010/ct2010.mtx,3379,3.622066,3.164237
/data/UFget/MM/DIMACS10/vsp_south31_slptsk/vsp_south31_slptsk.mtx,544,3.732313,3.451386
/data/UFget/MM/DIMACS10/vsp_model1_crew1_cr42_south31/vsp_model1_crew1_cr42_south31.mtx,1074,3.115275,3.382451
/data/UFget/MM/DIMACS10/delaunay_n16/delaunay_n16.mtx,220,3.403632,2.979331
/data/UFget/MM/DIMACS10/sd2010/sd2010.mtx,3535,3.694018,3.285214
/data/UFget/MM/DIMACS10/nv2010/nv2010.mtx,2818,3.367360,3.119508
/data/UFget/MM/DIMACS10/wy2010/wy2010.mtx,3316,3.615743,3.276767
/data/UFget/MM/DIMACS10/vsp_c-60_data_cti_cs4/vsp_c-60_data_cti_cs4.mtx,270,3.462525,2.792586
/data/UFget/MM/DIMACS10/ut2010/ut2010.mtx,4122,3.632702,3.301485
/data/UFget/MM/DIMACS10/vsp_bump2_e18_aa01_model1_crew1/vsp_bump2_e18_aa01_model1_crew1.mtx,438,3.645667,3.663494
/data/UFget/MM/DIMACS10/nd2010/nd2010.mtx,5351,3.692161,3.385315
/data/UFget/MM/DIMACS10/mt2010/mt2010.mtx,3392,3.628812,3.382571
/data/UFget/MM/DIMACS10/wv2010/wv2010.mtx,5409,3.631528,3.343115
/data/UFget/MM/DIMACS10/rgg_n_2_16_s0/rgg_n_2_16_s0.mtx,52,2.744563,2.588740
/data/UFget/MM/DIMACS10/md2010/md2010.mtx,6052,3.629710,3.259622
/data/UFget/MM/DIMACS10/id2010/id2010.mtx,5550,3.644570,3.273748
/data/UFget/MM/DIMACS10/ma2010/ma2010.mtx,5834,3.591068,3.277460
/data/UFget/MM/DIMACS10/vsp_mod2_pgp2_slptsk/vsp_mod2_pgp2_slptsk.mtx,1584,3.385328,3.208541
/data/UFget/MM/DIMACS10/delaunay_n17/delaunay_n17.mtx,145,3.047617,2.795748
/data/UFget/MM/DIMACS10/ky2010/ky2010.mtx,6467,3.652338,3.268151
/data/UFget/MM/DIMACS10/fe_ocean/fe_ocean.mtx,579,4.319508,4.405652
/data/UFget/MM/DIMACS10/nj2010/nj2010.mtx,7067,3.653883,3.328928
/data/UFget/MM/DIMACS10/nm2010/nm2010.mtx,6745,3.709111,3.407327
/data/UFget/MM/DIMACS10/ms2010/ms2010.mtx,5542,3.663550,3.270165
/data/UFget/MM/DIMACS10/vsp_vibrobox_scagr7-2c_rlfddd/vsp_vibrobox_scagr7-2c_rlfddd.mtx,407,3.330212,3.431128
/data/UFget/MM/DIMACS10/sc2010/sc2010.mtx,6738,3.741760,3.370933
/data/UFget/MM/DIMACS10/ar2010/ar2010.mtx,6651,3.755261,3.404324
/data/UFget/MM/DIMACS10/fe_tooth/fe_tooth.mtx,4,0.549095,0.525689
/data/UFget/MM/DIMACS10/ne2010/ne2010.mtx,7162,3.612540,3.344534
/data/UFget/MM/DIMACS10/wa2010/wa2010.mtx,6520,3.339924,3.134791
/data/UFget/MM/DIMACS10/co2010/co2010.mtx,7447,3.771581,3.357145
/data/UFget/MM/DIMACS10/or2010/or2010.mtx,6781,3.651076,3.309050
/data/UFget/MM/DIMACS10/la2010/la2010.mtx,7864,3.599816,3.292713
/data/UFget/MM/DIMACS10/preferentialAttachment/preferentialAttachment.mtx,1563,3.626109,2.912638
/data/UFget/MM/DIMACS10/smallworld/smallworld.mtx,2,0.282952,0.275668
/data/UFget/MM/DIMACS10/G_n_pin_pout/G_n_pin_pout.mtx,151,2.998344,2.614419
/data/UFget/MM/DIMACS10/ia2010/ia2010.mtx,10287,3.551920,3.334297
/data/UFget/MM/DIMACS10/vsp_finan512_scagr7-2c_rlfddd/vsp_finan512_scagr7-2c_rlfddd.mtx,264,3.493681,3.075254
/data/UFget/MM/DIMACS10/ks2010/ks2010.mtx,8838,3.854416,3.366809
/data/UFget/MM/DIMACS10/tn2010/tn2010.mtx,9605,3.912031,3.328007
/data/UFget/MM/DIMACS10/az2010/az2010.mtx,9295,3.378428,2.841478
/data/UFget/MM/DIMACS10/wi2010/wi2010.mtx,9735,3.753642,3.293241
/data/UFget/MM/DIMACS10/caidaRouterLevel/caidaRouterLevel.mtx,1404,2.315493,2.967715
/data/UFget/MM/DIMACS10/mn2010/mn2010.mtx,10392,3.601773,3.270539
/data/UFget/MM/DIMACS10/al2010/al2010.mtx,9703,3.754993,3.316853
/data/UFget/MM/DIMACS10/ok2010/ok2010.mtx,11701,3.553852,3.241659
/data/UFget/MM/DIMACS10/in2010/in2010.mtx,11128,3.856334,3.388016
/data/UFget/MM/DIMACS10/fe_rotor/fe_rotor.mtx,66,3.256506,3.029631
/data/UFget/MM/DIMACS10/va2010/va2010.mtx,8931,3.486983,3.187561
/data/UFget/MM/DIMACS10/nc2010/nc2010.mtx,10321,3.500391,3.155765
/data/UFget/MM/DIMACS10/ga2010/ga2010.mtx,12129,3.661966,3.189948
/data/UFget/MM/DIMACS10/rgg_n_2_17_s0/rgg_n_2_17_s0.mtx,72,3.070556,3.048493
/data/UFget/MM/DIMACS10/598a/598a.mtx,158,3.850746,3.045843
/data/UFget/MM/DIMACS10/delaunay_n18/delaunay_n18.mtx,573,3.460185,3.124615
/data/UFget/MM/DIMACS10/mi2010/mi2010.mtx,13746,3.547341,3.164621
/data/UFget/MM/DIMACS10/coAuthorsCiteseer/coAuthorsCiteseer.mtx,546,2.515505,2.925770
/data/UFget/MM/DIMACS10/mo2010/mo2010.mtx,12725,3.622027,3.228303
/data/UFget/MM/DIMACS10/ny2010/ny2010.mtx,11673,3.937584,3.370383
/data/UFget/MM/DIMACS10/oh2010/oh2010.mtx,14052,3.916765,3.386515
/data/UFget/MM/DIMACS10/coAuthorsDBLP/coAuthorsDBLP.mtx,1001,2.402444,2.856026
/data/UFget/MM/DIMACS10/pa2010/pa2010.mtx,14537,3.483111,3.217021
/data/UFget/MM/DIMACS10/144/144.mtx,253,3.882333,3.473528
/data/UFget/MM/DIMACS10/il2010/il2010.mtx,18063,3.393019,3.022394
/data/UFget/MM/DIMACS10/citationCiteseer/citationCiteseer.mtx,2633,2.629197,2.902393
/data/UFget/MM/DIMACS10/fl2010/fl2010.mtx,15629,3.352264,3.133211
/data/UFget/MM/DIMACS10/vsp_msc10848_300sep_100in_1Kout/vsp_msc10848_300sep_100in_1Kout.mtx,105,6.277689,5.612078
/data/UFget/MM/DIMACS10/rgg_n_2_18_s0/rgg_n_2_18_s0.mtx,98,3.781409,3.590013
/data/UFget/MM/DIMACS10/belgium_osm/belgium_osm.mtx,2285,3.230246,2.842060
/data/UFget/MM/DIMACS10/delaunay_n19/delaunay_n19.mtx,494,3.256542,2.932951
/data/UFget/MM/DIMACS10/m14b/m14b.mtx,255,4.064007,3.648646
/data/UFget/MM/DIMACS10/ca2010/ca2010.mtx,26302,3.084108,2.879680
/data/UFget/MM/DIMACS10/vsp_bcsstk30_500sep_10in_1Kout/vsp_bcsstk30_500sep_10in_1Kout.mtx,411,4.792330,4.390954
/data/UFget/MM/DIMACS10/tx2010/tx2010.mtx,30475,2.856533,2.877739
/data/UFget/MM/DIMACS10/netherlands_osm/netherlands_osm.mtx,12524,2.389233,2.454212
/data/UFget/MM/DIMACS10/kron_g500-logn16/kron_g500-logn16.mtx,66,3.610304,3.421671
/data/UFget/MM/DIMACS10/NACA0015/NACA0015.mtx,433,2.429328,2.156196
/data/UFget/MM/DIMACS10/delaunay_n20/delaunay_n20.mtx,1331,2.837650,2.465594
/data/UFget/MM/DIMACS10/rgg_n_2_19_s0/rgg_n_2_19_s0.mtx,134,4.211012,4.012966
/data/UFget/MM/DIMACS10/auto/auto.mtx,1268,3.869686,3.226254
/data/UFget/MM/DIMACS10/kron_g500-logn17/kron_g500-logn17.mtx,97,3.350242,3.215811
/data/UFget/MM/DIMACS10/delaunay_n21/delaunay_n21.mtx,1583,2.069962,2.041556
/data/UFget/MM/DIMACS10/hugetrace-00000/hugetrace-00000.mtx,26678,1.963291,2.129720
/data/UFget/MM/DIMACS10/rgg_n_2_20_s0/rgg_n_2_20_s0.mtx,184,3.758659,3.675082
/data/UFget/MM/DIMACS10/italy_osm/italy_osm.mtx,2247,2.054522,2.545130
/data/UFget/MM/DIMACS10/venturiLevel3/venturiLevel3.mtx,2603,2.101249,2.441359
/data/UFget/MM/DIMACS10/great-britain_osm/great-britain_osm.mtx,8272,1.925073,2.228017
/data/UFget/MM/DIMACS10/hugetric-00000/hugetric-00000.mtx,19035,1.978678,2.119879
/data/UFget/MM/DIMACS10/hugetric-00010/hugetric-00010.mtx,74918,1.544033,1.640238
/data/UFget/MM/DIMACS10/M6/M6.mtx,1577,1.438194,1.485798
/data/UFget/MM/DIMACS10/kron_g500-logn18/kron_g500-logn18.mtx,145,2.543988,2.569206
/data/UFget/MM/DIMACS10/hugetric-00020/hugetric-00020.mtx,86864,1.551852,1.635301
/data/UFget/MM/DIMACS10/333SP/333SP.mtx,132,1.845637,1.806301
/data/UFget/MM/DIMACS10/AS365/AS365.mtx,132,1.430950,1.350367
/data/UFget/MM/DIMACS10/germany_osm/germany_osm.mtx,12068,1.865316,2.218230
/data/UFget/MM/DIMACS10/NLR/NLR.mtx,1505,1.392921,1.459521
/data/UFget/MM/DIMACS10/delaunay_n22/delaunay_n22.mtx,3870,1.864957,1.929174
/data/UFget/MM/DIMACS10/asia_osm/asia_osm.mtx,2791,1.925172,2.371286
/data/UFget/MM/DIMACS10/adaptive/adaptive.mtx,1666,2.125653,2.682767
/data/UFget/MM/DIMACS10/rgg_n_2_21_s0/rgg_n_2_21_s0.mtx,255,3.082175,3.343739
/data/UFget/MM/DIMACS10/coPapersDBLP/coPapersDBLP.mtx,63,3.598488,2.903470
/data/UFget/MM/DIMACS10/coPapersCiteseer/coPapersCiteseer.mtx,54,3.711281,3.143595
/data/UFget/MM/DIMACS10/road_central/road_central.mtx,238675,1.328336,1.356503
/data/UFget/MM/DIMACS10/packing-500x100x100-b050/packing-500x100x100-b050.mtx,1229,3.357991,3.772826
/data/UFget/MM/DIMACS10/hugetrace-00010/hugetrace-00010.mtx,69697,1.679930,1.664754
/data/UFget/MM/DIMACS10/kron_g500-logn19/kron_g500-logn19.mtx,216,2.318138,2.346041
/data/UFget/MM/DIMACS10/hugetrace-00020/hugetrace-00020.mtx,145477,1.458591,1.542361
/data/UFget/MM/DIMACS10/delaunay_n23/delaunay_n23.mtx,2859,1.772176,1.854039
/data/UFget/MM/DIMACS10/hugebubbles-00000/hugebubbles-00000.mtx,35228,1.589539,1.719451
/data/UFget/MM/DIMACS10/road_usa/road_usa.mtx,311005,1.507152,1.743492
/data/UFget/MM/DIMACS10/hugebubbles-00010/hugebubbles-00010.mtx,262948,1.333385,1.453720
/data/UFget/MM/DIMACS10/rgg_n_2_22_s0/rgg_n_2_22_s0.mtx,351,3.275244,3.427569
/data/UFget/MM/DIMACS10/hugebubbles-00020/hugebubbles-00020.mtx,196279,1.300740,1.338612
/data/UFget/MM/DIMACS10/channel-500x100x100-b050/channel-500x100x100-b050.mtx,2636,3.539170,3.741353
/data/UFget/MM/DIMACS10/kron_g500-logn20/kron_g500-logn20.mtx,325,2.188265,2.272443
/data/UFget/MM/DIMACS10/delaunay_n24/delaunay_n24.mtx,7195,1.641645,1.574305
/data/UFget/MM/DIMACS10/europe_osm/europe_osm.mtx,14711,1.704421,1.981066
/data/UFget/MM/DIMACS10/rgg_n_2_23_s0/rgg_n_2_23_s0.mtx,484,3.361634,3.503335
/data/UFget/MM/DIMACS10/kron_g500-logn21/kron_g500-logn21.mtx,484,2.081759,2.107768
/data/UFget/MM/DNVS/crplat2/crplat2.mtx,22,6.316983,5.791310
/data/UFget/MM/DNVS/trdheim/trdheim.mtx,8,5.437101,4.832268
/data/UFget/MM/DNVS/tsyl201/tsyl201.mtx,14,6.051046,4.789481
/data/UFget/MM/DNVS/shipsec8/shipsec8.mtx,37,6.421258,5.957688
/data/UFget/MM/DNVS/shipsec1/shipsec1.mtx,68,6.928901,6.579109
/data/UFget/MM/DNVS/ship_003/ship_003.mtx,28,6.666508,6.008002
/data/UFget/MM/DNVS/ship_001/ship_001.mtx,8,6.123488,4.264619
/data/UFget/MM/DNVS/thread/thread.mtx,21,6.757416,5.383189
/data/UFget/MM/DNVS/shipsec5/shipsec5.mtx,67,6.678804,6.330174
/data/UFget/MM/DNVS/x104/x104.mtx,22,6.737643,6.142326
/data/UFget/MM/DNVS/m_t1/m_t1.mtx,23,6.737112,6.073601
/data/UFget/MM/DNVS/fcondp2/fcondp2.mtx,215,6.687697,5.934560
/data/UFget/MM/DNVS/fullb/fullb.mtx,149,5.566505,5.003274
/data/UFget/MM/DNVS/troll/troll.mtx,51,5.781298,5.583204
/data/UFget/MM/DNVS/halfb/halfb.mtx,115,5.281589,4.867986
/data/UFget/MM/DRIVCAV/cavity17/cavity17.mtx,15,3.003789,2.719647
/data/UFget/MM/DRIVCAV/cavity19/cavity19.mtx,15,2.945179,2.671512
/data/UFget/MM/DRIVCAV/cavity21/cavity21.mtx,15,3.064780,2.769549
/data/UFget/MM/DRIVCAV/cavity23/cavity23.mtx,15,3.128299,2.875056
/data/UFget/MM/DRIVCAV/cavity25/cavity25.mtx,15,2.988919,2.719647
/data/UFget/MM/DRIVCAV/cavity16/cavity16.mtx,15,2.930882,2.659743
/data/UFget/MM/DRIVCAV/cavity18/cavity18.mtx,15,3.049301,2.769549
/data/UFget/MM/DRIVCAV/cavity20/cavity20.mtx,15,3.064780,2.719647
/data/UFget/MM/DRIVCAV/cavity22/cavity22.mtx,15,2.945179,2.671512
/data/UFget/MM/DRIVCAV/cavity24/cavity24.mtx,15,3.128299,2.769549
/data/UFget/MM/DRIVCAV/cavity26/cavity26.mtx,15,2.945179,2.671512
/data/UFget/MM/Dziekonski/gsm_106857/gsm_106857.mtx,3369,3.015566,2.553832
/data/UFget/MM/Dziekonski/dielFilterV2clx/dielFilterV2clx.mtx,47,3.557575,3.107094
/data/UFget/MM/Dziekonski/dielFilterV3clx/dielFilterV3clx.mtx,31,3.810848,3.275991
/data/UFget/MM/Dziekonski/dielFilterV2real/dielFilterV2real.mtx,90,3.522048,3.182367
/data/UFget/MM/Dziekonski/dielFilterV3real/dielFilterV3real.mtx,64,3.610727,3.079414
/data/UFget/MM/Engwirda/airfoil_2d/airfoil_2d.mtx,8,1.323535,1.280745
/data/UFget/MM/FEMLAB/waveguide3D/waveguide3D.mtx,501,4.775679,4.447936
/data/UFget/MM/FEMLAB/poisson3Da/poisson3Da.mtx,127,4.572241,4.518450
/data/UFget/MM/FEMLAB/sme3Da/sme3Da.mtx,84,6.297772,5.378589
/data/UFget/MM/FEMLAB/ns3Da/ns3Da.mtx,118,6.303276,5.281501
/data/UFget/MM/FEMLAB/sme3Db/sme3Db.mtx,167,6.045442,5.277595
/data/UFget/MM/FEMLAB/poisson3Db/poisson3Db.mtx,630,4.318154,3.592199
/data/UFget/MM/FEMLAB/sme3Dc/sme3Dc.mtx,262,5.580026,4.932381
/data/UFget/MM/FIDAP/ex35/ex35.mtx,28,2.315966,2.255680
/data/UFget/MM/FIDAP/ex19/ex19.mtx,13,2.473675,2.361002
/data/UFget/MM/FIDAP/ex40/ex40.mtx,11,3.815440,3.526183
/data/UFget/MM/FIDAP/ex11/ex11.mtx,23,5.380896,4.698810
/data/UFget/MM/Fluorem/GT01R/GT01R.mtx,14,6.177281,5.351249
/data/UFget/MM/Fluorem/PR02R/PR02R.mtx,56,6.813259,6.561673
/data/UFget/MM/Fluorem/RM07R/RM07R.mtx,112,4.222043,4.069535
/data/UFget/MM/FreeFieldTechnologies/mono_500Hz/mono_500Hz.mtx,295,4.664448,4.013654
/data/UFget/MM/Freescale/transient/transient.mtx,11925,4.582623,4.117262
/data/UFget/MM/Freescale/memchip/memchip.mtx,9026,2.743128,2.564830
/data/UFget/MM/Freescale/Freescale2/Freescale2.mtx,8497,2.183447,2.258480
/data/UFget/MM/Freescale/circuit5M_dc/circuit5M_dc.mtx,12813,2.516085,2.339122
/data/UFget/MM/Freescale/Freescale1/Freescale1.mtx,12560,2.084199,2.682701
/data/UFget/MM/Freescale/FullChip/FullChip.mtx,9220,2.761552,2.400266
/data/UFget/MM/Freescale/circuit5M/circuit5M.mtx,308796,3.142806,3.202837
/data/UFget/MM/Garon/garon2/garon2.mtx,81,5.450464,4.927600
/data/UFget/MM/GHS_indef/bloweybl/bloweybl.mtx,15002,6.156930,4.444407
/data/UFget/MM/GHS_indef/cvxqp3/cvxqp3.mtx,761,4.380919,4.515717
/data/UFget/MM/GHS_indef/aug3dcqp/aug3dcqp.mtx,17772,6.371556,4.645070
/data/UFget/MM/GHS_indef/stokes64/stokes64.mtx,65,4.351965,3.733788
/data/UFget/MM/GHS_indef/stokes64s/stokes64s.mtx,65,4.470386,3.820621
/data/UFget/MM/GHS_indef/bloweya/bloweya.mtx,3,0.984657,0.897249
/data/UFget/MM/GHS_indef/bratu3d/bratu3d.mtx,13896,7.289120,6.866562
/data/UFget/MM/GHS_indef/brainpc2/brainpc2.mtx,13804,6.710947,5.824596
/data/UFget/MM/GHS_indef/mario001/mario001.mtx,1538,4.067442,3.758877
/data/UFget/MM/GHS_indef/spmsrtls/spmsrtls.mtx,1,0.544050,0.524171
/data/UFget/MM/GHS_indef/a5esindl/a5esindl.mtx,20003,5.570822,5.243127
/data/UFget/MM/GHS_indef/dixmaanl/dixmaanl.mtx,1,0.419545,0.396935
/data/UFget/MM/GHS_indef/a2nnsnsl/a2nnsnsl.mtx,26672,5.022799,4.971283
/data/UFget/MM/GHS_indef/ncvxbqp1/ncvxbqp1.mtx,2000,4.765873,4.546307
/data/UFget/MM/GHS_indef/a0nsdsil/a0nsdsil.mtx,26672,5.229618,4.941269
/data/UFget/MM/GHS_indef/c-55/c-55.mtx,16390,5.902198,4.451779
/data/UFget/MM/GHS_indef/ncvxqp5/ncvxqp5.mtx,2500,4.160733,4.169005
/data/UFget/MM/GHS_indef/helm3d01/helm3d01.mtx,1240,4.557052,4.303319
/data/UFget/MM/GHS_indef/c-63/c-63.mtx,22117,5.518713,4.596823
/data/UFget/MM/GHS_indef/cont-201/cont-201.mtx,40298,6.209212,6.430362
/data/UFget/MM/GHS_indef/c-59/c-59.mtx,20641,5.867730,4.666660
/data/UFget/MM/GHS_indef/ncvxqp3/ncvxqp3.mtx,3000,3.919675,4.026290
/data/UFget/MM/GHS_indef/c-58/c-58.mtx,18798,5.851718,5.729808
/data/UFget/MM/GHS_indef/stokes128/stokes128.mtx,129,5.117084,4.433074
/data/UFget/MM/GHS_indef/c-62ghs/c-62ghs.mtx,20866,5.835850,5.052279
/data/UFget/MM/GHS_indef/k1_san/k1_san.mtx,130,3.292163,3.118494
/data/UFget/MM/GHS_indef/c-68/c-68.mtx,32405,5.177757,4.609467
/data/UFget/MM/GHS_indef/ncvxqp7/ncvxqp7.mtx,3500,3.783316,3.999800
/data/UFget/MM/GHS_indef/c-69/c-69.mtx,33729,5.078913,4.552683
/data/UFget/MM/GHS_indef/blockqp1/blockqp1.mtx,20004,6.252778,5.180260
/data/UFget/MM/GHS_indef/c-70/c-70.mtx,34462,5.510967,4.550038
/data/UFget/MM/GHS_indef/c-72/c-72.mtx,42032,5.245345,4.598758
/data/UFget/MM/GHS_indef/olesnik0/olesnik0.mtx,105,3.037821,2.965373
/data/UFget/MM/GHS_indef/copter2/copter2.mtx,292,4.362440,4.018981
/data/UFget/MM/GHS_indef/c-71/c-71.mtx,38319,4.976773,4.608772
/data/UFget/MM/GHS_indef/cont-300/cont-300.mtx,90448,5.779274,6.497240
/data/UFget/MM/GHS_indef/dawson5/dawson5.mtx,34,3.625442,3.403872
/data/UFget/MM/GHS_indef/boyd1/boyd1.mtx,46640,6.392041,5.953849
/data/UFget/MM/GHS_indef/boyd2/boyd2.mtx,233158,4.411998,3.777231
/data/UFget/MM/GHS_indef/sparsine/sparsine.mtx,736,4.663868,4.155292
/data/UFget/MM/GHS_indef/d_pretok/d_pretok.mtx,316,3.741941,4.239389
/data/UFget/MM/GHS_indef/turon_m/turon_m.mtx,220,3.403431,3.566282
/data/UFget/MM/GHS_indef/darcy003/darcy003.mtx,12577,3.216032,3.021705
/data/UFget/MM/GHS_indef/mario002/mario002.mtx,12577,3.147645,3.056648
/data/UFget/MM/GHS_indef/exdata_1/exdata_1.mtx,4,2.865250,2.454139
/data/UFget/MM/GHS_indef/helm2d03/helm2d03.mtx,43585,5.105147,4.596417
/data/UFget/MM/GHS_indef/bmw3_2/bmw3_2.mtx,196,5.783927,4.479419
/data/UFget/MM/GHS_psdef/ford1/ford1.mtx,177,3.173532,2.866997
/data/UFget/MM/GHS_psdef/pds10/pds10.mtx,535,5.714430,4.875248
/data/UFget/MM/GHS_psdef/obstclae/obstclae.mtx,101,3.047707,2.966072
/data/UFget/MM/GHS_psdef/torsion1/torsion1.mtx,101,3.047707,3.047707
/data/UFget/MM/GHS_psdef/jnlbrng1/jnlbrng1.mtx,101,3.068127,2.916504
/data/UFget/MM/GHS_psdef/minsurfo/minsurfo.mtx,81,3.097297,3.015310
/data/UFget/MM/GHS_psdef/copter1/copter1.mtx,119,4.986984,4.740103
/data/UFget/MM/GHS_psdef/finance256/finance256.mtx,144,6.345717,5.994678
/data/UFget/MM/GHS_psdef/pwt/pwt.mtx,155,4.370585,4.213196
/data/UFget/MM/GHS_psdef/cvxbqp1/cvxbqp1.mtx,2000,4.806841,4.699124
/data/UFget/MM/GHS_psdef/wathen100/wathen100.mtx,38,3.856317,3.746528
/data/UFget/MM/GHS_psdef/gridgena/gridgena.mtx,51,2.862771,2.711057
/data/UFget/MM/GHS_psdef/apache1/apache1.mtx,391,4.608438,4.354974
/data/UFget/MM/GHS_psdef/ford2/ford2.mtx,357,3.204786,3.028936
/data/UFget/MM/GHS_psdef/wathen120/wathen120.mtx,40,3.885874,3.741953
/data/UFget/MM/GHS_psdef/copter2/copter2.mtx,292,4.362440,4.014264
/data/UFget/MM/GHS_psdef/opt1/opt1.mtx,5,4.748430,4.046877
/data/UFget/MM/GHS_psdef/oilpan/oilpan.mtx,25,6.861425,6.602504
/data/UFget/MM/GHS_psdef/vanbody/vanbody.mtx,20,4.694411,4.374057
/data/UFget/MM/GHS_psdef/ramage02/ramage02.mtx,11,6.082969,5.066167
/data/UFget/MM/GHS_psdef/srb1/srb1.mtx,34,6.516238,6.023100
/data/UFget/MM/GHS_psdef/s3dkt3m2/s3dkt3m2.mtx,61,7.239572,7.295261
/data/UFget/MM/GHS_psdef/s3dkq4m2/s3dkq4m2.mtx,38,7.212764,7.190106
/data/UFget/MM/GHS_psdef/apache2/apache2.mtx,1078,5.393278,4.962001
/data/UFget/MM/GHS_psdef/bmw7st_1/bmw7st_1.mtx,200,6.033003,5.099569
/data/UFget/MM/GHS_psdef/hood/hood.mtx,366,5.508679,4.353558
/data/UFget/MM/GHS_psdef/crankseg_1/crankseg_1.mtx,14,6.708757,5.125524
/data/UFget/MM/GHS_psdef/bmwcra_1/bmwcra_1.mtx,205,6.477986,6.170688
/data/UFget/MM/GHS_psdef/crankseg_2/crankseg_2.mtx,15,5.430661,4.287426
/data/UFget/MM/GHS_psdef/inline_1/inline_1.mtx,288,3.724195,3.079210
/data/UFget/MM/GHS_psdef/ldoor/ldoor.mtx,142,3.380643,2.862200
/data/UFget/MM/GHS_psdef/audikw_1/audikw_1.mtx,204,3.927814,3.144949
/data/UFget/MM/Gleich/usroads-48/usroads-48.mtx,78,1.829466,1.778311
/data/UFget/MM/Gleich/usroads/usroads.mtx,80,1.858102,1.807809
/data/UFget/MM/Gleich/flickr/flickr.mtx,347,2.517321,2.427462
/data/UFget/MM/Gleich/wikipedia-20051105/wikipedia-20051105.mtx,711,1.689521,2.873287
/data/UFget/MM/Gleich/wikipedia-20060925/wikipedia-20060925.mtx,1325,1.563093,2.607119
/data/UFget/MM/Gleich/wikipedia-20061104/wikipedia-20061104.mtx,1401,1.436889,2.548077
/data/UFget/MM/Gleich/wikipedia-20070206/wikipedia-20070206.mtx,1537,1.445162,2.532166
/data/UFget/MM/Gleich/wb-edu/wb-edu.mtx,1336,2.320484,2.298242
/data/UFget/MM/Goodwin/goodwin/goodwin.mtx,4,1.789330,1.507515
/data/UFget/MM/Goodwin/rim/rim.mtx,4,1.899793,1.636329
/data/UFget/MM/Graham/graham1/graham1.mtx,16,3.537176,2.687208
/data/UFget/MM/Grund/bayer01/bayer01.mtx,6415,5.106429,4.229170
/data/UFget/MM/Gupta/gupta1/gupta1.mtx,1224,7.129057,6.655160
/data/UFget/MM/Gupta/gupta2/gupta2.mtx,2141,7.482996,6.632032
/data/UFget/MM/Gupta/gupta3/gupta3.mtx,54,5.859360,7.390243
/data/UFget/MM/Hamm/bcircuit/bcircuit.mtx,193,2.648012,2.469140
/data/UFget/MM/Hamm/hcircuit/hcircuit.mtx,4595,4.553366,4.693343
/data/UFget/MM/Hamm/scircuit/scircuit.mtx,147,2.325632,2.283063
/data/UFget/MM/Hamrle/Hamrle3/Hamrle3.mtx,41354,4.192288,3.775797
/data/UFget/MM/HB/bcsstk15/bcsstk15.mtx,11,2.386520,2.210888
/data/UFget/MM/HB/bcsstk18/bcsstk18.mtx,39,2.691005,2.474148
/data/UFget/MM/HB/bcsstk24/bcsstk24.mtx,5,3.809174,3.265006
/data/UFget/MM/HB/lock3491/lock3491.mtx,3,2.519809,2.413712
/data/UFget/MM/HB/bcsstk28/bcsstk28.mtx,5,3.660743,3.483829
/data/UFget/MM/HB/man_5976/man_5976.mtx,2,1.550993,1.502900
/data/UFget/MM/HB/bcsstk25/bcsstk25.mtx,18,2.041330,1.909407
/data/UFget/MM/HB/cegb2802/cegb2802.mtx,3,3.892536,3.339619
/data/UFget/MM/HB/bcsstk16/bcsstk16.mtx,8,4.212308,3.994899
/data/UFget/MM/HB/cegb2919/cegb2919.mtx,5,5.316968,3.956814
/data/UFget/MM/HB/bcsstk17/bcsstk17.mtx,9,3.012936,2.819444
/data/UFget/MM/HB/psmigr_2/psmigr_2.mtx,2,1.791522,1.352631
/data/UFget/MM/HB/psmigr_1/psmigr_1.mtx,2,1.745131,1.351833
/data/UFget/MM/HB/psmigr_3/psmigr_3.mtx,2,1.702345,1.294552
/data/UFget/MM/HB/bcsstk33/bcsstk33.mtx,9,4.083104,3.619648
/data/UFget/MM/HB/bcsstk29/bcsstk29.mtx,13,4.062703,3.561673
/data/UFget/MM/HB/bcsstk31/bcsstk31.mtx,18,3.496222,3.202312
/data/UFget/MM/HB/bcsstk32/bcsstk32.mtx,16,4.070392,3.798317
/data/UFget/MM/HB/bcsstk30/bcsstk30.mtx,6,3.458951,3.187511
/data/UFget/MM/Hohn/sinc12/sinc12.mtx,500,9.092137,6.736661
/data/UFget/MM/Hohn/sinc15/sinc15.mtx,550,8.556236,6.218818
/data/UFget/MM/Hohn/sinc18/sinc18.mtx,658,7.733206,5.324502
/data/UFget/MM/Hollinger/mark3jac040/mark3jac040.mtx,8,0.655386,0.649225
/data/UFget/MM/Hollinger/mark3jac040sc/mark3jac040sc.mtx,8,0.642431,0.627117
/data/UFget/MM/Hollinger/g7jac040/g7jac040.mtx,90,2.748247,3.157212
/data/UFget/MM/Hollinger/g7jac040sc/g7jac040sc.mtx,90,2.748247,3.234218
/data/UFget/MM/Hollinger/jan99jac060/jan99jac060.mtx,12,0.802981,0.959600
/data/UFget/MM/Hollinger/jan99jac060sc/jan99jac060sc.mtx,12,0.793728,0.946414
/data/UFget/MM/Hollinger/g7jac050sc/g7jac050sc.mtx,92,3.083260,3.263811
/data/UFget/MM/Hollinger/jan99jac080/jan99jac080.mtx,12,0.796662,0.961868
/data/UFget/MM/Hollinger/jan99jac080sc/jan99jac080sc.mtx,12,0.786159,0.966321
/data/UFget/MM/Hollinger/mark3jac060/mark3jac060.mtx,8,0.638798,0.645245
/data/UFget/MM/Hollinger/mark3jac060sc/mark3jac060sc.mtx,8,0.651824,0.641262
/data/UFget/MM/Hollinger/g7jac060/g7jac060.mtx,93,3.069981,3.299410
/data/UFget/MM/Hollinger/g7jac060sc/g7jac060sc.mtx,93,3.029850,3.347055
/data/UFget/MM/Hollinger/jan99jac100/jan99jac100.mtx,12,0.781758,0.962329
/data/UFget/MM/Hollinger/jan99jac100sc/jan99jac100sc.mtx,12,0.802064,0.973935
/data/UFget/MM/Hollinger/mark3jac080/mark3jac080.mtx,8,0.638838,0.639206
/data/UFget/MM/Hollinger/mark3jac080sc/mark3jac080sc.mtx,8,0.626928,0.640682
/data/UFget/MM/Hollinger/jan99jac120/jan99jac120.mtx,12,0.842145,1.005486
/data/UFget/MM/Hollinger/jan99jac120sc/jan99jac120sc.mtx,12,0.802093,0.985126
/data/UFget/MM/Hollinger/g7jac080/g7jac080.mtx,95,3.172152,3.524613
/data/UFget/MM/Hollinger/g7jac080sc/g7jac080sc.mtx,95,3.210371,3.533963
/data/UFget/MM/Hollinger/mark3jac100/mark3jac100.mtx,8,0.627031,0.633036
/data/UFget/MM/Hollinger/mark3jac100sc/mark3jac100sc.mtx,8,0.633036,0.632747
/data/UFget/MM/Hollinger/mark3jac120/mark3jac120.mtx,8,0.635711,0.640843
/data/UFget/MM/Hollinger/mark3jac120sc/mark3jac120sc.mtx,8,0.647314,0.643068
/data/UFget/MM/Hollinger/g7jac100/g7jac100.mtx,96,3.188025,3.315789
/data/UFget/MM/Hollinger/g7jac100sc/g7jac100sc.mtx,96,3.211596,3.235519
/data/UFget/MM/Hollinger/mark3jac140/mark3jac140.mtx,8,0.642264,0.641629
/data/UFget/MM/Hollinger/mark3jac140sc/mark3jac140sc.mtx,8,0.666468,0.675024
/data/UFget/MM/Hollinger/g7jac120/g7jac120.mtx,96,3.296374,3.501051
/data/UFget/MM/Hollinger/g7jac120sc/g7jac120sc.mtx,96,3.212359,3.406428
/data/UFget/MM/Hollinger/g7jac140/g7jac140.mtx,97,3.317465,3.356803
/data/UFget/MM/Hollinger/g7jac140sc/g7jac140sc.mtx,97,3.339205,3.429089
/data/UFget/MM/Hollinger/g7jac160/g7jac160.mtx,97,3.230835,3.351854
/data/UFget/MM/Hollinger/g7jac160sc/g7jac160sc.mtx,97,3.259363,3.382569
/data/UFget/MM/Hollinger/g7jac180/g7jac180.mtx,97,3.308525,3.308525
/data/UFget/MM/Hollinger/g7jac180sc/g7jac180sc.mtx,97,3.308525,3.465586
/data/UFget/MM/Hollinger/g7jac200/g7jac200.mtx,98,3.298267,3.252656
/data/UFget/MM/Hollinger/g7jac200sc/g7jac200sc.mtx,98,3.249847,3.399569
/data/UFget/MM/HVDC/hvdc1/hvdc1.mtx,691,4.506975,4.016579
/data/UFget/MM/HVDC/hvdc2/hvdc2.mtx,1195,4.295593,3.821983
/data/UFget/MM/IBM_EDA/ckt11752_tr_0/ckt11752_tr_0.mtx,1184,3.786052,4.292208
/data/UFget/MM/IBM_EDA/ckt11752_dc_1/ckt11752_dc_1.mtx,1184,3.905805,4.350368
/data/UFget/MM/IBM_EDA/trans4/trans4.mtx,7789,4.556624,3.741955
/data/UFget/MM/IBM_EDA/trans5/trans5.mtx,7789,4.463295,3.741955
/data/UFget/MM/IBM_EDA/dc1/dc1.mtx,7789,4.528772,3.708243
/data/UFget/MM/IBM_EDA/dc2/dc2.mtx,7789,4.463295,3.635461
/data/UFget/MM/IBM_EDA/dc3/dc3.mtx,7789,4.506734,3.787868
/data/UFget/MM/INPRO/msdoor/msdoor.mtx,60,3.752312,3.299223
/data/UFget/MM/IPSO/OPF_3754/OPF_3754.mtx,644,6.391089,5.604494
/data/UFget/MM/IPSO/OPF_6000/OPF_6000.mtx,1108,6.033987,5.531155
/data/UFget/MM/IPSO/OPF_10000/OPF_10000.mtx,1330,5.878897,5.432399
/data/UFget/MM/IPSO/HTC_336_9129/HTC_336_9129.mtx,37724,4.382937,4.282134
/data/UFget/MM/IPSO/HTC_336_4438/HTC_336_4438.mtx,37724,4.854840,4.367568
/data/UFget/MM/IPSO/TSC_OPF_300/TSC_OPF_300.mtx,178,8.216266,5.318621
/data/UFget/MM/IPSO/TSC_OPF_1047/TSC_OPF_1047.mtx,51,7.763841,5.704259
/data/UFget/MM/Janna/CoupCons3D/CoupCons3D.mtx,179,4.178526,4.101615
/data/UFget/MM/Janna/StocF-1465/StocF-1465.mtx,488,3.449031,3.553184
/data/UFget/MM/Janna/Transport/Transport.mtx,2806,3.565733,3.963148
/data/UFget/MM/Janna/Fault_639/Fault_639.mtx,144,3.811429,3.902593
/data/UFget/MM/Janna/ML_Laplace/ML_Laplace.mtx,45,4.208545,4.199088
/data/UFget/MM/Janna/PFlow_742/PFlow_742.mtx,119,3.984090,4.014997
/data/UFget/MM/Janna/Emilia_923/Emilia_923.mtx,177,3.901416,4.003921
/data/UFget/MM/Janna/Hook_1498/Hook_1498.mtx,96,3.671301,3.795865
/data/UFget/MM/Janna/Geo_1438/Geo_1438.mtx,247,3.815641,3.944696
/data/UFget/MM/Janna/Serena/Serena.mtx,299,3.744347,3.473460
/data/UFget/MM/Janna/Long_Coup_dt0/Long_Coup_dt0.mtx,201,3.922861,4.058078
/data/UFget/MM/Janna/Long_Coup_dt6/Long_Coup_dt6.mtx,201,3.905907,4.043060
/data/UFget/MM/Janna/ML_Geer/ML_Geer.mtx,89,4.035171,4.157751
/data/UFget/MM/Janna/Flan_1565/Flan_1565.mtx,201,4.034572,4.121071
/data/UFget/MM/Janna/Cube_Coup_dt0/Cube_Coup_dt0.mtx,100,3.910387,4.102063
/data/UFget/MM/Janna/Cube_Coup_dt6/Cube_Coup_dt6.mtx,100,3.871853,4.091547
/data/UFget/MM/Janna/Bump_2911/Bump_2911.mtx,284,3.798056,4.100098
/data/UFget/MM/JGD_CAG/CAG_mat1916/CAG_mat1916.mtx,4,2.507712,2.305702
/data/UFget/MM/JGD_Homology/m133-b3/m133-b3.mtx,22245,4.622200,4.584348
/data/UFget/MM/JGD_Homology/shar_te2-b3/shar_te2-b3.mtx,22245,4.400166,4.446769
/data/UFget/MM/JGD_Homology/ch7-8-b5/ch7-8-b5.mtx,10856,4.706951,4.535626
/data/UFget/MM/JGD_SPG/EX5/EX5.mtx,156,7.945247,6.888698
/data/UFget/MM/JGD_SPG/EX6/EX6.mtx,153,7.708781,6.852250
/data/UFget/MM/JGD_Trefethen/Trefethen_20000b/Trefethen_20000b.mtx,1,1.117510,1.108767
/data/UFget/MM/JGD_Trefethen/Trefethen_20000/Trefethen_20000.mtx,1,1.115502,1.117572
/data/UFget/MM/Kamvar/Stanford/Stanford.mtx,1454,2.275384,2.974380
/data/UFget/MM/Kamvar/Stanford_Berkeley/Stanford_Berkeley.mtx,89,2.679908,2.586835
/data/UFget/MM/Kim/kim1/kim1.mtx,50,5.251582,4.811367
/data/UFget/MM/Kim/kim2/kim2.mtx,170,5.783604,5.441744
/data/UFget/MM/Koutsovasilis/F2/F2.mtx,64,5.641954,4.535622
/data/UFget/MM/Koutsovasilis/F1/F1.mtx,246,3.276382,2.847348
/data/UFget/MM/LAW/enron/enron.mtx,53,1.672442,1.502732
/data/UFget/MM/LAW/dblp-2010/dblp-2010.mtx,209,2.858950,2.516995
/data/UFget/MM/LAW/cnr-2000/cnr-2000.mtx,150,3.648730,3.329916
/data/UFget/MM/LAW/amazon-2008/amazon-2008.mtx,352,2.796920,2.491191
/data/UFget/MM/LAW/in-2004/in-2004.mtx,378,3.168948,2.976509
/data/UFget/MM/LAW/eu-2005/eu-2005.mtx,44,2.823116,2.329933
/data/UFget/MM/LAW/hollywood-2009/hollywood-2009.mtx,14,2.072073,1.966448
/data/UFget/MM/LAW/indochina-2004/indochina-2004.mtx,454,2.105721,1.989924
/data/UFget/MM/Lee/fem_filter/fem_filter.mtx,90,3.490937,3.172117
/data/UFget/MM/Lee/fem_hifreq_circuit/fem_hifreq_circuit.mtx,1059,3.436732,2.763718
/data/UFget/MM/LeGresley/LeGresley_87936/LeGresley_87936.mtx,1543,3.625899,3.143774
/data/UFget/MM/Li/li/li.mtx,18,4.867960,4.075581
/data/UFget/MM/Li/pli/pli.mtx,18,4.851555,4.160980
/data/UFget/MM/Lin/Lin/Lin.mtx,1293,5.493886,5.338301
/data/UFget/MM/Lourakis/bundle1/bundle1.mtx,1059,8.580558,7.517828
/data/UFget/MM/Mallya/lhr07/lhr07.mtx,36,4.628672,6.349063
/data/UFget/MM/Mallya/lhr07c/lhr07c.mtx,36,4.512227,6.349063
/data/UFget/MM/Mallya/lhr10/lhr10.mtx,50,4.883824,8.798957
/data/UFget/MM/Mallya/lhr11/lhr11.mtx,78,5.203584,9.486179
/data/UFget/MM/Mallya/lhr10c/lhr10c.mtx,50,4.795828,9.022659
/data/UFget/MM/Mallya/lhr11c/lhr11c.mtx,78,5.203584,9.161866
/data/UFget/MM/Mallya/lhr14/lhr14.mtx,81,4.594033,11.655936
/data/UFget/MM/Mallya/lhr14c/lhr14c.mtx,81,4.797171,11.952274
/data/UFget/MM/Mallya/lhr17/lhr17.mtx,180,5.160305,14.457385
/data/UFget/MM/Mallya/lhr17c/lhr17c.mtx,180,5.221921,14.951654
/data/UFget/MM/Mallya/lhr34/lhr34.mtx,359,3.989687,18.129303
/data/UFget/MM/Mallya/lhr34c/lhr34c.mtx,359,3.879108,17.761195
/data/UFget/MM/Mallya/lhr71/lhr71.mtx,718,4.059269,21.937867
/data/UFget/MM/Mallya/lhr71c/lhr71c.mtx,718,3.971725,21.142536
/data/UFget/MM/Mancktelow/viscorocks/viscorocks.mtx,16,4.613373,4.365299
/data/UFget/MM/MathWorks/Muu/Muu.mtx,35,4.532815,4.223759
/data/UFget/MM/MathWorks/Kuu/Kuu.mtx,18,5.690196,5.111194
/data/UFget/MM/MaxPlanck/shallow_water1/shallow_water1.mtx,81,2.353407,2.248674
/data/UFget/MM/MaxPlanck/shallow_water2/shallow_water2.mtx,81,2.275479,2.191310
/data/UFget/MM/Mazaheri/bundle_adj/bundle_adj.mtx,57039,4.276737,4.191351
/data/UFget/MM/McRae/ecology2/ecology2.mtx,501,4.907123,4.766680
/data/UFget/MM/McRae/ecology1/ecology1.mtx,501,4.882362,4.736167
/data/UFget/MM/Meng/iChem_Jacobian/iChem_Jacobian.mtx,795,6.050683,5.563135
/data/UFget/MM/MKS/fp/fp.mtx,30,4.651222,7.789032
/data/UFget/MM/Mulvey/finan512/finan512.mtx,145,5.336171,5.376906
/data/UFget/MM/Mulvey/pfinan512/pfinan512.mtx,145,5.460269,5.366664
/data/UFget/MM/Nasa/shuttle_eddy/shuttle_eddy.mtx,2,0.721370,0.807885
/data/UFget/MM/Nasa/nasa4704/nasa4704.mtx,15,2.429146,2.391190
/data/UFget/MM/Nasa/nasa2910/nasa2910.mtx,7,2.763033,2.571819
/data/UFget/MM/Nasa/skirt/skirt.mtx,29,2.715494,2.587329
/data/UFget/MM/Nasa/pwt/pwt.mtx,155,4.473423,4.260402
/data/UFget/MM/Nasa/nasasrb/nasasrb.mtx,16,4.538476,4.152048
/data/UFget/MM/ND/nd3k/nd3k.mtx,3,4.710986,2.997993
/data/UFget/MM/ND/nd6k/nd6k.mtx,4,5.454106,3.791495
/data/UFget/MM/ND/nd12k/nd12k.mtx,5,5.575568,3.907087
/data/UFget/MM/ND/nd24k/nd24k.mtx,7,4.191630,3.524963
/data/UFget/MM/Nemeth/nemeth02/nemeth02.mtx,2,1.414358,1.361008
/data/UFget/MM/Nemeth/nemeth03/nemeth03.mtx,2,1.423859,1.423859
/data/UFget/MM/Nemeth/nemeth04/nemeth04.mtx,2,1.423859,1.370910
/data/UFget/MM/Nemeth/nemeth05/nemeth05.mtx,2,1.417906,1.361008
/data/UFget/MM/Nemeth/nemeth06/nemeth06.mtx,2,1.422664,1.370910
/data/UFget/MM/Nemeth/nemeth07/nemeth07.mtx,2,1.423873,1.366505
/data/UFget/MM/Nemeth/nemeth08/nemeth08.mtx,2,1.384367,1.342715
/data/UFget/MM/Nemeth/nemeth09/nemeth09.mtx,2,1.392413,1.332348
/data/UFget/MM/Nemeth/nemeth10/nemeth10.mtx,2,1.416324,1.351895
/data/UFget/MM/Nemeth/nemeth11/nemeth11.mtx,2,1.210957,1.141534
/data/UFget/MM/Nemeth/nemeth12/nemeth12.mtx,1,1.476822,1.408360
/data/UFget/MM/Nemeth/nemeth13/nemeth13.mtx,1,1.489326,1.453079
/data/UFget/MM/Nemeth/nemeth14/nemeth14.mtx,1,1.532406,1.448668
/data/UFget/MM/Nemeth/nemeth15/nemeth15.mtx,1,1.587846,1.508818
/data/UFget/MM/Nemeth/nemeth16/nemeth16.mtx,1,1.642796,1.553059
/data/UFget/MM/Nemeth/nemeth17/nemeth17.mtx,1,1.691286,1.593751
/data/UFget/MM/Nemeth/nemeth18/nemeth18.mtx,1,1.788200,1.624117
/data/UFget/MM/Nemeth/nemeth01/nemeth01.mtx,1,1.836095,1.650224
/data/UFget/MM/Nemeth/nemeth19/nemeth19.mtx,1,1.911937,1.724828
/data/UFget/MM/Nemeth/nemeth20/nemeth20.mtx,1,2.061186,1.707254
/data/UFget/MM/Nemeth/nemeth21/nemeth21.mtx,1,2.220545,1.717273
/data/UFget/MM/Nemeth/nemeth22/nemeth22.mtx,1,2.207394,1.670808
/data/UFget/MM/Nemeth/nemeth24/nemeth24.mtx,1,2.328378,1.646078
/data/UFget/MM/Nemeth/nemeth23/nemeth23.mtx,1,2.315213,1.635774
/data/UFget/MM/Nemeth/nemeth25/nemeth25.mtx,1,2.315183,1.653445
/data/UFget/MM/Nemeth/nemeth26/nemeth26.mtx,1,2.311830,1.664228
/data/UFget/MM/Newman/cond-mat-2003/cond-mat-2003.mtx,185,2.604292,2.970235
/data/UFget/MM/Newman/astro-ph/astro-ph.mtx,56,2.703895,2.878774
/data/UFget/MM/Newman/cond-mat-2005/cond-mat-2005.mtx,178,2.571483,3.021493
/data/UFget/MM/Norris/lung2/lung2.mtx,115,3.989055,4.429950
/data/UFget/MM/Norris/heart2/heart2.mtx,3,4.334342,2.646104
/data/UFget/MM/Norris/heart3/heart3.mtx,3,4.152700,2.498842
/data/UFget/MM/Norris/torso2/torso2.mtx,226,4.582795,5.001142
/data/UFget/MM/Norris/heart1/heart1.mtx,3,4.268955,2.726944
/data/UFget/MM/Norris/stomach/stomach.mtx,126,4.574716,4.360092
/data/UFget/MM/Norris/torso3/torso3.mtx,936,6.611879,6.556761
/data/UFget/MM/Norris/torso1/torso1.mtx,45,2.872738,3.344540
/data/UFget/MM/Oberwolfach/piston/piston.mtx,2,1.573481,1.523085
/data/UFget/MM/Oberwolfach/rail_20209/rail_20209.mtx,2887,6.621269,6.369031
/data/UFget/MM/Oberwolfach/t2dah_a/t2dah_a.mtx,13,1.952089,1.877547
/data/UFget/MM/Oberwolfach/t2dah_e/t2dah_e.mtx,13,1.932904,1.855406
/data/UFget/MM/Oberwolfach/t2dah/t2dah.mtx,13,2.017159,1.932904
/data/UFget/MM/Oberwolfach/chipcool0/chipcool0.mtx,38,2.734759,2.594371
/data/UFget/MM/Oberwolfach/chipcool1/chipcool1.mtx,38,2.845627,2.688210
/data/UFget/MM/Oberwolfach/inlet/inlet.mtx,8,2.061100,2.253209
/data/UFget/MM/Oberwolfach/gyro_m/gyro_m.mtx,19,2.468238,2.294631
/data/UFget/MM/Oberwolfach/t3dl_a/t3dl_a.mtx,33,4.211987,3.929203
/data/UFget/MM/Oberwolfach/t3dl/t3dl.mtx,33,4.244139,3.985536
/data/UFget/MM/Oberwolfach/rail_79841/rail_79841.mtx,11406,5.867970,5.867970
/data/UFget/MM/Oberwolfach/gyro_k/gyro_k.mtx,7,3.710280,2.917528
/data/UFget/MM/Oberwolfach/gyro/gyro.mtx,7,3.722965,2.967213
/data/UFget/MM/Oberwolfach/windscreen/windscreen.mtx,57,6.548518,6.069973
/data/UFget/MM/Oberwolfach/gas_sensor/gas_sensor.mtx,83,5.345645,4.784214
/data/UFget/MM/Oberwolfach/filter3D/filter3D.mtx,44,4.031828,3.712224
/data/UFget/MM/Oberwolfach/t3dh_a/t3dh_a.mtx,46,5.711776,5.200369
/data/UFget/MM/Oberwolfach/t3dh_e/t3dh_e.mtx,46,5.876105,5.287658
/data/UFget/MM/Oberwolfach/t3dh/t3dh.mtx,46,5.997457,5.365508
/data/UFget/MM/Oberwolfach/boneS01/boneS01.mtx,157,7.112517,6.661793
/data/UFget/MM/Oberwolfach/boneS10/boneS10.mtx,387,4.064219,3.969531
/data/UFget/MM/Oberwolfach/bone010/bone010.mtx,471,4.063160,4.094773
/data/UFget/MM/Okunbor/aft01/aft01.mtx,17,2.299510,2.226510
/data/UFget/MM/Okunbor/aft02/aft02.mtx,16,2.299189,2.227339
/data/UFget/MM/Pajek/foldoc/foldoc.mtx,2,0.379528,0.396114
/data/UFget/MM/Pajek/Wordnet3/Wordnet3.mtx,591,2.362442,2.729473
/data/UFget/MM/Pajek/dictionary28/dictionary28.mtx,1254,3.178026,2.809886
/data/UFget/MM/Pajek/internet/internet.mtx,1979,2.708801,2.439339
/data/UFget/MM/Pajek/Reuters911/Reuters911.mtx,59,3.133495,3.261855
/data/UFget/MM/Pajek/EAT_SR/EAT_SR.mtx,64,3.409244,3.043017
/data/UFget/MM/Pajek/EAT_RS/EAT_RS.mtx,64,2.477013,2.672455
/data/UFget/MM/Pajek/HEP-th/HEP-th.mtx,90,2.510750,3.935288
/data/UFget/MM/Pajek/HEP-th-new/HEP-th-new.mtx,90,2.537138,3.883374
/data/UFget/MM/Pajek/patents_main/patents_main.mtx,8591,1.881453,8.553064
/data/UFget/MM/Pajek/patents/patents.mtx,134814,0.856225,9.236944
/data/UFget/MM/PARSEC/SiH4/SiH4.mtx,2,0.993517,0.988225
/data/UFget/MM/PARSEC/SiNa/SiNa.mtx,2,0.997513,0.969334
/data/UFget/MM/PARSEC/benzene/benzene.mtx,2,1.031667,0.961005
/data/UFget/MM/PARSEC/Na5/Na5.mtx,2,1.216356,1.077860
/data/UFget/MM/PARSEC/Si5H12/Si5H12.mtx,2,1.239328,1.089878
/data/UFget/MM/PARSEC/Si10H16/Si10H16.mtx,2,1.294234,1.124779
/data/UFget/MM/PARSEC/SiO/SiO.mtx,2,1.244070,1.143872
/data/UFget/MM/PARSEC/H2O/H2O.mtx,2,1.142508,1.120064
/data/UFget/MM/PARSEC/GaAsH6/GaAsH6.mtx,2,1.409492,1.329435
/data/UFget/MM/PARSEC/Si34H36/Si34H36.mtx,2,1.416511,1.232199
/data/UFget/MM/PARSEC/Ga3As3H12/Ga3As3H12.mtx,2,1.810986,1.564028
/data/UFget/MM/PARSEC/Ga10As10H30/Ga10As10H30.mtx,2,1.449222,1.268579
/data/UFget/MM/PARSEC/CO/CO.mtx,2,1.179114,1.198117
/data/UFget/MM/PARSEC/Ge87H76/Ge87H76.mtx,2,1.585801,1.271680
/data/UFget/MM/PARSEC/Ge99H100/Ge99H100.mtx,2,1.740051,1.290010
/data/UFget/MM/PARSEC/Ga19As19H42/Ga19As19H42.mtx,2,1.582928,1.319567
/data/UFget/MM/PARSEC/Si87H76/Si87H76.mtx,2,1.310022,1.192902
/data/UFget/MM/PARSEC/SiO2/SiO2.mtx,2,1.719147,1.541015
/data/UFget/MM/PARSEC/Si41Ge41H72/Si41Ge41H72.mtx,2,1.585465,1.138852
/data/UFget/MM/PARSEC/Ga41As41H72/Ga41As41H72.mtx,2,1.509098,1.116658
/data/UFget/MM/POLYFLOW/invextr1_new/invextr1_new.mtx,96,5.684722,5.347055
/data/UFget/MM/POLYFLOW/mixtank_new/mixtank_new.mtx,52,5.444524,4.952453
/data/UFget/MM/Pothen/shuttle_eddy/shuttle_eddy.mtx,2,0.735797,0.791835
/data/UFget/MM/Pothen/barth5/barth5.mtx,15,1.041950,0.991856
/data/UFget/MM/Pothen/bodyy4/bodyy4.mtx,26,1.963216,1.911890
/data/UFget/MM/Pothen/bodyy5/bodyy5.mtx,28,2.026836,1.968926
/data/UFget/MM/Pothen/bodyy6/bodyy6.mtx,36,2.260143,2.198643
/data/UFget/MM/Pothen/skirt/skirt.mtx,29,2.749544,2.641881
/data/UFget/MM/Pothen/tandem_vtx/tandem_vtx.mtx,8,1.086777,1.026128
/data/UFget/MM/Pothen/pwt/pwt.mtx,155,4.421406,4.167024
/data/UFget/MM/Pothen/onera_dual/onera_dual.mtx,495,3.059466,2.986108
/data/UFget/MM/Pothen/tandem_dual/tandem_dual.mtx,269,3.134773,2.861011
/data/UFget/MM/Puri/ABACUS_shell_ud/ABACUS_shell_ud.mtx,16,1.560901,1.503089
/data/UFget/MM/Puri/ABACUS_shell_ld/ABACUS_shell_ld.mtx,16,1.503089,1.449408
/data/UFget/MM/Puri/ABACUS_shell_md/ABACUS_shell_md.mtx,16,1.551354,1.503089
/data/UFget/MM/Puri/ABACUS_shell_hd/ABACUS_shell_hd.mtx,16,1.500866,1.439128
/data/UFget/MM/QCD/conf5_0-4x4-10/conf5_0-4x4-10.mtx,237,8.385412,8.385412
/data/UFget/MM/QCD/conf5_0-4x4-14/conf5_0-4x4-14.mtx,237,8.385412,7.884791
/data/UFget/MM/QCD/conf5_0-4x4-18/conf5_0-4x4-18.mtx,237,8.385412,8.385412
/data/UFget/MM/QCD/conf5_0-4x4-22/conf5_0-4x4-22.mtx,237,8.385412,8.385412
/data/UFget/MM/QCD/conf5_0-4x4-26/conf5_0-4x4-26.mtx,237,8.385412,7.884791
/data/UFget/MM/QCD/conf6_0-4x4-20/conf6_0-4x4-20.mtx,237,8.385412,8.385412
/data/UFget/MM/QCD/conf6_0-4x4-30/conf6_0-4x4-30.mtx,237,8.385412,8.385412
/data/UFget/MM/QCD/conf5_4-8x8-05/conf5_4-8x8-05.mtx,1695,7.120889,7.120889
/data/UFget/MM/QCD/conf5_4-8x8-10/conf5_4-8x8-10.mtx,1695,7.193613,7.274093
/data/UFget/MM/QCD/conf5_4-8x8-15/conf5_4-8x8-15.mtx,1695,7.151012,7.356393
/data/UFget/MM/QCD/conf5_4-8x8-20/conf5_4-8x8-20.mtx,1695,7.224355,7.169207
/data/UFget/MM/QCD/conf6_0-8x8-20/conf6_0-8x8-20.mtx,1695,7.274093,7.460279
/data/UFget/MM/QCD/conf6_0-8x8-30/conf6_0-8x8-30.mtx,1695,7.120889,7.330872
/data/UFget/MM/QCD/conf6_0-8x8-80/conf6_0-8x8-80.mtx,1695,7.151012,7.249139
/data/UFget/MM/QLi/crashbasis/crashbasis.mtx,267,3.828412,6.364468
/data/UFget/MM/QLi/majorbasis/majorbasis.mtx,267,3.550228,6.519825
/data/UFget/MM/QLi/largebasis/largebasis.mtx,220010,6.097971,6.186413
/data/UFget/MM/Quaglino/viscoplastic2/viscoplastic2.mtx,16385,7.518771,8.472371
/data/UFget/MM/QY/case9/case9.mtx,1314,6.987146,4.812339
/data/UFget/MM/QY/case39/case39.mtx,1183,5.913884,4.199869
/data/UFget/MM/Rajat/rajat09/rajat09.mtx,135,2.828352,2.828352
/data/UFget/MM/Rajat/rajat10/rajat10.mtx,150,3.034371,2.967535
/data/UFget/MM/Rajat/rajat22/rajat22.mtx,1735,3.806776,3.925737
/data/UFget/MM/Rajat/rajat26/rajat26.mtx,2219,3.981275,4.083688
/data/UFget/MM/Rajat/rajat15/rajat15.mtx,29,2.062182,1.954277
/data/UFget/MM/Rajat/rajat16/rajat16.mtx,655,3.513475,3.194398
/data/UFget/MM/Rajat/rajat18/rajat18.mtx,689,2.940955,3.097706
/data/UFget/MM/Rajat/rajat17/rajat17.mtx,655,3.416524,3.207639
/data/UFget/MM/Rajat/rajat23/rajat23.mtx,3806,3.902366,4.382564
/data/UFget/MM/Rajat/rajat20/rajat20.mtx,635,3.421724,3.182390
/data/UFget/MM/Rajat/rajat25/rajat25.mtx,637,3.499667,3.138799
/data/UFget/MM/Rajat/rajat28/rajat28.mtx,637,3.413811,3.138799
/data/UFget/MM/Rajat/Raj1/Raj1.mtx,1239,3.633571,3.837323
/data/UFget/MM/Rajat/rajat21/rajat21.mtx,11127,3.368857,3.698405
/data/UFget/MM/Rajat/rajat24/rajat24.mtx,12351,4.182879,3.920390
/data/UFget/MM/Rajat/rajat29/rajat29.mtx,5750,4.321842,2.928422
/data/UFget/MM/Rajat/rajat30/rajat30.mtx,5750,4.725772,2.852595
/data/UFget/MM/Rajat/rajat31/rajat31.mtx,1875,2.297026,2.779255
/data/UFget/MM/Raju/laminar_duct3D/laminar_duct3D.mtx,162,6.263059,6.439898
/data/UFget/MM/Rommes/juba40k/juba40k.mtx,1009,3.729935,3.729935
/data/UFget/MM/Rommes/bauru5727/bauru5727.mtx,1010,3.595019,3.731972
/data/UFget/MM/Ronis/xenon1/xenon1.mtx,191,5.463792,5.188953
/data/UFget/MM/Ronis/xenon2/xenon2.mtx,476,5.945233,5.220698
/data/UFget/MM/Rost/RFdevice/RFdevice.mtx,1577,4.546307,3.983271
/data/UFget/MM/Rothberg/struct4/struct4.mtx,19,4.930303,4.179598
/data/UFget/MM/Rothberg/struct3/struct3.mtx,55,4.616608,4.261191
/data/UFget/MM/Rothberg/cfd1/cfd1.mtx,17,2.948933,2.847718
/data/UFget/MM/Rothberg/cfd2/cfd2.mtx,29,3.742520,3.628590
/data/UFget/MM/Rothberg/3dtube/3dtube.mtx,4,3.695328,3.433564
/data/UFget/MM/Rothberg/gearbox/gearbox.mtx,34,6.197925,5.717572
/data/UFget/MM/Rudnyi/water_tank/water_tank.mtx,47,5.126149,4.754648
/data/UFget/MM/Sandia/mult_dcop_03/mult_dcop_03.mtx,187,2.806105,3.079182
/data/UFget/MM/Sandia/mult_dcop_01/mult_dcop_01.mtx,187,2.877266,3.080027
/data/UFget/MM/Sandia/mult_dcop_02/mult_dcop_02.mtx,187,2.841634,3.080027
/data/UFget/MM/Sandia/ASIC_100ks/ASIC_100ks.mtx,3815,4.109933,3.853758
/data/UFget/MM/Sandia/ASIC_100k/ASIC_100k.mtx,1553,3.886567,3.174588
/data/UFget/MM/Sandia/ASIC_320ks/ASIC_320ks.mtx,9191,4.415066,4.062895
/data/UFget/MM/Sandia/ASIC_680ks/ASIC_680ks.mtx,13933,3.302686,3.826954
/data/UFget/MM/Sandia/ASIC_320k/ASIC_320k.mtx,3743,3.996020,3.388049
/data/UFget/MM/Sandia/ASIC_680k/ASIC_680k.mtx,11382,3.950339,3.508510
/data/UFget/MM/Sanghavi/ecl32/ecl32.mtx,537,3.934166,3.794248
/data/UFget/MM/Schenk/nlpkkt80/nlpkkt80.mtx,531200,3.903948,4.164931
/data/UFget/MM/Schenk/nlpkkt120/nlpkkt120.mtx,1771200,3.638598,3.933546
/data/UFget/MM/Schenk_AFE/af_0_k101/af_0_k101.mtx,75,4.361047,4.374652
/data/UFget/MM/Schenk_AFE/af_1_k101/af_1_k101.mtx,75,4.305995,4.417526
/data/UFget/MM/Schenk_AFE/af_2_k101/af_2_k101.mtx,75,4.374652,4.318272
/data/UFget/MM/Schenk_AFE/af_3_k101/af_3_k101.mtx,75,4.422944,4.340052
/data/UFget/MM/Schenk_AFE/af_4_k101/af_4_k101.mtx,75,4.377687,4.348525
/data/UFget/MM/Schenk_AFE/af_5_k101/af_5_k101.mtx,75,4.393944,4.335827
/data/UFget/MM/Schenk_AFE/af_shell1/af_shell1.mtx,136,4.358773,4.377883
/data/UFget/MM/Schenk_AFE/af_shell2/af_shell2.mtx,136,4.397926,4.295857
/data/UFget/MM/Schenk_AFE/af_shell3/af_shell3.mtx,136,4.270475,4.354772
/data/UFget/MM/Schenk_AFE/af_shell4/af_shell4.mtx,136,4.368307,4.430275
/data/UFget/MM/Schenk_AFE/af_shell5/af_shell5.mtx,136,4.341071,4.337845
/data/UFget/MM/Schenk_AFE/af_shell6/af_shell6.mtx,136,4.424076,4.586644
/data/UFget/MM/Schenk_AFE/af_shell7/af_shell7.mtx,136,4.212634,4.428465
/data/UFget/MM/Schenk_AFE/af_shell8/af_shell8.mtx,136,4.349530,4.419439
/data/UFget/MM/Schenk_AFE/af_shell9/af_shell9.mtx,136,4.366297,4.343058
/data/UFget/MM/Schenk_AFE/af_shell10/af_shell10.mtx,181,3.768016,4.005023
/data/UFget/MM/Schenk_IBMNA/c-41/c-41.mtx,4885,6.587657,4.630927
/data/UFget/MM/Schenk_IBMNA/c-42/c-42.mtx,5236,6.102258,4.646673
/data/UFget/MM/Schenk_IBMNA/c-39/c-39.mtx,4636,6.962640,4.862796
/data/UFget/MM/Schenk_IBMNA/c-43/c-43.mtx,5563,7.067402,4.487240
/data/UFget/MM/Schenk_IBMNA/c-46/c-46.mtx,7457,6.624721,4.688264
/data/UFget/MM/Schenk_IBMNA/c-49/c-49.mtx,10566,5.978527,4.584760
/data/UFget/MM/Schenk_IBMNA/c-48/c-48.mtx,9177,6.139462,4.604597
/data/UFget/MM/Schenk_IBMNA/c-45/c-45.mtx,6603,6.904339,4.576132
/data/UFget/MM/Schenk_IBMNA/c-50/c-50.mtx,11201,6.336215,4.694708
/data/UFget/MM/Schenk_IBMNA/c-52/c-52.mtx,11974,6.133534,4.527132
/data/UFget/MM/Schenk_IBMNA/c-51/c-51.mtx,11598,6.284401,4.792649
/data/UFget/MM/Schenk_IBMNA/c-47/c-47.mtx,7672,6.135698,4.827580
/data/UFget/MM/Schenk_IBMNA/c-60/c-60.mtx,21820,6.005717,4.752869
/data/UFget/MM/Schenk_IBMNA/c-61/c-61.mtx,21809,5.204381,4.311769
/data/UFget/MM/Schenk_IBMNA/c-53/c-53.mtx,15118,6.183111,4.624628
/data/UFget/MM/Schenk_IBMNA/c-65/c-65.mtx,24033,5.770261,4.644356
/data/UFget/MM/Schenk_IBMNA/c-56/c-56.mtx,17955,6.049231,4.686938
/data/UFget/MM/Schenk_IBMNA/c-54/c-54.mtx,15897,6.412379,4.699019
/data/UFget/MM/Schenk_IBMNA/c-57/c-57.mtx,18917,6.320417,4.657149
/data/UFget/MM/Schenk_IBMNA/c-66b/c-66b.mtx,24995,5.186162,4.577845
/data/UFget/MM/Schenk_IBMNA/c-66/c-66.mtx,24995,5.330222,4.605312
/data/UFget/MM/Schenk_IBMNA/c-67/c-67.mtx,28988,5.461947,4.712880
/data/UFget/MM/Schenk_IBMNA/c-67b/c-67b.mtx,28988,5.414140,4.371487
/data/UFget/MM/Schenk_IBMNA/c-62/c-62.mtx,20866,5.835850,5.042174
/data/UFget/MM/Schenk_IBMNA/c-64b/c-64b.mtx,25518,5.697703,4.497768
/data/UFget/MM/Schenk_IBMNA/c-64/c-64.mtx,25518,5.738256,4.393596
/data/UFget/MM/Schenk_IBMNA/c-73/c-73.mtx,84711,4.362004,4.173263
/data/UFget/MM/Schenk_IBMNA/c-73b/c-73b.mtx,84711,4.841651,4.458013
/data/UFget/MM/Schenk_IBMNA/c-big/c-big.mtx,172621,4.858541,4.745980
/data/UFget/MM/Schenk_IBMSDS/2D_27628_bjtcai/2D_27628_bjtcai.mtx,37,4.698879,4.516085
/data/UFget/MM/Schenk_IBMSDS/3D_28984_Tetra/3D_28984_Tetra.mtx,134,6.348600,6.098770
/data/UFget/MM/Schenk_IBMSDS/2D_54019_highK/2D_54019_highK.mtx,40,4.667194,4.472925
/data/UFget/MM/Schenk_IBMSDS/3D_51448_3D/3D_51448_3D.mtx,285,6.059364,6.123231
/data/UFget/MM/Schenk_IBMSDS/ibm_matrix_2/ibm_matrix_2.mtx,285,5.958374,6.188458
/data/UFget/MM/Schenk_IBMSDS/matrix-new_3/matrix-new_3.mtx,200,5.350844,5.608563
/data/UFget/MM/Schenk_IBMSDS/matrix_9/matrix_9.mtx,341,6.567377,6.806887
/data/UFget/MM/Schenk_ISEI/igbt3/igbt3.mtx,41,3.763259,3.494454
/data/UFget/MM/Schenk_ISEI/nmos3/nmos3.mtx,49,4.008152,3.654745
/data/UFget/MM/Schenk_ISEI/para-10/para-10.mtx,81,4.819931,4.006144
/data/UFget/MM/Schenk_ISEI/para-5/para-5.mtx,81,4.710166,3.982932
/data/UFget/MM/Schenk_ISEI/para-6/para-6.mtx,81,4.848930,4.079568
/data/UFget/MM/Schenk_ISEI/para-7/para-7.mtx,81,4.832888,4.011645
/data/UFget/MM/Schenk_ISEI/para-8/para-8.mtx,81,4.787350,4.002714
/data/UFget/MM/Schenk_ISEI/para-9/para-9.mtx,81,4.779518,4.082418
/data/UFget/MM/Schenk_ISEI/barrier2-1/barrier2-1.mtx,97,4.892494,4.235538
/data/UFget/MM/Schenk_ISEI/barrier2-2/barrier2-2.mtx,97,4.873632,4.204115
/data/UFget/MM/Schenk_ISEI/barrier2-3/barrier2-3.mtx,97,4.898327,4.245385
/data/UFget/MM/Schenk_ISEI/barrier2-4/barrier2-4.mtx,97,4.862097,4.296441
/data/UFget/MM/Schenk_ISEI/barrier2-10/barrier2-10.mtx,98,4.930435,4.273294
/data/UFget/MM/Schenk_ISEI/barrier2-11/barrier2-11.mtx,98,4.900293,4.264633
/data/UFget/MM/Schenk_ISEI/barrier2-12/barrier2-12.mtx,98,4.857866,4.229273
/data/UFget/MM/Schenk_ISEI/barrier2-9/barrier2-9.mtx,98,4.906006,4.219731
/data/UFget/MM/Schenk_ISEI/para-4/para-4.mtx,80,4.731829,4.073466
/data/UFget/MM/Schenk_ISEI/ohne2/ohne2.mtx,24,4.538101,3.782236
/data/UFget/MM/Schmid/thermal1/thermal1.mtx,86,2.498756,2.398718
/data/UFget/MM/Schmid/thermal2/thermal2.mtx,992,3.024277,2.661011
/data/UFget/MM/Shen/shermanACb/shermanACb.mtx,238,3.813508,2.400110
/data/UFget/MM/Shen/e40r0100/e40r0100.mtx,22,4.078850,3.568234
/data/UFget/MM/Shyy/shyy161/shyy161.mtx,3,0.899790,0.901581
/data/UFget/MM/Simon/raefsky6/raefsky6.mtx,6,2.609818,2.360274
/data/UFget/MM/Simon/raefsky5/raefsky5.mtx,9,3.020141,3.020141
/data/UFget/MM/Simon/raefsky1/raefsky1.mtx,3,3.381791,2.999714
/data/UFget/MM/Simon/raefsky2/raefsky2.mtx,3,3.456734,3.073598
/data/UFget/MM/Simon/olafu/olafu.mtx,9,4.646181,4.224213
/data/UFget/MM/Simon/raefsky4/raefsky4.mtx,54,6.606960,5.915855
/data/UFget/MM/Simon/raefsky3/raefsky3.mtx,19,6.861609,6.289240
/data/UFget/MM/Simon/venkat25/venkat25.mtx,15,4.463100,4.363978
/data/UFget/MM/Simon/venkat50/venkat50.mtx,15,4.471118,4.353800
/data/UFget/MM/Simon/venkat01/venkat01.mtx,15,4.374205,4.159759
/data/UFget/MM/Simon/bbmat/bbmat.mtx,44,4.728297,5.470926
/data/UFget/MM/Simon/appu/appu.mtx,47,6.142119,5.382269
/data/UFget/MM/Sinclair/3Dspectralwave2/3Dspectralwave2.mtx,191,3.435452,31.684023
/data/UFget/MM/Sinclair/3Dspectralwave/3Dspectralwave.mtx,334,2.153839,34.995100
/data/UFget/MM/SNAP/wiki-Vote/wiki-Vote.mtx,21,2.110876,1.397505
/data/UFget/MM/SNAP/as-caida/as-caida.mtx,442,2.486078,2.777416
/data/UFget/MM/SNAP/p2p-Gnutella31/p2p-Gnutella31.mtx,482,2.936701,2.820969
/data/UFget/MM/SNAP/ca-CondMat/ca-CondMat.mtx,309,2.954311,3.238003
/data/UFget/MM/SNAP/ca-HepPh/ca-HepPh.mtx,50,3.145656,3.307215
/data/UFget/MM/SNAP/cit-HepTh/cit-HepTh.mtx,90,2.503754,3.964277
/data/UFget/MM/SNAP/email-Enron/email-Enron.mtx,94,2.609141,2.493101
/data/UFget/MM/SNAP/ca-AstroPh/ca-AstroPh.mtx,125,3.552412,4.171639
/data/UFget/MM/SNAP/email-EuAll/email-EuAll.mtx,1780,2.158268,4.545668
/data/UFget/MM/SNAP/cit-HepPh/cit-HepPh.mtx,203,2.918914,4.225533
/data/UFget/MM/SNAP/soc-Epinions1/soc-Epinions1.mtx,147,1.899114,2.654030
/data/UFget/MM/SNAP/soc-sign-Slashdot081106/soc-sign-Slashdot081106.mtx,227,1.818854,3.181453
/data/UFget/MM/SNAP/soc-sign-Slashdot090216/soc-sign-Slashdot090216.mtx,241,1.871377,3.096243
/data/UFget/MM/SNAP/soc-sign-Slashdot090221/soc-sign-Slashdot090221.mtx,239,1.913423,3.156745
/data/UFget/MM/SNAP/soc-sign-epinions/soc-sign-epinions.mtx,162,1.831718,2.521729
/data/UFget/MM/SNAP/soc-Slashdot0811/soc-Slashdot0811.mtx,276,2.439348,3.321916
/data/UFget/MM/SNAP/soc-Slashdot0902/soc-Slashdot0902.mtx,289,2.399884,3.252617
/data/UFget/MM/SNAP/amazon0302/amazon0302.mtx,1481,2.348995,3.092285
/data/UFget/MM/SNAP/web-NotreDame/web-NotreDame.mtx,751,3.878243,3.512313
/data/UFget/MM/SNAP/web-Stanford/web-Stanford.mtx,1454,2.559203,2.795200
/data/UFget/MM/SNAP/roadNet-PA/roadNet-PA.mtx,2312,2.891553,2.586145
/data/UFget/MM/SNAP/amazon0312/amazon0312.mtx,1891,2.374810,3.556932
/data/UFget/MM/SNAP/amazon0505/amazon0505.mtx,1415,2.238800,3.463303
/data/UFget/MM/SNAP/amazon0601/amazon0601.mtx,1436,2.290878,3.539567
/data/UFget/MM/SNAP/roadNet-TX/roadNet-TX.mtx,4051,2.755782,2.599906
/data/UFget/MM/SNAP/wiki-Talk/wiki-Talk.mtx,3214,3.889854,1.357042
/data/UFget/MM/SNAP/web-Google/web-Google.mtx,11176,2.175511,2.336757
/data/UFget/MM/SNAP/roadNet-CA/roadNet-CA.mtx,5416,2.573612,2.391641
/data/UFget/MM/SNAP/web-BerkStan/web-BerkStan.mtx,90,3.332506,3.022518
/data/UFget/MM/SNAP/cit-Patents/cit-Patents.mtx,134814,0.762000,9.646491
/data/UFget/MM/SNAP/as-Skitter/as-Skitter.mtx,1070,2.525767,2.514344
/data/UFget/MM/SNAP/soc-LiveJournal1/soc-LiveJournal1.mtx,550,1.874909,1.885031
/data/UFget/MM/Sorensen/Linux_call_graph/Linux_call_graph.mtx,1605,1.788577,3.386549
/data/UFget/MM/Szczerba/Ill_Stokes/Ill_Stokes.mtx,1394,5.183016,3.881748
/data/UFget/MM/TKK/g3rmt3m3/g3rmt3m3.mtx,5,4.175724,4.025247
/data/UFget/MM/TKK/t520/t520.mtx,10,5.393542,5.122737
/data/UFget/MM/TKK/cbuckle/cbuckle.mtx,9,3.543319,3.241760
/data/UFget/MM/TKK/cyl6/cyl6.mtx,9,5.346981,4.948341
/data/UFget/MM/TKK/tube1/tube1.mtx,8,4.506076,4.064024
/data/UFget/MM/TKK/tube2/tube2.mtx,12,5.963924,4.883010
/data/UFget/MM/TKK/smt/smt.mtx,6,5.058995,3.895264
/data/UFget/MM/TKK/s4dkt3m2/s4dkt3m2.mtx,61,6.851903,6.805626
/data/UFget/MM/TKK/engine/engine.mtx,125,5.067484,4.284095
/data/UFget/MM/Tromble/language/language.mtx,8870,2.905552,3.179609
/data/UFget/MM/TSOPF/TSOPF_FS_b9_c6/TSOPF_FS_b9_c6.mtx,1314,7.194685,4.943287
/data/UFget/MM/TSOPF/TSOPF_RS_b162_c1/TSOPF_RS_b162_c1.mtx,20,4.583005,8.757624
/data/UFget/MM/TSOPF/TSOPF_RS_b39_c7/TSOPF_RS_b39_c7.mtx,98,4.300130,9.164210
/data/UFget/MM/TSOPF/TSOPF_FS_b162_c1/TSOPF_FS_b162_c1.mtx,178,7.559534,4.443780
/data/UFget/MM/TSOPF/TSOPF_RS_b162_c3/TSOPF_RS_b162_c3.mtx,57,3.958879,14.187766
/data/UFget/MM/TSOPF/TSOPF_RS_b39_c19/TSOPF_RS_b39_c19.mtx,263,3.632649,11.097545
/data/UFget/MM/TSOPF/TSOPF_FS_b39_c7/TSOPF_FS_b39_c7.mtx,830,6.286568,4.191045
/data/UFget/MM/TSOPF/TSOPF_RS_b162_c4/TSOPF_RS_b162_c4.mtx,76,3.671056,16.331052
/data/UFget/MM/TSOPF/TSOPF_RS_b39_c30/TSOPF_RS_b39_c30.mtx,415,3.374683,11.634856
/data/UFget/MM/TSOPF/TSOPF_RS_b300_c1/TSOPF_RS_b300_c1.mtx,37,3.684910,34.507860
/data/UFget/MM/TSOPF/TSOPF_FS_b162_c3/TSOPF_FS_b162_c3.mtx,505,7.131362,4.140669
/data/UFget/MM/TSOPF/TSOPF_FS_b39_c19/TSOPF_FS_b39_c19.mtx,2242,6.014820,4.074466
/data/UFget/MM/TSOPF/TSOPF_FS_b162_c4/TSOPF_FS_b162_c4.mtx,669,6.859193,4.068099
/data/UFget/MM/TSOPF/TSOPF_RS_b300_c2/TSOPF_RS_b300_c2.mtx,72,3.656186,41.837563
/data/UFget/MM/TSOPF/TSOPF_FS_b39_c30/TSOPF_FS_b39_c30.mtx,3536,5.938468,4.222791
/data/UFget/MM/TSOPF/TSOPF_RS_b678_c1/TSOPF_RS_b678_c1.mtx,24,3.999299,74.680462
/data/UFget/MM/TSOPF/TSOPF_FS_b300/TSOPF_FS_b300.mtx,190,7.755671,4.064424
/data/UFget/MM/TSOPF/TSOPF_FS_b300_c1/TSOPF_FS_b300_c1.mtx,190,7.846952,4.056475
/data/UFget/MM/TSOPF/TSOPF_RS_b300_c3/TSOPF_RS_b300_c3.mtx,107,3.676818,47.921192
/data/UFget/MM/TSOPF/TSOPF_RS_b2052_c1/TSOPF_RS_b2052_c1.mtx,72,4.048723,109.533539
/data/UFget/MM/TSOPF/TSOPF_FS_b300_c2/TSOPF_FS_b300_c2.mtx,369,7.603446,3.838214
/data/UFget/MM/TSOPF/TSOPF_RS_b678_c2/TSOPF_RS_b678_c2.mtx,46,3.944002,100.235363
/data/UFget/MM/TSOPF/TSOPF_FS_b300_c3/TSOPF_FS_b300_c3.mtx,549,6.389186,3.513287
/data/UFget/MM/TSOPF/TSOPF_RS_b2383/TSOPF_RS_b2383.mtx,22,2.554241,92.638221
/data/UFget/MM/TSOPF/TSOPF_RS_b2383_c1/TSOPF_RS_b2383_c1.mtx,22,2.608026,93.145828
/data/UFget/MM/Um/2cubes_sphere/2cubes_sphere.mtx,8,1.175263,1.132615
/data/UFget/MM/Um/offshore/offshore.mtx,76,3.708699,3.476564
/data/UFget/MM/UTEP/Dubcova1/Dubcova1.mtx,23,2.801108,2.536734
/data/UFget/MM/UTEP/Dubcova2/Dubcova2.mtx,40,3.360506,2.920414
/data/UFget/MM/UTEP/Dubcova3/Dubcova3.mtx,45,5.052044,4.037779
/data/UFget/MM/vanHeukelum/cage10/cage10.mtx,228,5.570930,5.394075
/data/UFget/MM/vanHeukelum/cage11/cage11.mtx,738,5.979919,5.813810
/data/UFget/MM/vanHeukelum/cage12/cage12.mtx,1974,5.690897,5.800057
/data/UFget/MM/vanHeukelum/cage13/cage13.mtx,5366,5.660495,5.275940
/data/UFget/MM/vanHeukelum/cage14/cage14.mtx,15058,3.233160,3.501200
/data/UFget/MM/vanHeukelum/cage15/cage15.mtx,35068,2.905506,2.967156
/data/UFget/MM/VanVelzen/std1_Jac2_db/std1_Jac2_db.mtx,20,2.628390,2.177659
/data/UFget/MM/VanVelzen/std1_Jac3_db/std1_Jac3_db.mtx,20,2.798601,2.327494
/data/UFget/MM/VanVelzen/Zd_Jac6_db/Zd_Jac6_db.mtx,10,2.303438,1.626722
/data/UFget/MM/VanVelzen/Zd_Jac2_db/Zd_Jac2_db.mtx,10,2.256129,1.637615
/data/UFget/MM/VanVelzen/Zd_Jac3_db/Zd_Jac3_db.mtx,10,2.391734,1.721515
/data/UFget/MM/VanVelzen/std1_Jac2/std1_Jac2.mtx,408,44.442020,3.107121
/data/UFget/MM/VanVelzen/std1_Jac3/std1_Jac3.mtx,408,35.742238,3.191595
/data/UFget/MM/VanVelzen/Zd_Jac2/Zd_Jac2.mtx,369,60.017504,3.310924
/data/UFget/MM/VanVelzen/Zd_Jac6/Zd_Jac6.mtx,369,62.475438,3.302913
/data/UFget/MM/VanVelzen/Zd_Jac3/Zd_Jac3.mtx,369,70.328584,3.331354
/data/UFget/MM/Vavasis/av41092/av41092.mtx,124,8.786753,3.369988
/data/UFget/MM/VDOL/hangGlider_4/hangGlider_4.mtx,2594,6.618920,6.328616
/data/UFget/MM/VDOL/hangGlider_5/hangGlider_5.mtx,2669,6.620839,6.394485
/data/UFget/MM/VDOL/lowThrust_4/lowThrust_4.mtx,6781,7.572313,6.009772
/data/UFget/MM/VDOL/lowThrust_5/lowThrust_5.mtx,8131,7.690482,6.944390
/data/UFget/MM/VDOL/lowThrust_6/lowThrust_6.mtx,8464,7.716254,6.994590
/data/UFget/MM/VDOL/lowThrust_7/lowThrust_7.mtx,8689,7.407767,6.798909
/data/UFget/MM/VDOL/lowThrust_8/lowThrust_8.mtx,8851,7.575289,6.722442
/data/UFget/MM/VDOL/lowThrust_9/lowThrust_9.mtx,9022,7.689161,7.009167
/data/UFget/MM/VDOL/lowThrust_10/lowThrust_10.mtx,9130,7.774549,7.087004
/data/UFget/MM/VDOL/lowThrust_11/lowThrust_11.mtx,9184,7.608528,6.774045
/data/UFget/MM/VDOL/lowThrust_12/lowThrust_12.mtx,9229,7.581612,6.798994
/data/UFget/MM/VDOL/lowThrust_13/lowThrust_13.mtx,9238,7.646581,6.988266
/data/UFget/MM/Wang/wang3/wang3.mtx,300,4.843277,4.416667
/data/UFget/MM/Wang/wang4/wang4.mtx,304,4.844040,4.608384
/data/UFget/MM/Watson/chem_master1/chem_master1.mtx,101,3.024932,2.945791
/data/UFget/MM/Watson/Baumann/Baumann.mtx,532,4.593431,4.363486
/data/UFget/MM/Williams/mac_econ_fwd500/mac_econ_fwd500.mtx,6,0.458622,0.453644
/data/UFget/MM/Williams/mc2depi/mc2depi.mtx,206,3.890658,2.848320
/data/UFget/MM/Williams/cop20k_A/cop20k_A.mtx,508,4.257191,3.301594
/data/UFget/MM/Williams/webbase-1M/webbase-1M.mtx,1467,2.324812,4.289956
/data/UFget/MM/Williams/cant/cant.mtx,27,5.231419,5.062313
/data/UFget/MM/Williams/pdb1HYS/pdb1HYS.mtx,2,2.986512,2.236340
/data/UFget/MM/Williams/consph/consph.mtx,140,7.359432,7.060582
/data/UFget/MM/Wissgott/parabolic_fem/parabolic_fem.mtx,75118,4.650994,4.971209
/data/UFget/MM/Zaoui/kkt_power/kkt_power.mtx,121382,2.556341,2.866811
/data/UFget/MM/Zhao/Zhao1/Zhao1.mtx,11287,6.668078,6.668078
/data/UFget/MM/Zhao/Zhao2/Zhao2.mtx,11287,6.668078,6.462906
