/data/UFget/MM/ACUSIM/Pres_Poisson/Pres_Poisson.mtx,8,0.622353,0.589774,0.001174,0.001239
/data/UFget/MM/AG-Monien/cca/cca.mtx,2048,2.424410,2.729952,0.000098,0.000087
/data/UFget/MM/AG-Monien/shock-9/shock-9.mtx,67,0.465503,0.559756,0.000463,0.000385
/data/UFget/MM/AG-Monien/ccc/ccc.mtx,2048,1.982293,2.454267,0.000124,0.000100
/data/UFget/MM/AG-Monien/bfly/bfly.mtx,1069,1.966535,2.034458,0.000150,0.000145
/data/UFget/MM/AG-Monien/brack2/brack2.mtx,5,0.110061,0.118579,0.007799,0.007239
/data/UFget/MM/AG-Monien/wave/wave.mtx,156,1.908590,1.892298,0.001274,0.001285
/data/UFget/MM/AG-Monien/debr/debr.mtx,26215,7.905409,7.924401,0.000796,0.000794
/data/UFget/MM/AMD/G2_circuit/G2_circuit.mtx,205,1.414410,1.302680,0.000620,0.000673
/data/UFget/MM/AMD/G3_circuit/G3_circuit.mtx,612,3.251053,2.946498,0.002844,0.003138
/data/UFget/MM/Andrews/Andrews/Andrews.mtx,1277,3.579579,3.474722,0.000229,0.000236
/data/UFget/MM/Andrianov/lpl1/lpl1.mtx,1299,2.503361,2.340603,0.000144,0.000154
/data/UFget/MM/Andrianov/fxm4_6/fxm4_6.mtx,69,1.503015,1.158390,0.000344,0.000446
/data/UFget/MM/Andrianov/ex3sta1/ex3sta1.mtx,240,3.121190,3.824787,0.000223,0.000182
/data/UFget/MM/Andrianov/pf2177/pf2177.mtx,136,3.828915,4.245560,0.000192,0.000173
/data/UFget/MM/Andrianov/net50/net50.mtx,4080,8.163780,7.025971,0.000118,0.000137
/data/UFget/MM/Andrianov/net75/net75.mtx,5780,11.900806,9.957818,0.000127,0.000152
/data/UFget/MM/Andrianov/lp1/lp1.mtx,59377,6.151104,1.642285,0.000354,0.001326
/data/UFget/MM/Andrianov/net100/net100.mtx,7480,13.957020,10.683151,0.000148,0.000193
/data/UFget/MM/Andrianov/net125/net125.mtx,9180,16.242333,12.807915,0.000161,0.000204
/data/UFget/MM/Andrianov/ins2/ins2.mtx,38677,0.895531,8.769350,0.003418,0.000349
/data/UFget/MM/Andrianov/net150/net150.mtx,10880,15.745905,14.797991,0.000201,0.000214
/data/UFget/MM/Andrianov/pattern1/pattern1.mtx,20,4.030654,3.985964,0.002318,0.002344
/data/UFget/MM/Andrianov/mip1/mip1.mtx,94,8.611160,5.201956,0.001210,0.002003
/data/UFget/MM/ATandT/onetone2/onetone2.mtx,48,0.288063,0.273153,0.001009,0.001064
/data/UFget/MM/ATandT/onetone1/onetone1.mtx,42,0.302241,0.260364,0.001337,0.001552
/data/UFget/MM/ATandT/twotone/twotone.mtx,50,0.370809,0.315007,0.003814,0.004490
/data/UFget/MM/ATandT/pre2/pre2.mtx,478,1.593983,1.356111,0.004419,0.005194
/data/UFget/MM/Averous/epb2/epb2.mtx,21,0.282044,0.241845,0.000710,0.000828
/data/UFget/MM/Averous/epb3/epb3.mtx,97,0.824487,0.906383,0.000665,0.000605
/data/UFget/MM/Bai/mhd4800a/mhd4800a.mtx,3,0.087121,0.088660,0.001263,0.001241
/data/UFget/MM/Bai/af23560/af23560.mtx,123,1.375927,1.665312,0.000369,0.000305
/data/UFget/MM/Bai/qc2534/qc2534.mtx,14,2.531219,1.855747,0.000184,0.000251
/data/UFget/MM/Barabasi/NotreDame_www/NotreDame_www.mtx,890,2.707104,2.576975,0.000576,0.000605
/data/UFget/MM/Belcastro/human_gene2/human_gene2.mtx,4,0.684436,0.644361,0.026420,0.028063
/data/UFget/MM/Belcastro/human_gene1/human_gene1.mtx,5,0.696547,0.683663,0.035449,0.036117
/data/UFget/MM/Belcastro/mouse_gene/mouse_gene.mtx,9,0.831586,0.788255,0.034888,0.036806
/data/UFget/MM/BenElechi/BenElechi1/BenElechi1.mtx,43,4.753676,4.235204,0.002818,0.003163
/data/UFget/MM/Bindel/ted_B/ted_B.mtx,9,0.205522,0.204746,0.000755,0.000758
/data/UFget/MM/Bindel/ted_B_unscaled/ted_B_unscaled.mtx,9,0.205263,0.204168,0.000756,0.000760
/data/UFget/MM/Bindel/ted_A/ted_A.mtx,9,0.606951,0.801081,0.000731,0.000554
/data/UFget/MM/Bindel/ted_A_unscaled/ted_A_unscaled.mtx,9,0.611137,0.818343,0.000726,0.000542
/data/UFget/MM/Bindel/ted_AB/ted_AB.mtx,9,0.514981,0.528744,0.001035,0.001008
/data/UFget/MM/Bindel/ted_AB_unscaled/ted_AB_unscaled.mtx,9,0.516886,0.531384,0.001031,0.001003
/data/UFget/MM/Bodendiek/CurlCurl_0/CurlCurl_0.mtx,128,0.793131,0.864041,0.000157,0.000144
/data/UFget/MM/Bodendiek/CurlCurl_1/CurlCurl_1.mtx,903,3.974165,3.677200,0.000679,0.000734
/data/UFget/MM/Bodendiek/CurlCurl_2/CurlCurl_2.mtx,2037,6.727704,6.129416,0.001446,0.001587
/data/UFget/MM/Bodendiek/CurlCurl_3/CurlCurl_3.mtx,2584,8.071625,7.352827,0.001829,0.002008
/data/UFget/MM/Bodendiek/CurlCurl_4/CurlCurl_4.mtx,4042,10.051436,9.622883,0.002875,0.003003
/data/UFget/MM/Boeing/nasa4704/nasa4704.mtx,15,0.391063,0.386781,0.000280,0.000283
/data/UFget/MM/Boeing/crystm01/crystm01.mtx,42,0.615541,0.688928,0.000179,0.000160
/data/UFget/MM/Boeing/nasa2910/nasa2910.mtx,7,0.433385,0.347478,0.000409,0.000510
/data/UFget/MM/Boeing/crystk01/crystk01.mtx,14,1.038110,0.926577,0.000309,0.000346
/data/UFget/MM/Boeing/bcsstm36/bcsstm36.mtx,10,0.320000,0.318288,0.001108,0.001114
/data/UFget/MM/Boeing/crystm02/crystm02.mtx,84,1.202498,1.295083,0.000280,0.000260
/data/UFget/MM/Boeing/bcsstk38/bcsstk38.mtx,4,0.336853,0.320024,0.001079,0.001136
/data/UFget/MM/Boeing/crystm03/crystm03.mtx,109,1.524547,1.510113,0.000399,0.000403
/data/UFget/MM/Boeing/crystk02/crystk02.mtx,28,2.039142,1.654398,0.000482,0.000594
/data/UFget/MM/Boeing/pcrystk02/pcrystk02.mtx,28,1.874934,1.643184,0.000524,0.000598
/data/UFget/MM/Boeing/bcsstk37/bcsstk37.mtx,6,0.489698,0.458020,0.002382,0.002547
/data/UFget/MM/Boeing/msc23052/msc23052.mtx,121,4.046133,4.310932,0.000291,0.000273
/data/UFget/MM/Boeing/bcsstk36/bcsstk36.mtx,6,0.552696,0.530805,0.002110,0.002197
/data/UFget/MM/Boeing/msc10848/msc10848.mtx,19,1.908864,2.040613,0.000650,0.000608
/data/UFget/MM/Boeing/bcsstk35/bcsstk35.mtx,9,0.772294,0.723520,0.001917,0.002046
/data/UFget/MM/Boeing/crystk03/crystk03.mtx,37,2.544775,2.247603,0.000698,0.000790
/data/UFget/MM/Boeing/pcrystk03/pcrystk03.mtx,37,2.548257,2.242190,0.000697,0.000792
/data/UFget/MM/Boeing/bcsstk39/bcsstk39.mtx,24,1.584597,1.507540,0.001348,0.001417
/data/UFget/MM/Boeing/ct20stif/ct20stif.mtx,40,2.045321,1.878791,0.001345,0.001464
/data/UFget/MM/Boeing/pct20stif/pct20stif.mtx,40,1.994754,1.934550,0.001379,0.001422
/data/UFget/MM/Boeing/pwtk/pwtk.mtx,2,0.249287,0.248056,0.047545,0.047781
/data/UFget/MM/Bomhof/circuit_4/circuit_4.mtx,5348,1.520274,2.963012,0.000255,0.000131
/data/UFget/MM/Botonakis/FEM_3D_thermal1/FEM_3D_thermal1.mtx,35,0.630791,0.691274,0.000711,0.000649
/data/UFget/MM/Botonakis/thermomech_TC/thermomech_TC.mtx,318,1.936988,2.125138,0.000420,0.000383
/data/UFget/MM/Botonakis/thermomech_TK/thermomech_TK.mtx,318,2.254275,1.866032,0.000361,0.000436
/data/UFget/MM/Botonakis/thermomech_dM/thermomech_dM.mtx,635,3.775412,3.106939,0.000431,0.000524
/data/UFget/MM/Botonakis/thermomech_dK/thermomech_dK.mtx,318,4.357939,4.835566,0.000700,0.000631
/data/UFget/MM/Botonakis/FEM_3D_thermal2/FEM_3D_thermal2.mtx,40,0.724831,0.754738,0.005018,0.004819
/data/UFget/MM/Bourchtein/atmosmodd/atmosmodd.mtx,3610,7.867001,7.481582,0.001282,0.001348
/data/UFget/MM/Bourchtein/atmosmodj/atmosmodj.mtx,3610,7.921510,7.793085,0.001273,0.001294
/data/UFget/MM/Bourchtein/atmosmodl/atmosmodl.mtx,3449,8.084329,8.240340,0.001461,0.001433
/data/UFget/MM/Bourchtein/atmosmodm/atmosmodm.mtx,3449,8.110805,8.218464,0.001456,0.001437
/data/UFget/MM/Bova/rma10/rma10.mtx,7,0.540840,0.471805,0.004476,0.005131
/data/UFget/MM/Brethour/coater2/coater2.mtx,6,0.180972,0.182716,0.001249,0.001237
/data/UFget/MM/Castrillon/denormal/denormal.mtx,100,1.652285,1.777050,0.000754,0.000701
/data/UFget/MM/CEMW/vfem/vfem.mtx,134,1.715110,1.532608,0.000891,0.000997
/data/UFget/MM/CEMW/tmt_unsym/tmt_unsym.mtx,2,0.027887,0.030595,0.197321,0.179852
/data/UFget/MM/CEMW/t2em/t2em.mtx,2,0.028569,0.031774,0.192952,0.173487
/data/UFget/MM/CEMW/tmt_sym/tmt_sym.mtx,2,0.035593,0.038934,0.163169,0.149169
/data/UFget/MM/Chen/pkustk02/pkustk02.mtx,55,3.966227,4.083849,0.000207,0.000201
/data/UFget/MM/Chen/pkustk01/pkustk01.mtx,123,4.816831,5.030271,0.000208,0.000199
/data/UFget/MM/Chen/pkustk09/pkustk09.mtx,196,8.653962,8.512806,0.000187,0.000190
/data/UFget/MM/Chen/pkustk05/pkustk05.mtx,155,9.184494,8.434907,0.000244,0.000266
/data/UFget/MM/Chen/pkustk07/pkustk07.mtx,35,3.509418,3.534919,0.000694,0.000689
/data/UFget/MM/Chen/pkustk06/pkustk06.mtx,190,10.495521,9.757847,0.000249,0.000268
/data/UFget/MM/Chen/pkustk03/pkustk03.mtx,352,12.782029,12.188869,0.000250,0.000262
/data/UFget/MM/Chen/pkustk08/pkustk08.mtx,50,4.500261,4.575819,0.000722,0.000710
/data/UFget/MM/Chen/pkustk04/pkustk04.mtx,150,3.408271,6.752356,0.001254,0.000633
/data/UFget/MM/Chen/pkustk10/pkustk10.mtx,228,11.288515,11.464239,0.000389,0.000383
/data/UFget/MM/Chen/pkustk11/pkustk11.mtx,299,13.610878,12.481091,0.000390,0.000425
/data/UFget/MM/Chen/pkustk13/pkustk13.mtx,233,8.296786,8.761592,0.000809,0.000766
/data/UFget/MM/Chen/pkustk12/pkustk12.mtx,284,3.032020,8.684253,0.002509,0.000876
/data/UFget/MM/Chen/pkustk14/pkustk14.mtx,142,7.164220,8.693961,0.002092,0.001724
/data/UFget/MM/Chevron/Chevron1/Chevron1.mtx,57,0.824958,0.738868,0.000446,0.000498
/data/UFget/MM/Chevron/Chevron2/Chevron2.mtx,83,1.188105,1.189614,0.000752,0.000751
/data/UFget/MM/Chevron/Chevron3/Chevron3.mtx,161,2.366934,2.390756,0.001603,0.001587
/data/UFget/MM/Chevron/Chevron4/Chevron4.mtx,216,2.872888,2.862653,0.002467,0.002476
/data/UFget/MM/Cote/mplate/mplate.mtx,40,0.733642,0.752294,0.000202,0.000197
/data/UFget/MM/Cote/vibrobox/vibrobox.mtx,55,1.035186,0.757312,0.000343,0.000469
/data/UFget/MM/CPM/cz10228/cz10228.mtx,4,0.096265,0.102549,0.001175,0.001103
/data/UFget/MM/CPM/cz20468/cz20468.mtx,4,0.099185,0.105859,0.002284,0.002140
/data/UFget/MM/CPM/cz40948/cz40948.mtx,4,0.102554,0.109101,0.004418,0.004153
/data/UFget/MM/Cunningham/k3plates/k3plates.mtx,10,0.592725,0.573605,0.000658,0.000680
/data/UFget/MM/Cunningham/qa8fk/qa8fk.mtx,174,2.266061,2.137011,0.000762,0.000808
/data/UFget/MM/Cunningham/qa8fm/qa8fm.mtx,174,2.228409,2.172265,0.000775,0.000795
/data/UFget/MM/Cylshell/s3rmt3m3/s3rmt3m3.mtx,5,0.549235,0.451316,0.000388,0.000472
/data/UFget/MM/Cylshell/s1rmt3m1/s1rmt3m1.mtx,16,1.008291,1.032561,0.000223,0.000218
/data/UFget/MM/Cylshell/s3rmt3m1/s3rmt3m1.mtx,16,0.999746,1.028061,0.000225,0.000219
/data/UFget/MM/Cylshell/s2rmt3m1/s2rmt3m1.mtx,16,1.013706,1.032561,0.000222,0.000218
/data/UFget/MM/Cylshell/s1rmq4m1/s1rmq4m1.mtx,11,1.016135,0.948767,0.000282,0.000302
/data/UFget/MM/Cylshell/s3rmq4m1/s3rmq4m1.mtx,11,1.023053,0.955554,0.000280,0.000300
/data/UFget/MM/Cylshell/s2rmq4m1/s2rmq4m1.mtx,11,1.023053,0.942075,0.000280,0.000304
/data/UFget/MM/Dehghani/light_in_tissue/light_in_tissue.mtx,81,1.082429,1.378156,0.000402,0.000316
/data/UFget/MM/DIMACS10/vsp_p0291_seymourl_iiasa/vsp_p0291_seymourl_iiasa.mtx,202,0.670734,0.637475,0.000192,0.000202
/data/UFget/MM/DIMACS10/vsp_data_and_seymourl/vsp_data_and_seymourl.mtx,27,0.369605,0.349703,0.000352,0.000372
/data/UFget/MM/DIMACS10/de2010/de2010.mtx,1419,1.466097,1.438550,0.000112,0.000114
/data/UFget/MM/DIMACS10/hi2010/hi2010.mtx,1251,1.487722,1.475700,0.000117,0.000118
/data/UFget/MM/DIMACS10/vsp_c-30_data_data/vsp_c-30_data_data.mtx,35,0.510054,0.499678,0.000287,0.000293
/data/UFget/MM/DIMACS10/ri2010/ri2010.mtx,1095,1.545329,1.468523,0.000114,0.000120
/data/UFget/MM/DIMACS10/wing_nodal/wing_nodal.mtx,169,1.340084,1.464617,0.000129,0.000118
/data/UFget/MM/DIMACS10/vt2010/vt2010.mtx,1629,1.937084,2.043987,0.000114,0.000108
/data/UFget/MM/DIMACS10/t60k/t60k.mtx,65,0.573746,0.590780,0.000521,0.000506
/data/UFget/MM/DIMACS10/vsp_befref_fxm_2_4_air02/vsp_befref_fxm_2_4_air02.mtx,415,1.549864,0.615492,0.000145,0.000365
/data/UFget/MM/DIMACS10/delaunay_n15/delaunay_n15.mtx,84,0.816686,0.784625,0.000321,0.000334
/data/UFget/MM/DIMACS10/vsp_barth5_1Ksep_50in_5Kout/vsp_barth5_1Ksep_50in_5Kout.mtx,1790,2.093512,2.018341,0.000128,0.000133
/data/UFget/MM/DIMACS10/ak2010/ak2010.mtx,1618,2.198487,2.150853,0.000140,0.000143
/data/UFget/MM/DIMACS10/nh2010/nh2010.mtx,2571,2.479446,2.341930,0.000134,0.000142
/data/UFget/MM/DIMACS10/luxembourg_osm/luxembourg_osm.mtx,269,1.354347,1.266210,0.000346,0.000370
/data/UFget/MM/DIMACS10/wing/wing.mtx,4772,2.340345,2.135849,0.000157,0.000172
/data/UFget/MM/DIMACS10/rgg_n_2_15_s0/rgg_n_2_15_s0.mtx,38,0.524480,0.538254,0.000736,0.000717
/data/UFget/MM/DIMACS10/fe_body/fe_body.mtx,30,0.381472,0.378341,0.001095,0.001104
/data/UFget/MM/DIMACS10/me2010/me2010.mtx,3023,3.230921,3.252039,0.000147,0.000146
/data/UFget/MM/DIMACS10/ct2010/ct2010.mtx,3379,3.104628,2.908306,0.000152,0.000162
/data/UFget/MM/DIMACS10/delaunay_n16/delaunay_n16.mtx,220,1.826201,1.654437,0.000287,0.000317
/data/UFget/MM/DIMACS10/sd2010/sd2010.mtx,3535,4.134078,4.226261,0.000142,0.000139
/data/UFget/MM/DIMACS10/nv2010/nv2010.mtx,2818,3.290726,2.898788,0.000178,0.000202
/data/UFget/MM/DIMACS10/wy2010/wy2010.mtx,3316,3.871627,4.000886,0.000155,0.000150
/data/UFget/MM/DIMACS10/vsp_c-60_data_cti_cs4/vsp_c-60_data_cti_cs4.mtx,270,1.680343,1.599020,0.000389,0.000409
/data/UFget/MM/DIMACS10/ut2010/ut2010.mtx,4122,4.142084,3.915714,0.000194,0.000205
/data/UFget/MM/DIMACS10/vsp_bump2_e18_aa01_model1_crew1/vsp_bump2_e18_aa01_model1_crew1.mtx,438,2.524632,1.340223,0.000283,0.000533
/data/UFget/MM/DIMACS10/nd2010/nd2010.mtx,5351,5.226699,5.256022,0.000171,0.000170
/data/UFget/MM/DIMACS10/mt2010/mt2010.mtx,3392,4.586537,4.706186,0.000197,0.000192
/data/UFget/MM/DIMACS10/wv2010/wv2010.mtx,5409,4.739452,5.044829,0.000197,0.000185
/data/UFget/MM/DIMACS10/rgg_n_2_16_s0/rgg_n_2_16_s0.mtx,52,0.734635,0.757079,0.001110,0.001077
/data/UFget/MM/DIMACS10/md2010/md2010.mtx,6052,3.440413,4.760617,0.000288,0.000208
/data/UFget/MM/DIMACS10/id2010/id2010.mtx,5550,5.114503,5.492390,0.000201,0.000187
/data/UFget/MM/DIMACS10/ma2010/ma2010.mtx,5834,4.705664,4.458239,0.000232,0.000245
/data/UFget/MM/DIMACS10/delaunay_n17/delaunay_n17.mtx,145,1.411332,1.397874,0.000743,0.000750
/data/UFget/MM/DIMACS10/ky2010/ky2010.mtx,6467,5.320072,5.528331,0.000209,0.000201
/data/UFget/MM/DIMACS10/fe_ocean/fe_ocean.mtx,579,2.086888,2.083140,0.000530,0.000531
/data/UFget/MM/DIMACS10/nj2010/nj2010.mtx,7067,5.312579,5.261277,0.000220,0.000222
/data/UFget/MM/DIMACS10/nm2010/nm2010.mtx,6745,5.119891,5.212485,0.000228,0.000224
/data/UFget/MM/DIMACS10/ms2010/ms2010.mtx,5542,5.686265,5.973658,0.000208,0.000198
/data/UFget/MM/DIMACS10/vsp_vibrobox_scagr7-2c_rlfddd/vsp_vibrobox_scagr7-2c_rlfddd.mtx,407,2.123709,1.339133,0.000483,0.000766
/data/UFget/MM/DIMACS10/sc2010/sc2010.mtx,6738,5.368777,5.614632,0.000234,0.000224
/data/UFget/MM/DIMACS10/ar2010/ar2010.mtx,6651,5.963254,5.884618,0.000214,0.000217
/data/UFget/MM/DIMACS10/fe_tooth/fe_tooth.mtx,4,0.087527,0.094554,0.012127,0.011226
/data/UFget/MM/DIMACS10/ne2010/ne2010.mtx,7162,5.910006,5.994435,0.000220,0.000217
/data/UFget/MM/DIMACS10/wa2010/wa2010.mtx,6520,4.937917,4.617115,0.000271,0.000290
/data/UFget/MM/DIMACS10/co2010/co2010.mtx,7447,5.235077,5.573639,0.000263,0.000247
/data/UFget/MM/DIMACS10/or2010/or2010.mtx,6781,5.467946,5.381073,0.000251,0.000255
/data/UFget/MM/DIMACS10/la2010/la2010.mtx,7864,6.014554,5.910855,0.000231,0.000235
/data/UFget/MM/DIMACS10/preferentialAttachment/preferentialAttachment.mtx,1563,3.428501,1.657240,0.000350,0.000724
/data/UFget/MM/DIMACS10/smallworld/smallworld.mtx,2,0.040972,0.039905,0.029288,0.030071
/data/UFget/MM/DIMACS10/G_n_pin_pout/G_n_pin_pout.mtx,151,1.213186,1.186918,0.000991,0.001013
/data/UFget/MM/DIMACS10/ia2010/ia2010.mtx,10287,6.661307,6.727478,0.000218,0.000216
/data/UFget/MM/DIMACS10/vsp_finan512_scagr7-2c_rlfddd/vsp_finan512_scagr7-2c_rlfddd.mtx,264,1.792157,0.950222,0.000772,0.001456
/data/UFget/MM/DIMACS10/ks2010/ks2010.mtx,8838,6.693297,6.581633,0.000239,0.000243
/data/UFget/MM/DIMACS10/tn2010/tn2010.mtx,9605,6.366360,6.181422,0.000263,0.000271
/data/UFget/MM/DIMACS10/az2010/az2010.mtx,9295,4.939708,4.538675,0.000340,0.000370
/data/UFget/MM/DIMACS10/wi2010/wi2010.mtx,9735,6.523782,6.500209,0.000263,0.000264
/data/UFget/MM/DIMACS10/caidaRouterLevel/caidaRouterLevel.mtx,1404,2.100586,1.602736,0.000763,0.001000
/data/UFget/MM/DIMACS10/mn2010/mn2010.mtx,10392,6.375985,6.398259,0.000274,0.000273
/data/UFget/MM/DIMACS10/al2010/al2010.mtx,9703,5.803171,5.725552,0.000299,0.000303
/data/UFget/MM/DIMACS10/ok2010/ok2010.mtx,11701,6.639030,6.475034,0.000273,0.000280
/data/UFget/MM/DIMACS10/in2010/in2010.mtx,11128,6.459933,6.459933,0.000281,0.000281
/data/UFget/MM/DIMACS10/fe_rotor/fe_rotor.mtx,66,1.186877,1.086425,0.001284,0.001403
/data/UFget/MM/DIMACS10/va2010/va2010.mtx,8931,6.757630,6.898414,0.000292,0.000286
/data/UFget/MM/DIMACS10/nc2010/nc2010.mtx,10321,6.692747,6.735856,0.000298,0.000296
/data/UFget/MM/DIMACS10/ga2010/ga2010.mtx,12129,6.893644,6.647832,0.000290,0.000301
/data/UFget/MM/DIMACS10/rgg_n_2_17_s0/rgg_n_2_17_s0.mtx,72,0.981592,1.017024,0.001752,0.001691
/data/UFget/MM/DIMACS10/598a/598a.mtx,158,1.874426,1.784211,0.000910,0.000956
/data/UFget/MM/DIMACS10/delaunay_n18/delaunay_n18.mtx,573,3.388209,3.074376,0.000619,0.000682
/data/UFget/MM/DIMACS10/mi2010/mi2010.mtx,13746,6.504688,5.903311,0.000344,0.000379
/data/UFget/MM/DIMACS10/coAuthorsCiteseer/coAuthorsCiteseer.mtx,546,2.129778,2.087040,0.000978,0.000998
/data/UFget/MM/DIMACS10/mo2010/mo2010.mtx,12725,7.077165,7.102733,0.000331,0.000330
/data/UFget/MM/DIMACS10/ny2010/ny2010.mtx,11673,6.942155,6.716131,0.000347,0.000359
/data/UFget/MM/DIMACS10/oh2010/oh2010.mtx,14052,6.828185,6.828185,0.000366,0.000366
/data/UFget/MM/DIMACS10/coAuthorsDBLP/coAuthorsDBLP.mtx,1001,2.353350,2.271494,0.001085,0.001124
/data/UFget/MM/DIMACS10/pa2010/pa2010.mtx,14537,7.006328,5.933687,0.000414,0.000489
/data/UFget/MM/DIMACS10/144/144.mtx,253,2.550141,2.341668,0.000956,0.001041
/data/UFget/MM/DIMACS10/il2010/il2010.mtx,18063,6.100678,5.103661,0.000503,0.000601
/data/UFget/MM/DIMACS10/citationCiteseer/citationCiteseer.mtx,2633,2.864835,2.556117,0.000995,0.001115
/data/UFget/MM/DIMACS10/fl2010/fl2010.mtx,15629,6.672357,6.150018,0.000497,0.000539
/data/UFget/MM/DIMACS10/vsp_msc10848_300sep_100in_1Kout/vsp_msc10848_300sep_100in_1Kout.mtx,105,4.022855,3.650995,0.000618,0.000681
/data/UFget/MM/DIMACS10/rgg_n_2_18_s0/rgg_n_2_18_s0.mtx,98,1.342286,1.342286,0.002696,0.002696
/data/UFget/MM/DIMACS10/belgium_osm/belgium_osm.mtx,2285,4.252254,4.157149,0.001407,0.001439
/data/UFget/MM/DIMACS10/delaunay_n19/delaunay_n19.mtx,494,3.478023,3.239153,0.001206,0.001295
/data/UFget/MM/DIMACS10/m14b/m14b.mtx,255,2.628425,2.305355,0.001441,0.001643
/data/UFget/MM/DIMACS10/ca2010/ca2010.mtx,26302,5.908921,6.054863,0.000831,0.000811
/data/UFget/MM/DIMACS10/vsp_bcsstk30_500sep_10in_1Kout/vsp_bcsstk30_500sep_10in_1Kout.mtx,411,6.588093,6.092314,0.000630,0.000681
/data/UFget/MM/DIMACS10/tx2010/tx2010.mtx,30475,6.328952,6.707401,0.000993,0.000937
/data/UFget/MM/DIMACS10/netherlands_osm/netherlands_osm.mtx,12524,5.093666,5.359879,0.001829,0.001738
/data/UFget/MM/DIMACS10/kron_g500-logn16/kron_g500-logn16.mtx,66,0.534525,0.507370,0.009435,0.009940
/data/UFget/MM/DIMACS10/NACA0015/NACA0015.mtx,433,2.907977,3.023277,0.002857,0.002748
/data/UFget/MM/DIMACS10/delaunay_n20/delaunay_n20.mtx,1331,5.845493,4.978636,0.001435,0.001685
/data/UFget/MM/DIMACS10/rgg_n_2_19_s0/rgg_n_2_19_s0.mtx,134,1.773280,1.676862,0.004279,0.004525
/data/UFget/MM/DIMACS10/auto/auto.mtx,1268,4.748631,4.533807,0.001585,0.001660
/data/UFget/MM/DIMACS10/kron_g500-logn17/kron_g500-logn17.mtx,97,0.434337,0.429394,0.024152,0.024430
/data/UFget/MM/DIMACS10/delaunay_n21/delaunay_n21.mtx,1583,6.326382,5.247844,0.002652,0.003197
/data/UFget/MM/DIMACS10/hugetrace-00000/hugetrace-00000.mtx,26678,5.650358,5.449040,0.004059,0.004209
/data/UFget/MM/DIMACS10/rgg_n_2_20_s0/rgg_n_2_20_s0.mtx,184,2.273826,2.009449,0.006984,0.007903
/data/UFget/MM/DIMACS10/italy_osm/italy_osm.mtx,2247,4.540989,4.751246,0.006034,0.005767
/data/UFget/MM/DIMACS10/venturiLevel3/venturiLevel3.mtx,2603,5.437161,5.169519,0.004444,0.004674
/data/UFget/MM/DIMACS10/great-britain_osm/great-britain_osm.mtx,8272,4.964907,5.217749,0.006401,0.006091
/data/UFget/MM/DIMACS10/hugetric-00000/hugetric-00000.mtx,19035,6.045644,5.667703,0.004816,0.005137
/data/UFget/MM/DIMACS10/hugetric-00010/hugetric-00010.mtx,74918,4.586353,4.870263,0.007186,0.006767
/data/UFget/MM/DIMACS10/M6/M6.mtx,1577,3.787453,4.040853,0.007395,0.006931
/data/UFget/MM/DIMACS10/kron_g500-logn18/kron_g500-logn18.mtx,145,0.328911,0.350676,0.065944,0.061851
/data/UFget/MM/DIMACS10/hugetric-00020/hugetric-00020.mtx,86864,4.575026,4.823563,0.007783,0.007382
/data/UFget/MM/DIMACS10/333SP/333SP.mtx,132,1.493272,1.589447,0.019851,0.018650
/data/UFget/MM/DIMACS10/AS365/AS365.mtx,132,1.512571,1.639009,0.020055,0.018508
/data/UFget/MM/DIMACS10/germany_osm/germany_osm.mtx,12068,4.890174,5.447556,0.009782,0.008781
/data/UFget/MM/DIMACS10/NLR/NLR.mtx,1505,3.757092,3.973627,0.008864,0.008381
/data/UFget/MM/DIMACS10/delaunay_n22/delaunay_n22.mtx,3870,7.634649,6.250539,0.004395,0.005368
/data/UFget/MM/DIMACS10/asia_osm/asia_osm.mtx,2791,4.634992,5.039778,0.010642,0.009787
/data/UFget/MM/DIMACS10/adaptive/adaptive.mtx,1666,6.018804,5.338222,0.006792,0.007658
/data/UFget/MM/DIMACS10/rgg_n_2_21_s0/rgg_n_2_21_s0.mtx,255,2.770667,2.335627,0.011972,0.014202
/data/UFget/MM/DIMACS10/coPapersDBLP/coPapersDBLP.mtx,63,2.580064,1.334358,0.012237,0.023661
/data/UFget/MM/DIMACS10/coPapersCiteseer/coPapersCiteseer.mtx,54,2.552225,1.542441,0.012907,0.021357
/data/UFget/MM/DIMACS10/road_central/road_central.mtx,238675,4.573855,3.982163,0.013562,0.015577
/data/UFget/MM/DIMACS10/packing-500x100x100-b050/packing-500x100x100-b050.mtx,1229,8.030362,6.047688,0.004890,0.006493
/data/UFget/MM/DIMACS10/hugetrace-00010/hugetrace-00010.mtx,69697,4.605356,5.444804,0.013089,0.011071
/data/UFget/MM/DIMACS10/hugetrace-00020/hugetrace-00020.mtx,145477,4.545640,5.309828,0.017600,0.015067
/data/UFget/MM/DIMACS10/delaunay_n23/delaunay_n23.mtx,2859,6.985349,6.026262,0.009607,0.011136
/data/UFget/MM/DIMACS10/hugebubbles-00000/hugebubbles-00000.mtx,35228,5.368266,5.254798,0.017059,0.017427
/data/UFget/MM/DIMACS10/road_usa/road_usa.mtx,311005,6.438813,5.655708,0.016401,0.018672
/data/UFget/MM/DIMACS10/hugebubbles-00010/hugebubbles-00010.mtx,262948,4.496406,4.644800,0.021634,0.020943
/data/UFget/MM/DIMACS10/rgg_n_2_22_s0/rgg_n_2_22_s0.mtx,351,3.232040,2.726438,0.021382,0.025347
/data/UFget/MM/DIMACS10/hugebubbles-00020/hugebubbles-00020.mtx,196279,4.463280,4.551299,0.023744,0.023285
/data/UFget/MM/DIMACS10/channel-500x100x100-b050/channel-500x100x100-b050.mtx,2636,12.603449,8.891058,0.007535,0.010681
/data/UFget/MM/DIMACS10/kron_g500-logn20/kron_g500-logn20.mtx,325,0.279167,0.290159,0.327173,0.314779
/data/UFget/MM/DIMACS10/delaunay_n24/delaunay_n24.mtx,7195,7.426481,6.555453,0.018073,0.020474
/data/UFget/MM/DIMACS10/europe_osm/europe_osm.mtx,14711,5.118345,5.666690,0.041016,0.037047
/data/UFget/MM/DIMACS10/rgg_n_2_23_s0/rgg_n_2_23_s0.mtx,484,4.004230,3.283927,0.035907,0.043783
/data/UFget/MM/DIMACS10/kron_g500-logn21/kron_g500-logn21.mtx,484,0.282466,0.275184,0.659465,0.676915
/data/UFget/MM/DNVS/crplat2/crplat2.mtx,22,1.864686,1.659676,0.000525,0.000590
/data/UFget/MM/DNVS/trdheim/trdheim.mtx,8,1.144733,0.832913,0.001710,0.002350
/data/UFget/MM/DNVS/tsyl201/tsyl201.mtx,14,1.981980,1.388367,0.001249,0.001783
/data/UFget/MM/DNVS/shipsec8/shipsec8.mtx,37,3.137878,2.616200,0.002157,0.002587
/data/UFget/MM/DNVS/shipsec1/shipsec1.mtx,68,5.633681,4.943349,0.001412,0.001609
/data/UFget/MM/DNVS/ship_003/ship_003.mtx,28,2.933355,2.581035,0.002798,0.003180
/data/UFget/MM/DNVS/ship_001/ship_001.mtx,8,1.546798,0.940157,0.003025,0.004977
/data/UFget/MM/DNVS/thread/thread.mtx,21,2.903163,2.127546,0.001550,0.002115
/data/UFget/MM/DNVS/shipsec5/shipsec5.mtx,67,5.097625,4.500812,0.002019,0.002287
/data/UFget/MM/DNVS/x104/x104.mtx,22,3.101886,2.322236,0.003313,0.004425
/data/UFget/MM/DNVS/m_t1/m_t1.mtx,23,3.430077,2.443882,0.002872,0.004031
/data/UFget/MM/DNVS/fcondp2/fcondp2.mtx,215,11.717691,8.193424,0.000981,0.001403
/data/UFget/MM/DNVS/fullb/fullb.mtx,149,7.958994,6.967450,0.001496,0.001709
/data/UFget/MM/DNVS/troll/troll.mtx,51,3.764863,3.253910,0.003240,0.003749
/data/UFget/MM/DNVS/halfb/halfb.mtx,115,5.968679,5.806850,0.002113,0.002172
/data/UFget/MM/DRIVCAV/cavity17/cavity17.mtx,15,0.452595,0.360670,0.000318,0.000399
/data/UFget/MM/DRIVCAV/cavity19/cavity19.mtx,15,0.452595,0.354528,0.000318,0.000406
/data/UFget/MM/DRIVCAV/cavity21/cavity21.mtx,15,0.453956,0.316437,0.000317,0.000455
/data/UFget/MM/DRIVCAV/cavity23/cavity23.mtx,15,0.453956,0.321321,0.000317,0.000448
/data/UFget/MM/DRIVCAV/cavity25/cavity25.mtx,15,0.455669,0.363493,0.000316,0.000396
/data/UFget/MM/DRIVCAV/cavity16/cavity16.mtx,15,0.461591,0.367028,0.000312,0.000392
/data/UFget/MM/DRIVCAV/cavity18/cavity18.mtx,15,0.454298,0.362620,0.000317,0.000397
/data/UFget/MM/DRIVCAV/cavity20/cavity20.mtx,15,0.459834,0.367252,0.000313,0.000392
/data/UFget/MM/DRIVCAV/cavity22/cavity22.mtx,15,0.455669,0.359810,0.000316,0.000400
/data/UFget/MM/DRIVCAV/cavity24/cavity24.mtx,15,0.461239,0.365473,0.000312,0.000394
/data/UFget/MM/DRIVCAV/cavity26/cavity26.mtx,15,0.459834,0.366138,0.000313,0.000393
/data/UFget/MM/Dziekonski/gsm_106857/gsm_106857.mtx,3369,6.063121,6.663529,0.003686,0.003354
/data/UFget/MM/Dziekonski/dielFilterV2clx/dielFilterV2clx.mtx,47,1.618982,1.641747,0.016008,0.015786
/data/UFget/MM/Dziekonski/dielFilterV3clx/dielFilterV3clx.mtx,31,1.738793,1.524339,0.019155,0.021850
/data/UFget/MM/Dziekonski/dielFilterV2real/dielFilterV2real.mtx,90,2.657409,2.577079,0.018701,0.019284
/data/UFget/MM/Dziekonski/dielFilterV3real/dielFilterV3real.mtx,64,2.728741,2.695226,0.033132,0.033544
/data/UFget/MM/Engwirda/airfoil_2d/airfoil_2d.mtx,8,0.204091,0.212983,0.001342,0.001286
/data/UFget/MM/FEMLAB/waveguide3D/waveguide3D.mtx,501,2.354790,2.515838,0.000138,0.000129
/data/UFget/MM/FEMLAB/poisson3Da/poisson3Da.mtx,127,2.118997,1.695665,0.000173,0.000216
/data/UFget/MM/FEMLAB/sme3Da/sme3Da.mtx,84,2.722738,2.323335,0.000326,0.000382
/data/UFget/MM/FEMLAB/ns3Da/ns3Da.mtx,118,4.407232,3.215551,0.000386,0.000529
/data/UFget/MM/FEMLAB/sme3Db/sme3Db.mtx,167,5.034429,3.663297,0.000419,0.000576
/data/UFget/MM/FEMLAB/poisson3Db/poisson3Db.mtx,630,4.659317,4.212403,0.000528,0.000584
/data/UFget/MM/FEMLAB/sme3Dc/sme3Dc.mtx,262,5.889345,5.172520,0.000542,0.000617
/data/UFget/MM/FIDAP/ex35/ex35.mtx,28,0.444388,0.445913,0.000558,0.000556
/data/UFget/MM/FIDAP/ex19/ex19.mtx,13,0.399287,0.406402,0.000681,0.000669
/data/UFget/MM/FIDAP/ex40/ex40.mtx,11,0.553088,0.450844,0.000842,0.001033
/data/UFget/MM/FIDAP/ex11/ex11.mtx,23,1.154094,1.041619,0.000965,0.001069
/data/UFget/MM/Fluorem/GT01R/GT01R.mtx,14,1.250564,1.083478,0.000351,0.000405
/data/UFget/MM/Fluorem/PR02R/PR02R.mtx,56,4.521638,3.890911,0.001846,0.002145
/data/UFget/MM/Fluorem/RM07R/RM07R.mtx,112,9.590983,7.434101,0.003946,0.005091
/data/UFget/MM/FreeFieldTechnologies/mono_500Hz/mono_500Hz.mtx,295,3.459170,3.459170,0.001505,0.001505
/data/UFget/MM/Freescale/memchip/memchip.mtx,9026,7.508910,4.470895,0.002333,0.003918
/data/UFget/MM/Freescale/Freescale2/Freescale2.mtx,8497,5.069578,4.506338,0.005137,0.005779
/data/UFget/MM/Freescale/circuit5M_dc/circuit5M_dc.mtx,12813,7.239336,4.265372,0.003138,0.005326
/data/UFget/MM/Freescale/Freescale1/Freescale1.mtx,12560,6.943110,4.128741,0.003219,0.005413
/data/UFget/MM/Freescale/FullChip/FullChip.mtx,9220,10.623590,1.267682,0.002787,0.023357
/data/UFget/MM/Freescale/circuit5M/circuit5M.mtx,308796,15.320696,5.246164,0.004248,0.012406
/data/UFget/MM/Garon/garon2/garon2.mtx,81,1.542397,1.670044,0.000262,0.000242
/data/UFget/MM/GHS_indef/bloweybl/bloweybl.mtx,15002,1.553485,2.761751,0.000103,0.000058
/data/UFget/MM/GHS_indef/cvxqp3/cvxqp3.mtx,761,1.281754,1.343348,0.000109,0.000104
/data/UFget/MM/GHS_indef/aug3dcqp/aug3dcqp.mtx,17772,2.526266,2.716928,0.000068,0.000063
/data/UFget/MM/GHS_indef/stokes64/stokes64.mtx,65,0.799449,0.799449,0.000196,0.000196
/data/UFget/MM/GHS_indef/stokes64s/stokes64s.mtx,65,0.799449,0.803358,0.000196,0.000195
/data/UFget/MM/GHS_indef/bloweya/bloweya.mtx,3,0.073320,0.074551,0.002728,0.002683
/data/UFget/MM/GHS_indef/bratu3d/bratu3d.mtx,13896,3.223080,3.324862,0.000070,0.000068
/data/UFget/MM/GHS_indef/mario001/mario001.mtx,1538,2.242952,2.427783,0.000116,0.000107
/data/UFget/MM/GHS_indef/spmsrtls/spmsrtls.mtx,1,0.038470,0.039438,0.006757,0.006591
/data/UFget/MM/GHS_indef/a5esindl/a5esindl.mtx,20003,3.008714,2.636101,0.000113,0.000129
/data/UFget/MM/GHS_indef/dixmaanl/dixmaanl.mtx,1,0.026665,0.027563,0.013501,0.013061
/data/UFget/MM/GHS_indef/a2nnsnsl/a2nnsnsl.mtx,26672,4.090296,4.717276,0.000113,0.000098
/data/UFget/MM/GHS_indef/ncvxbqp1/ncvxbqp1.mtx,2000,2.838557,2.963935,0.000141,0.000135
/data/UFget/MM/GHS_indef/a0nsdsil/a0nsdsil.mtx,26672,4.015410,4.391016,0.000117,0.000107
/data/UFget/MM/GHS_indef/c-55/c-55.mtx,16390,4.111643,4.274956,0.000106,0.000102
/data/UFget/MM/GHS_indef/ncvxqp5/ncvxqp5.mtx,2500,3.030360,3.420896,0.000165,0.000146
/data/UFget/MM/GHS_indef/helm3d01/helm3d01.mtx,1240,3.438061,3.462706,0.000134,0.000133
/data/UFget/MM/GHS_indef/cont-201/cont-201.mtx,40298,6.744489,7.380762,0.000083,0.000076
/data/UFget/MM/GHS_indef/ncvxqp3/ncvxqp3.mtx,3000,3.280875,3.722532,0.000183,0.000161
/data/UFget/MM/GHS_indef/stokes128/stokes128.mtx,129,2.062950,1.859437,0.000303,0.000336
/data/UFget/MM/GHS_indef/k1_san/k1_san.mtx,130,1.054003,1.062652,0.000615,0.000610
/data/UFget/MM/GHS_indef/ncvxqp7/ncvxqp7.mtx,3500,3.482626,4.021717,0.000201,0.000174
/data/UFget/MM/GHS_indef/blockqp1/blockqp1.mtx,20004,2.940693,4.421804,0.000245,0.000163
/data/UFget/MM/GHS_indef/olesnik0/olesnik0.mtx,105,0.971415,0.990358,0.000885,0.000868
/data/UFget/MM/GHS_indef/copter2/copter2.mtx,292,2.614796,2.471209,0.000312,0.000330
/data/UFget/MM/GHS_indef/cont-300/cont-300.mtx,90448,10.004273,9.621596,0.000126,0.000131
/data/UFget/MM/GHS_indef/dawson5/dawson5.mtx,34,0.867875,0.877273,0.001224,0.001211
/data/UFget/MM/GHS_indef/boyd1/boyd1.mtx,46640,3.573865,8.698866,0.000365,0.000150
/data/UFget/MM/GHS_indef/boyd2/boyd2.mtx,233158,10.452963,5.151945,0.000206,0.000418
/data/UFget/MM/GHS_indef/sparsine/sparsine.mtx,736,5.515330,5.076943,0.000290,0.000315
/data/UFget/MM/GHS_indef/d_pretok/d_pretok.mtx,316,2.050178,2.039033,0.000916,0.000921
/data/UFget/MM/GHS_indef/turon_m/turon_m.mtx,220,1.834272,1.830964,0.001056,0.001058
/data/UFget/MM/GHS_indef/darcy003/darcy003.mtx,12577,4.839470,4.956136,0.000547,0.000534
/data/UFget/MM/GHS_indef/mario002/mario002.mtx,12577,4.867051,4.918805,0.000544,0.000538
/data/UFget/MM/GHS_indef/exdata_1/exdata_1.mtx,4,0.594725,0.521424,0.003826,0.004364
/data/UFget/MM/GHS_indef/helm2d03/helm2d03.mtx,43585,13.386715,8.979340,0.000234,0.000349
/data/UFget/MM/GHS_indef/bmw3_2/bmw3_2.mtx,196,6.242126,6.112575,0.001845,0.001884
/data/UFget/MM/GHS_psdef/ford1/ford1.mtx,177,0.813857,0.852351,0.000148,0.000141
/data/UFget/MM/GHS_psdef/pds10/pds10.mtx,535,1.446391,1.383255,0.000115,0.000120
/data/UFget/MM/GHS_psdef/obstclae/obstclae.mtx,101,0.731181,0.784725,0.000325,0.000303
/data/UFget/MM/GHS_psdef/torsion1/torsion1.mtx,101,0.728509,0.792210,0.000326,0.000300
/data/UFget/MM/GHS_psdef/jnlbrng1/jnlbrng1.mtx,101,0.468165,0.618162,0.000511,0.000387
/data/UFget/MM/GHS_psdef/minsurfo/minsurfo.mtx,81,0.559305,0.720960,0.000437,0.000339
/data/UFget/MM/GHS_psdef/copter1/copter1.mtx,119,0.924229,1.041894,0.000247,0.000219
/data/UFget/MM/GHS_psdef/finance256/finance256.mtx,144,1.975805,2.363673,0.000170,0.000142
/data/UFget/MM/GHS_psdef/pwt/pwt.mtx,155,1.369004,1.451301,0.000265,0.000250
/data/UFget/MM/GHS_psdef/cvxbqp1/cvxbqp1.mtx,2000,2.853040,3.006429,0.000140,0.000133
/data/UFget/MM/GHS_psdef/wathen100/wathen100.mtx,38,0.622943,0.638626,0.000806,0.000786
/data/UFget/MM/GHS_psdef/gridgena/gridgena.mtx,51,0.611697,0.626183,0.000917,0.000896
/data/UFget/MM/GHS_psdef/apache1/apache1.mtx,391,1.784825,1.984043,0.000349,0.000314
/data/UFget/MM/GHS_psdef/ford2/ford2.mtx,357,1.902138,2.015529,0.000339,0.000320
/data/UFget/MM/GHS_psdef/wathen120/wathen120.mtx,40,0.658795,0.666795,0.000914,0.000903
/data/UFget/MM/GHS_psdef/copter2/copter2.mtx,292,2.612798,2.449966,0.000312,0.000333
/data/UFget/MM/GHS_psdef/opt1/opt1.mtx,5,0.959623,0.663730,0.002028,0.002932
/data/UFget/MM/GHS_psdef/oilpan/oilpan.mtx,25,2.612767,2.223399,0.001405,0.001651
/data/UFget/MM/GHS_psdef/vanbody/vanbody.mtx,20,1.232023,1.011031,0.001935,0.002358
/data/UFget/MM/GHS_psdef/ramage02/ramage02.mtx,11,2.229936,1.454702,0.001293,0.001982
/data/UFget/MM/GHS_psdef/srb1/srb1.mtx,34,3.206115,2.449107,0.000941,0.001232
/data/UFget/MM/GHS_psdef/s3dkt3m2/s3dkt3m2.mtx,61,4.338678,4.252843,0.000886,0.000904
/data/UFget/MM/GHS_psdef/s3dkq4m2/s3dkq4m2.mtx,38,3.906629,3.554115,0.001257,0.001382
/data/UFget/MM/GHS_psdef/apache2/apache2.mtx,1078,4.437338,4.568362,0.001247,0.001211
/data/UFget/MM/GHS_psdef/bmw7st_1/bmw7st_1.mtx,200,6.303264,5.844226,0.001187,0.001280
/data/UFget/MM/GHS_psdef/hood/hood.mtx,366,8.157719,6.319045,0.001347,0.001739
/data/UFget/MM/GHS_psdef/crankseg_1/crankseg_1.mtx,14,2.500458,1.614780,0.004266,0.006606
/data/UFget/MM/GHS_psdef/bmwcra_1/bmwcra_1.mtx,205,6.809291,5.824520,0.001585,0.001853
/data/UFget/MM/GHS_psdef/crankseg_2/crankseg_2.mtx,15,2.892260,1.831803,0.004914,0.007759
/data/UFget/MM/GHS_psdef/inline_1/inline_1.mtx,288,11.908075,9.673196,0.003134,0.003858
/data/UFget/MM/GHS_psdef/ldoor/ldoor.mtx,142,9.181263,5.431177,0.005171,0.008741
/data/UFget/MM/GHS_psdef/audikw_1/audikw_1.mtx,204,11.903000,9.114762,0.006603,0.008623
/data/UFget/MM/Gleich/usroads-48/usroads-48.mtx,78,0.480558,0.490407,0.001199,0.001175
/data/UFget/MM/Gleich/usroads/usroads.mtx,80,0.488587,0.500664,0.001206,0.001177
/data/UFget/MM/Gleich/flickr/flickr.mtx,347,1.347918,0.405962,0.008516,0.028276
/data/UFget/MM/Gleich/wikipedia-20051105/wikipedia-20051105.mtx,711,1.776098,1.184218,0.012953,0.019427
/data/UFget/MM/Gleich/wikipedia-20060925/wikipedia-20060925.mtx,1325,1.956823,1.572722,0.022086,0.027480
/data/UFget/MM/Gleich/wikipedia-20061104/wikipedia-20061104.mtx,1401,1.927619,1.634383,0.023688,0.027938
/data/UFget/MM/Gleich/wikipedia-20070206/wikipedia-20070206.mtx,1537,1.906580,1.777756,0.027351,0.029333
/data/UFget/MM/Gleich/wb-edu/wb-edu.mtx,1336,2.614163,2.753100,0.028691,0.027243
/data/UFget/MM/Goodwin/goodwin/goodwin.mtx,4,0.239538,0.191381,0.001391,0.001741
/data/UFget/MM/Goodwin/rim/rim.mtx,4,0.283139,0.221217,0.003676,0.004705
/data/UFget/MM/Graham/graham1/graham1.mtx,16,0.592412,0.442686,0.000585,0.000783
/data/UFget/MM/Grund/bayer01/bayer01.mtx,6415,4.410098,4.052522,0.000089,0.000097
/data/UFget/MM/Gupta/gupta3/gupta3.mtx,54,1.593349,11.228341,0.005862,0.000832
/data/UFget/MM/Hamm/bcircuit/bcircuit.mtx,193,1.103077,1.130504,0.000403,0.000393
/data/UFget/MM/Hamm/hcircuit/hcircuit.mtx,4595,4.261771,4.451833,0.000145,0.000139
/data/UFget/MM/Hamm/scircuit/scircuit.mtx,147,0.807022,0.879339,0.001400,0.001285
/data/UFget/MM/Hamrle/Hamrle3/Hamrle3.mtx,41354,9.262006,9.218431,0.000908,0.000912
/data/UFget/MM/HB/bcsstk15/bcsstk15.mtx,11,0.390157,0.370084,0.000312,0.000329
/data/UFget/MM/HB/bcsstk18/bcsstk18.mtx,39,0.509383,0.504815,0.000316,0.000319
/data/UFget/MM/HB/bcsstk24/bcsstk24.mtx,5,0.500110,0.476809,0.000327,0.000343
/data/UFget/MM/HB/lock3491/lock3491.mtx,3,0.286270,0.259980,0.000573,0.000631
/data/UFget/MM/HB/bcsstk28/bcsstk28.mtx,5,0.514918,0.431270,0.000434,0.000518
/data/UFget/MM/HB/man_5976/man_5976.mtx,2,0.165931,0.159620,0.001393,0.001448
/data/UFget/MM/HB/bcsstk25/bcsstk25.mtx,18,0.337157,0.310576,0.000794,0.000862
/data/UFget/MM/HB/cegb2802/cegb2802.mtx,3,0.462449,0.349034,0.000606,0.000803
/data/UFget/MM/HB/bcsstk16/bcsstk16.mtx,8,0.624203,0.500371,0.000473,0.000590
/data/UFget/MM/HB/cegb2919/cegb2919.mtx,5,0.707088,0.498405,0.000459,0.000651
/data/UFget/MM/HB/bcsstk17/bcsstk17.mtx,9,0.469190,0.456076,0.000937,0.000964
/data/UFget/MM/HB/psmigr_2/psmigr_2.mtx,2,0.294670,0.220726,0.001854,0.002475
/data/UFget/MM/HB/psmigr_1/psmigr_1.mtx,2,0.297579,0.217231,0.001836,0.002515
/data/UFget/MM/HB/psmigr_3/psmigr_3.mtx,2,0.295773,0.217561,0.001847,0.002511
/data/UFget/MM/HB/bcsstk33/bcsstk33.mtx,9,0.727904,0.623737,0.000825,0.000963
/data/UFget/MM/HB/bcsstk29/bcsstk29.mtx,13,0.832396,0.748875,0.000761,0.000846
/data/UFget/MM/HB/bcsstk31/bcsstk31.mtx,18,0.713814,0.619326,0.001705,0.001965
/data/UFget/MM/HB/bcsstk32/bcsstk32.mtx,16,0.980628,0.890359,0.002100,0.002313
/data/UFget/MM/HB/bcsstk30/bcsstk30.mtx,6,0.623465,0.500711,0.003324,0.004139
/data/UFget/MM/Hohn/sinc18/sinc18.mtx,658,4.435221,3.658865,0.000227,0.000275
/data/UFget/MM/Hollinger/mark3jac040/mark3jac040.mtx,8,0.081464,0.090409,0.001617,0.001457
/data/UFget/MM/Hollinger/mark3jac040sc/mark3jac040sc.mtx,8,0.082535,0.092700,0.001596,0.001421
/data/UFget/MM/Hollinger/g7jac040/g7jac040.mtx,90,0.404277,0.604802,0.000313,0.000209
/data/UFget/MM/Hollinger/g7jac040sc/g7jac040sc.mtx,90,0.503715,0.602741,0.000251,0.000210
/data/UFget/MM/Hollinger/jan99jac060/jan99jac060.mtx,12,0.125359,0.145176,0.001179,0.001018
/data/UFget/MM/Hollinger/jan99jac060sc/jan99jac060sc.mtx,12,0.126536,0.145312,0.001168,0.001017
/data/UFget/MM/Hollinger/g7jac050sc/g7jac050sc.mtx,92,0.568287,0.667188,0.000304,0.000259
/data/UFget/MM/Hollinger/jan99jac080/jan99jac080.mtx,12,0.125191,0.151031,0.001590,0.001318
/data/UFget/MM/Hollinger/jan99jac080sc/jan99jac080sc.mtx,12,0.126711,0.151607,0.001571,0.001313
/data/UFget/MM/Hollinger/mark3jac060/mark3jac060.mtx,8,0.083008,0.093421,0.002387,0.002121
/data/UFget/MM/Hollinger/mark3jac060sc/mark3jac060sc.mtx,8,0.084023,0.093201,0.002358,0.002126
/data/UFget/MM/Hollinger/g7jac060/g7jac060.mtx,93,0.642505,0.731755,0.000344,0.000302
/data/UFget/MM/Hollinger/g7jac060sc/g7jac060sc.mtx,93,0.646537,0.727164,0.000342,0.000304
/data/UFget/MM/Hollinger/jan99jac100/jan99jac100.mtx,12,0.128633,0.154238,0.001946,0.001623
/data/UFget/MM/Hollinger/jan99jac100sc/jan99jac100sc.mtx,12,0.128696,0.155380,0.001945,0.001611
/data/UFget/MM/Hollinger/mark3jac080/mark3jac080.mtx,8,0.085563,0.094383,0.003092,0.002803
/data/UFget/MM/Hollinger/mark3jac080sc/mark3jac080sc.mtx,8,0.084097,0.094423,0.003146,0.002802
/data/UFget/MM/Hollinger/jan99jac120/jan99jac120.mtx,12,0.130268,0.154426,0.002315,0.001953
/data/UFget/MM/Hollinger/jan99jac120sc/jan99jac120sc.mtx,12,0.130107,0.153787,0.002318,0.001961
/data/UFget/MM/Hollinger/g7jac080/g7jac080.mtx,95,0.629039,0.778670,0.000505,0.000408
/data/UFget/MM/Hollinger/g7jac080sc/g7jac080sc.mtx,95,0.630229,0.780494,0.000504,0.000407
/data/UFget/MM/Hollinger/mark3jac100/mark3jac100.mtx,8,0.084825,0.094916,0.003902,0.003487
/data/UFget/MM/Hollinger/mark3jac100sc/mark3jac100sc.mtx,8,0.083584,0.093706,0.003960,0.003532
/data/UFget/MM/Hollinger/mark3jac120/mark3jac120.mtx,8,0.085060,0.095988,0.004672,0.004140
/data/UFget/MM/Hollinger/mark3jac120sc/mark3jac120sc.mtx,8,0.085703,0.095988,0.004637,0.004140
/data/UFget/MM/Hollinger/g7jac100/g7jac100.mtx,96,0.662652,0.777045,0.000625,0.000533
/data/UFget/MM/Hollinger/g7jac100sc/g7jac100sc.mtx,96,0.648069,0.771525,0.000639,0.000537
/data/UFget/MM/Hollinger/mark3jac140/mark3jac140.mtx,8,0.084823,0.095617,0.005468,0.004851
/data/UFget/MM/Hollinger/mark3jac140sc/mark3jac140sc.mtx,8,0.084422,0.095537,0.005494,0.004855
/data/UFget/MM/Hollinger/g7jac120/g7jac120.mtx,96,0.685865,0.798005,0.000745,0.000640
/data/UFget/MM/Hollinger/g7jac120sc/g7jac120sc.mtx,96,0.689396,0.791812,0.000741,0.000645
/data/UFget/MM/Hollinger/g7jac140/g7jac140.mtx,97,0.708710,0.911887,0.000857,0.000666
/data/UFget/MM/Hollinger/g7jac140sc/g7jac140sc.mtx,97,0.713873,0.838924,0.000851,0.000724
/data/UFget/MM/Hollinger/g7jac160/g7jac160.mtx,97,0.728952,0.848315,0.000966,0.000830
/data/UFget/MM/Hollinger/g7jac160sc/g7jac160sc.mtx,97,0.713971,0.848315,0.000986,0.000830
/data/UFget/MM/Hollinger/g7jac180/g7jac180.mtx,97,0.738542,0.872247,0.001084,0.000918
/data/UFget/MM/Hollinger/g7jac180sc/g7jac180sc.mtx,97,0.729875,0.868413,0.001097,0.000922
/data/UFget/MM/Hollinger/g7jac200/g7jac200.mtx,98,0.760421,0.891994,0.001180,0.001006
/data/UFget/MM/Hollinger/g7jac200sc/g7jac200sc.mtx,98,0.743446,0.889254,0.001207,0.001009
/data/UFget/MM/HVDC/hvdc1/hvdc1.mtx,691,1.745945,2.034645,0.000106,0.000091
/data/UFget/MM/HVDC/hvdc2/hvdc2.mtx,1195,4.862508,4.776063,0.000316,0.000322
/data/UFget/MM/IBM_EDA/trans4/trans4.mtx,7789,5.889563,0.627249,0.000150,0.001408
/data/UFget/MM/IBM_EDA/trans5/trans5.mtx,7789,5.889563,0.625978,0.000150,0.001411
/data/UFget/MM/IBM_EDA/dc1/dc1.mtx,7789,5.889563,0.617628,0.000150,0.001430
/data/UFget/MM/IBM_EDA/dc2/dc2.mtx,7789,5.927256,0.626825,0.000149,0.001409
/data/UFget/MM/IBM_EDA/dc3/dc3.mtx,7789,5.965435,0.626825,0.000148,0.001409
/data/UFget/MM/INPRO/msdoor/msdoor.mtx,60,3.569582,3.431322,0.005787,0.006020
/data/UFget/MM/IPSO/OPF_3754/OPF_3754.mtx,644,1.812398,1.996121,0.000096,0.000087
/data/UFget/MM/IPSO/OPF_6000/OPF_6000.mtx,1108,3.132250,3.189591,0.000106,0.000104
/data/UFget/MM/IPSO/OPF_10000/OPF_10000.mtx,1330,4.224011,4.191011,0.000121,0.000122
/data/UFget/MM/IPSO/HTC_336_9129/HTC_336_9129.mtx,37724,5.899467,5.331820,0.000188,0.000208
/data/UFget/MM/IPSO/TSC_OPF_300/TSC_OPF_300.mtx,178,4.746181,1.744465,0.000175,0.000476
/data/UFget/MM/IPSO/TSC_OPF_1047/TSC_OPF_1047.mtx,51,8.921893,1.880372,0.000227,0.001077
/data/UFget/MM/Janna/CoupCons3D/CoupCons3D.mtx,179,11.329870,8.018062,0.002007,0.002836
/data/UFget/MM/Janna/StocF-1465/StocF-1465.mtx,488,4.235685,3.780969,0.005305,0.005943
/data/UFget/MM/Janna/Transport/Transport.mtx,2806,12.931583,11.343347,0.001941,0.002213
/data/UFget/MM/Janna/Fault_639/Fault_639.mtx,144,7.298644,5.711377,0.004008,0.005122
/data/UFget/MM/Janna/ML_Laplace/ML_Laplace.mtx,45,5.228577,4.092523,0.005368,0.006858
/data/UFget/MM/Janna/PFlow_742/PFlow_742.mtx,119,5.077187,3.653296,0.007461,0.010369
/data/UFget/MM/Janna/Emilia_923/Emilia_923.mtx,177,8.152622,6.350808,0.005143,0.006602
/data/UFget/MM/Janna/Hook_1498/Hook_1498.mtx,96,5.214825,4.011300,0.011969,0.015560
/data/UFget/MM/Janna/Geo_1438/Geo_1438.mtx,247,9.755846,7.635476,0.006621,0.008460
/data/UFget/MM/Janna/Serena/Serena.mtx,299,10.717521,8.476695,0.006151,0.007777
/data/UFget/MM/Janna/Long_Coup_dt0/Long_Coup_dt0.mtx,201,11.973952,9.120337,0.007396,0.009710
/data/UFget/MM/Janna/Long_Coup_dt6/Long_Coup_dt6.mtx,201,12.555994,9.469572,0.007053,0.009352
/data/UFget/MM/Janna/ML_Geer/ML_Geer.mtx,89,9.860732,7.800694,0.011397,0.014407
/data/UFget/MM/Janna/Flan_1565/Flan_1565.mtx,201,12.230988,8.958544,0.009727,0.013280
/data/UFget/MM/Janna/Cube_Coup_dt0/Cube_Coup_dt0.mtx,100,8.018515,6.401020,0.016134,0.020211
/data/UFget/MM/Janna/Cube_Coup_dt6/Cube_Coup_dt6.mtx,100,8.059484,6.489283,0.016052,0.019936
/data/UFget/MM/Janna/Bump_2911/Bump_2911.mtx,284,9.950595,8.212302,0.013129,0.015908
/data/UFget/MM/JGD_CAG/CAG_mat1916/CAG_mat1916.mtx,4,0.367768,0.308226,0.000538,0.000642
/data/UFget/MM/JGD_Homology/m133-b3/m133-b3.mtx,22245,6.637942,5.434949,0.000181,0.000221
/data/UFget/MM/JGD_Homology/shar_te2-b3/shar_te2-b3.mtx,22245,6.560143,5.512242,0.000183,0.000218
/data/UFget/MM/JGD_Homology/ch7-8-b5/ch7-8-b5.mtx,10856,6.726126,5.326426,0.000168,0.000212
/data/UFget/MM/JGD_SPG/EX5/EX5.mtx,156,1.745384,1.715331,0.000177,0.000180
/data/UFget/MM/JGD_SPG/EX6/EX6.mtx,153,1.706291,1.651882,0.000181,0.000187
/data/UFget/MM/JGD_Trefethen/Trefethen_20000b/Trefethen_20000b.mtx,1,0.102486,0.105636,0.005605,0.005438
/data/UFget/MM/JGD_Trefethen/Trefethen_20000/Trefethen_20000.mtx,1,0.102240,0.104929,0.005619,0.005475
/data/UFget/MM/Kamvar/Stanford/Stanford.mtx,1454,0.651338,0.969392,0.004416,0.002967
/data/UFget/MM/Kim/kim1/kim1.mtx,50,1.504329,1.633358,0.000646,0.000595
/data/UFget/MM/Kim/kim2/kim2.mtx,170,5.494970,5.497414,0.002145,0.002144
/data/UFget/MM/Koutsovasilis/F2/F2.mtx,64,3.744095,2.791931,0.001433,0.001922
/data/UFget/MM/Koutsovasilis/F1/F1.mtx,246,9.816168,6.485662,0.002769,0.004191
/data/UFget/MM/LAW/dblp-2010/dblp-2010.mtx,209,1.011993,1.192244,0.002241,0.001902
/data/UFget/MM/LAW/cnr-2000/cnr-2000.mtx,150,1.085203,1.035582,0.003483,0.003650
/data/UFget/MM/LAW/amazon-2008/amazon-2008.mtx,352,1.859936,1.812765,0.003564,0.003657
/data/UFget/MM/LAW/in-2004/in-2004.mtx,378,2.036902,1.895656,0.009478,0.010184
/data/UFget/MM/LAW/ljournal-2008/ljournal-2008.mtx,76,0.295488,0.394337,0.300242,0.224980
/data/UFget/MM/LAW/hollywood-2009/hollywood-2009.mtx,14,0.290200,0.349387,0.396386,0.329237
/data/UFget/MM/LAW/indochina-2004/indochina-2004.mtx,454,0.365444,0.419587,0.564892,0.491999
/data/UFget/MM/Lee/fem_filter/fem_filter.mtx,90,0.797708,0.641030,0.002263,0.002816
/data/UFget/MM/Lee/fem_hifreq_circuit/fem_hifreq_circuit.mtx,1059,12.101507,9.431536,0.001713,0.002198
/data/UFget/MM/LeGresley/LeGresley_87936/LeGresley_87936.mtx,1543,3.764255,3.571578,0.000181,0.000191
/data/UFget/MM/Li/li/li.mtx,18,0.925703,0.742975,0.001483,0.001848
/data/UFget/MM/Li/pli/pli.mtx,18,0.896869,0.744127,0.001531,0.001845
/data/UFget/MM/Lin/Lin/Lin.mtx,1293,4.321223,3.868017,0.000468,0.000523
/data/UFget/MM/Lourakis/bundle1/bundle1.mtx,1059,7.449484,8.073333,0.000105,0.000097
/data/UFget/MM/Mallya/lhr10/lhr10.mtx,50,0.764303,0.785737,0.000332,0.000323
/data/UFget/MM/Mallya/lhr11/lhr11.mtx,78,0.824568,0.848724,0.000310,0.000301
/data/UFget/MM/Mallya/lhr10c/lhr10c.mtx,50,0.759938,0.776567,0.000334,0.000327
/data/UFget/MM/Mallya/lhr11c/lhr11c.mtx,78,0.798762,0.846044,0.000320,0.000302
/data/UFget/MM/Mallya/lhr14/lhr14.mtx,81,1.092462,1.192196,0.000308,0.000282
/data/UFget/MM/Mallya/lhr14c/lhr14c.mtx,81,1.099274,1.184188,0.000306,0.000284
/data/UFget/MM/Mallya/lhr17/lhr17.mtx,180,1.442163,1.738910,0.000289,0.000240
/data/UFget/MM/Mallya/lhr17c/lhr17c.mtx,180,1.432714,1.737183,0.000291,0.000240
/data/UFget/MM/Mallya/lhr34/lhr34.mtx,359,2.646714,2.875066,0.000315,0.000290
/data/UFget/MM/Mallya/lhr34c/lhr34c.mtx,359,2.605328,2.858624,0.000320,0.000292
/data/UFget/MM/Mallya/lhr71/lhr71.mtx,718,4.474539,4.876780,0.000373,0.000342
/data/UFget/MM/Mallya/lhr71c/lhr71c.mtx,718,4.463125,4.907559,0.000374,0.000340
/data/UFget/MM/Mancktelow/viscorocks/viscorocks.mtx,16,0.663047,0.651124,0.001810,0.001843
/data/UFget/MM/MathWorks/Muu/Muu.mtx,35,0.891345,0.922310,0.000199,0.000192
/data/UFget/MM/MathWorks/Kuu/Kuu.mtx,18,1.169093,1.079030,0.000297,0.000322
/data/UFget/MM/MaxPlanck/shallow_water1/shallow_water1.mtx,81,0.503218,0.528611,0.000814,0.000775
/data/UFget/MM/MaxPlanck/shallow_water2/shallow_water2.mtx,81,0.500725,0.523776,0.000818,0.000782
/data/UFget/MM/Mazaheri/bundle_adj/bundle_adj.mtx,57039,29.352198,22.950055,0.000706,0.000903
/data/UFget/MM/McRae/ecology2/ecology2.mtx,501,3.310822,3.428163,0.001811,0.001749
/data/UFget/MM/McRae/ecology1/ecology1.mtx,501,3.267383,3.387533,0.001835,0.001770
/data/UFget/MM/Meng/iChem_Jacobian/iChem_Jacobian.mtx,795,4.595874,4.051453,0.000960,0.001089
/data/UFget/MM/MKS/fp/fp.mtx,30,0.707536,3.194612,0.001210,0.000268
/data/UFget/MM/Muite/Chebyshev4/Chebyshev4.mtx,4,0.717299,0.277835,0.007592,0.019601
/data/UFget/MM/Mulvey/finan512/finan512.mtx,145,2.449999,2.959557,0.000274,0.000227
/data/UFget/MM/Mulvey/pfinan512/pfinan512.mtx,145,2.443624,2.934894,0.000275,0.000229
/data/UFget/MM/Nasa/shuttle_eddy/shuttle_eddy.mtx,2,0.058748,0.061435,0.001941,0.001856
/data/UFget/MM/Nasa/nasa4704/nasa4704.mtx,15,0.391063,0.388417,0.000280,0.000282
/data/UFget/MM/Nasa/nasa2910/nasa2910.mtx,7,0.430125,0.352923,0.000412,0.000502
/data/UFget/MM/Nasa/skirt/skirt.mtx,29,0.557600,0.521465,0.000375,0.000401
/data/UFget/MM/Nasa/pwt/pwt.mtx,155,1.378934,1.449918,0.000263,0.000250
/data/UFget/MM/Nasa/nasasrb/nasasrb.mtx,16,1.041976,0.978955,0.002622,0.002791
/data/UFget/MM/ND/nd3k/nd3k.mtx,3,0.953201,0.614586,0.003450,0.005351
/data/UFget/MM/ND/nd6k/nd6k.mtx,4,1.233780,0.810239,0.005605,0.008535
/data/UFget/MM/ND/nd12k/nd12k.mtx,5,1.753195,1.181474,0.008132,0.012067
/data/UFget/MM/ND/nd24k/nd24k.mtx,7,2.139525,1.516009,0.013455,0.018989
/data/UFget/MM/Nemeth/nemeth02/nemeth02.mtx,2,0.141471,0.136914,0.002858,0.002953
/data/UFget/MM/Nemeth/nemeth03/nemeth03.mtx,2,0.141024,0.137146,0.002867,0.002948
/data/UFget/MM/Nemeth/nemeth04/nemeth04.mtx,2,0.140825,0.136539,0.002871,0.002961
/data/UFget/MM/Nemeth/nemeth05/nemeth05.mtx,2,0.140336,0.135720,0.002881,0.002979
/data/UFget/MM/Nemeth/nemeth06/nemeth06.mtx,2,0.140580,0.136539,0.002876,0.002961
/data/UFget/MM/Nemeth/nemeth07/nemeth07.mtx,2,0.140885,0.141768,0.002870,0.002852
/data/UFget/MM/Nemeth/nemeth08/nemeth08.mtx,2,0.140840,0.142257,0.002871,0.002842
/data/UFget/MM/Nemeth/nemeth09/nemeth09.mtx,2,0.140334,0.138650,0.002886,0.002921
/data/UFget/MM/Nemeth/nemeth10/nemeth10.mtx,2,0.144192,0.140730,0.002850,0.002920
/data/UFget/MM/Nemeth/nemeth11/nemeth11.mtx,2,0.143616,0.139256,0.002909,0.003000
/data/UFget/MM/Nemeth/nemeth12/nemeth12.mtx,1,0.155379,0.148981,0.002937,0.003063
/data/UFget/MM/Nemeth/nemeth13/nemeth13.mtx,1,0.163666,0.155468,0.002957,0.003113
/data/UFget/MM/Nemeth/nemeth14/nemeth14.mtx,1,0.169790,0.154491,0.002978,0.003273
/data/UFget/MM/Nemeth/nemeth15/nemeth15.mtx,1,0.174002,0.160521,0.003157,0.003422
/data/UFget/MM/Nemeth/nemeth16/nemeth16.mtx,1,0.183376,0.167278,0.003253,0.003566
/data/UFget/MM/Nemeth/nemeth17/nemeth17.mtx,1,0.194676,0.172170,0.003283,0.003712
/data/UFget/MM/Nemeth/nemeth18/nemeth18.mtx,1,0.200210,0.171804,0.003520,0.004102
/data/UFget/MM/Nemeth/nemeth01/nemeth01.mtx,1,0.209632,0.164731,0.003504,0.004459
/data/UFget/MM/Nemeth/nemeth19/nemeth19.mtx,1,0.231750,0.173249,0.003572,0.004778
/data/UFget/MM/Nemeth/nemeth20/nemeth20.mtx,1,0.261146,0.173752,0.003758,0.005648
/data/UFget/MM/Nemeth/nemeth21/nemeth21.mtx,1,0.292884,0.197176,0.004040,0.006001
/data/UFget/MM/Nemeth/nemeth22/nemeth22.mtx,1,0.315359,0.205729,0.004339,0.006651
/data/UFget/MM/Nemeth/nemeth24/nemeth24.mtx,1,0.336979,0.212243,0.004499,0.007143
/data/UFget/MM/Nemeth/nemeth23/nemeth23.mtx,1,0.328846,0.213119,0.004611,0.007115
/data/UFget/MM/Nemeth/nemeth25/nemeth25.mtx,1,0.336709,0.215628,0.004518,0.007055
/data/UFget/MM/Nemeth/nemeth26/nemeth26.mtx,1,0.337905,0.212589,0.004502,0.007156
/data/UFget/MM/Newman/cond-mat-2003/cond-mat-2003.mtx,185,1.254491,0.981649,0.000241,0.000308
/data/UFget/MM/Newman/astro-ph/astro-ph.mtx,56,0.760360,0.521526,0.000363,0.000529
/data/UFget/MM/Newman/cond-mat-2005/cond-mat-2005.mtx,178,1.390257,0.844385,0.000311,0.000512
/data/UFget/MM/Norris/lung2/lung2.mtx,115,1.797204,1.923132,0.000335,0.000313
/data/UFget/MM/Norris/heart2/heart2.mtx,3,0.753650,0.490722,0.000909,0.001396
/data/UFget/MM/Norris/heart3/heart3.mtx,3,0.737595,0.472177,0.000929,0.001451
/data/UFget/MM/Norris/torso2/torso2.mtx,226,1.755042,1.705377,0.000655,0.000674
/data/UFget/MM/Norris/heart1/heart1.mtx,3,0.838216,0.568113,0.001660,0.002449
/data/UFget/MM/Norris/stomach/stomach.mtx,126,1.373758,1.334048,0.002355,0.002425
/data/UFget/MM/Norris/torso3/torso3.mtx,936,6.556761,5.425973,0.000715,0.000864
/data/UFget/MM/Norris/torso1/torso1.mtx,45,0.711034,0.896348,0.012141,0.009631
/data/UFget/MM/Oberwolfach/piston/piston.mtx,2,0.163791,0.158690,0.000623,0.000643
/data/UFget/MM/Oberwolfach/rail_20209/rail_20209.mtx,2887,2.157252,2.533137,0.000074,0.000063
/data/UFget/MM/Oberwolfach/t2dah_a/t2dah_a.mtx,13,0.394926,0.353888,0.000475,0.000530
/data/UFget/MM/Oberwolfach/t2dah_e/t2dah_e.mtx,13,0.385067,0.358729,0.000487,0.000523
/data/UFget/MM/Oberwolfach/t2dah/t2dah.mtx,13,0.360042,0.361365,0.000521,0.000519
/data/UFget/MM/Oberwolfach/chipcool0/chipcool0.mtx,38,0.601074,0.536956,0.000501,0.000561
/data/UFget/MM/Oberwolfach/chipcool1/chipcool1.mtx,38,0.603659,0.537871,0.000499,0.000560
/data/UFget/MM/Oberwolfach/inlet/inlet.mtx,8,0.389163,0.452214,0.000874,0.000752
/data/UFget/MM/Oberwolfach/gyro_m/gyro_m.mtx,19,0.507504,0.484093,0.000705,0.000739
/data/UFget/MM/Oberwolfach/t3dl_a/t3dl_a.mtx,33,0.759798,0.761880,0.000698,0.000696
/data/UFget/MM/Oberwolfach/t3dl/t3dl.mtx,33,0.766344,0.768197,0.000692,0.000690
/data/UFget/MM/Oberwolfach/rail_79841/rail_79841.mtx,11406,6.612414,6.225270,0.000096,0.000102
/data/UFget/MM/Oberwolfach/gyro_k/gyro_k.mtx,7,0.684562,0.508329,0.001517,0.002043
/data/UFget/MM/Oberwolfach/gyro/gyro.mtx,7,0.662691,0.511072,0.001567,0.002032
/data/UFget/MM/Oberwolfach/windscreen/windscreen.mtx,57,3.960333,3.129783,0.000380,0.000481
/data/UFget/MM/Oberwolfach/gas_sensor/gas_sensor.mtx,83,1.682933,1.567800,0.001052,0.001129
/data/UFget/MM/Oberwolfach/filter3D/filter3D.mtx,44,1.174829,0.956411,0.002395,0.002942
/data/UFget/MM/Oberwolfach/t3dh_a/t3dh_a.mtx,46,2.432101,1.832589,0.001822,0.002418
/data/UFget/MM/Oberwolfach/t3dh_e/t3dh_e.mtx,46,2.435926,1.828083,0.001819,0.002424
/data/UFget/MM/Oberwolfach/t3dh/t3dh.mtx,46,2.418808,1.851760,0.001832,0.002393
/data/UFget/MM/Oberwolfach/boneS01/boneS01.mtx,157,7.039246,5.567217,0.000972,0.001229
/data/UFget/MM/Oberwolfach/boneS10/boneS10.mtx,387,14.725329,10.389175,0.003829,0.005427
/data/UFget/MM/Oberwolfach/bone010/bone010.mtx,471,17.961151,11.983047,0.004045,0.006063
/data/UFget/MM/Okunbor/aft01/aft01.mtx,17,0.262187,0.299243,0.000510,0.000447
/data/UFget/MM/Okunbor/aft02/aft02.mtx,16,0.259417,0.266075,0.000524,0.000511
/data/UFget/MM/Pajek/foldoc/foldoc.mtx,2,0.044979,0.046472,0.003267,0.003162
/data/UFget/MM/Pajek/Wordnet3/Wordnet3.mtx,591,1.022434,0.917858,0.000291,0.000324
/data/UFget/MM/Pajek/dictionary28/dictionary28.mtx,1254,1.994265,1.967851,0.000142,0.000144
/data/UFget/MM/Pajek/internet/internet.mtx,1979,2.303653,1.991085,0.000193,0.000223
/data/UFget/MM/Pajek/Reuters911/Reuters911.mtx,59,0.373529,0.329681,0.000864,0.000979
/data/UFget/MM/Pajek/EAT_SR/EAT_SR.mtx,64,0.517444,0.430989,0.000718,0.000862
/data/UFget/MM/Pajek/EAT_RS/EAT_RS.mtx,64,0.380196,0.355880,0.000977,0.001044
/data/UFget/MM/Pajek/HEP-th/HEP-th.mtx,90,0.684468,0.874279,0.000580,0.000454
/data/UFget/MM/Pajek/HEP-th-new/HEP-th-new.mtx,90,0.689717,0.881858,0.000592,0.000463
/data/UFget/MM/Pajek/patents_main/patents_main.mtx,8591,1.992076,2.153013,0.000523,0.000484
/data/UFget/MM/Pajek/patents/patents.mtx,134814,2.552478,15.703573,0.008823,0.001434
/data/UFget/MM/PARSEC/SiH4/SiH4.mtx,2,0.118347,0.112927,0.001495,0.001567
/data/UFget/MM/PARSEC/SiNa/SiNa.mtx,2,0.120165,0.113639,0.001702,0.001800
/data/UFget/MM/PARSEC/benzene/benzene.mtx,2,0.107862,0.109319,0.002326,0.002295
/data/UFget/MM/PARSEC/Na5/Na5.mtx,2,0.163500,0.142679,0.001905,0.002183
/data/UFget/MM/PARSEC/Si5H12/Si5H12.mtx,2,0.130796,0.127351,0.005799,0.005956
/data/UFget/MM/PARSEC/Si10H16/Si10H16.mtx,2,0.163196,0.150664,0.005472,0.005927
/data/UFget/MM/PARSEC/SiO/SiO.mtx,2,0.137763,0.141782,0.009807,0.009529
/data/UFget/MM/PARSEC/H2O/H2O.mtx,2,0.119387,0.119325,0.019129,0.019139
/data/UFget/MM/PARSEC/GaAsH6/GaAsH6.mtx,2,0.173845,0.181821,0.019806,0.018937
/data/UFget/MM/PARSEC/Si34H36/Si34H36.mtx,2,0.169406,0.168131,0.031014,0.031249
/data/UFget/MM/PARSEC/Ga3As3H12/Ga3As3H12.mtx,2,0.250552,0.241408,0.024076,0.024988
/data/UFget/MM/PARSEC/Ga10As10H30/Ga10As10H30.mtx,2,0.170477,0.174142,0.036537,0.035768
/data/UFget/MM/PARSEC/CO/CO.mtx,2,0.125686,0.138758,0.062753,0.056841
/data/UFget/MM/PARSEC/Ge87H76/Ge87H76.mtx,2,0.201678,0.188748,0.039693,0.042412
/data/UFget/MM/PARSEC/Ge99H100/Ge99H100.mtx,2,0.209994,0.194005,0.040784,0.044145
/data/UFget/MM/PARSEC/Ga19As19H42/Ga19As19H42.mtx,2,0.195549,0.191770,0.046116,0.047025
/data/UFget/MM/PARSEC/Si87H76/Si87H76.mtx,2,0.147701,0.153896,0.073811,0.070840
/data/UFget/MM/PARSEC/SiO2/SiO2.mtx,2,0.204847,0.219935,0.055841,0.052010
/data/UFget/MM/PARSEC/Si41Ge41H72/Si41Ge41H72.mtx,2,0.222584,0.210035,0.068275,0.072354
/data/UFget/MM/PARSEC/Ga41As41H72/Ga41As41H72.mtx,2,0.199589,0.195383,0.093976,0.095999
/data/UFget/MM/POLYFLOW/invextr1_new/invextr1_new.mtx,96,2.678206,2.094617,0.000681,0.000871
/data/UFget/MM/POLYFLOW/mixtank_new/mixtank_new.mtx,52,2.068044,1.677886,0.000979,0.001207
/data/UFget/MM/Pothen/shuttle_eddy/shuttle_eddy.mtx,2,0.058447,0.061601,0.001951,0.001851
/data/UFget/MM/Pothen/barth5/barth5.mtx,15,0.163114,0.161581,0.000754,0.000761
/data/UFget/MM/Pothen/bodyy4/bodyy4.mtx,26,0.355863,0.383129,0.000392,0.000364
/data/UFget/MM/Pothen/bodyy5/bodyy5.mtx,28,0.366123,0.402997,0.000404,0.000367
/data/UFget/MM/Pothen/bodyy6/bodyy6.mtx,36,0.443044,0.467053,0.000348,0.000330
/data/UFget/MM/Pothen/skirt/skirt.mtx,29,0.544447,0.515035,0.000384,0.000406
/data/UFget/MM/Pothen/tandem_vtx/tandem_vtx.mtx,8,0.172575,0.181823,0.001575,0.001495
/data/UFget/MM/Pothen/pwt/pwt.mtx,155,1.369004,1.449918,0.000265,0.000250
/data/UFget/MM/Pothen/onera_dual/onera_dual.mtx,495,1.940560,1.883586,0.000260,0.000268
/data/UFget/MM/Pothen/tandem_dual/tandem_dual.mtx,269,1.574815,1.549635,0.000352,0.000358
/data/UFget/MM/Puri/ABACUS_shell_ud/ABACUS_shell_ud.mtx,16,0.261761,0.266645,0.000924,0.000907
/data/UFget/MM/Puri/ABACUS_shell_ld/ABACUS_shell_ld.mtx,16,0.260685,0.265529,0.000928,0.000911
/data/UFget/MM/Puri/ABACUS_shell_md/ABACUS_shell_md.mtx,16,0.260083,0.265529,0.000930,0.000911
/data/UFget/MM/Puri/ABACUS_shell_hd/ABACUS_shell_hd.mtx,16,0.259551,0.264974,0.000932,0.000913
/data/UFget/MM/QCD/conf5_0-4x4-10/conf5_0-4x4-10.mtx,237,0.822868,0.880468,0.000153,0.000143
/data/UFget/MM/QCD/conf5_0-4x4-14/conf5_0-4x4-14.mtx,237,0.829326,0.892367,0.000152,0.000141
/data/UFget/MM/QCD/conf5_0-4x4-18/conf5_0-4x4-18.mtx,237,0.828027,0.887867,0.000152,0.000142
/data/UFget/MM/QCD/conf5_0-4x4-22/conf5_0-4x4-22.mtx,237,0.834567,0.874637,0.000151,0.000144
/data/UFget/MM/QCD/conf5_0-4x4-26/conf5_0-4x4-26.mtx,237,0.834567,0.880468,0.000151,0.000143
/data/UFget/MM/QCD/conf6_0-4x4-20/conf6_0-4x4-20.mtx,237,0.828027,0.887867,0.000152,0.000142
/data/UFget/MM/QCD/conf6_0-4x4-30/conf6_0-4x4-30.mtx,237,0.839874,0.886377,0.000150,0.000142
/data/UFget/MM/QCD/conf5_4-8x8-05/conf5_4-8x8-05.mtx,1695,9.040102,7.996685,0.000223,0.000252
/data/UFget/MM/QCD/conf5_4-8x8-10/conf5_4-8x8-10.mtx,1695,6.740427,7.601165,0.000299,0.000265
/data/UFget/MM/QCD/conf5_4-8x8-15/conf5_4-8x8-15.mtx,1695,8.992017,7.804705,0.000224,0.000258
/data/UFget/MM/QCD/conf5_4-8x8-20/conf5_4-8x8-20.mtx,1695,9.040102,7.877442,0.000223,0.000256
/data/UFget/MM/QCD/conf6_0-8x8-20/conf6_0-8x8-20.mtx,1695,8.916135,7.382092,0.000226,0.000273
/data/UFget/MM/QCD/conf6_0-8x8-30/conf6_0-8x8-30.mtx,1695,8.869355,7.870108,0.000227,0.000256
/data/UFget/MM/QCD/conf6_0-8x8-80/conf6_0-8x8-80.mtx,1695,9.040102,7.608007,0.000223,0.000265
/data/UFget/MM/QLi/crashbasis/crashbasis.mtx,267,3.380956,2.881289,0.000565,0.000663
/data/UFget/MM/QLi/majorbasis/majorbasis.mtx,267,2.961148,2.885439,0.000645,0.000662
/data/UFget/MM/QLi/largebasis/largebasis.mtx,220010,25.216761,24.504700,0.000238,0.000245
/data/UFget/MM/QY/case9/case9.mtx,1314,2.012917,0.957395,0.000086,0.000181
/data/UFget/MM/QY/case39/case39.mtx,1183,6.953881,0.907440,0.000160,0.001226
/data/UFget/MM/Rajat/rajat09/rajat09.mtx,135,0.670604,0.689232,0.000194,0.000189
/data/UFget/MM/Rajat/rajat10/rajat10.mtx,150,0.764620,0.768108,0.000210,0.000209
/data/UFget/MM/Rajat/rajat16/rajat16.mtx,655,2.114325,0.745513,0.000349,0.000990
/data/UFget/MM/Rajat/rajat18/rajat18.mtx,689,1.747310,0.752000,0.000333,0.000774
/data/UFget/MM/Rajat/rajat17/rajat17.mtx,655,2.120117,0.741762,0.000348,0.000995
/data/UFget/MM/Rajat/rajat23/rajat23.mtx,3806,3.385808,2.396598,0.000198,0.000280
/data/UFget/MM/Rajat/rajat20/rajat20.mtx,635,2.041997,0.725433,0.000340,0.000957
/data/UFget/MM/Rajat/rajat25/rajat25.mtx,637,1.729125,0.749096,0.000403,0.000930
/data/UFget/MM/Rajat/rajat28/rajat28.mtx,637,1.691101,0.744326,0.000412,0.000936
/data/UFget/MM/Rajat/rajat31/rajat31.mtx,1875,4.868146,5.341401,0.005137,0.004682
/data/UFget/MM/Raju/laminar_duct3D/laminar_duct3D.mtx,162,5.172202,4.023950,0.000757,0.000973
/data/UFget/MM/Rommes/juba40k/juba40k.mtx,1009,1.621711,1.713974,0.000115,0.000109
/data/UFget/MM/Rommes/bauru5727/bauru5727.mtx,1010,1.596159,1.700031,0.000117,0.000110
/data/UFget/MM/Ronis/xenon1/xenon1.mtx,191,2.789518,2.920623,0.000441,0.000421
/data/UFget/MM/Ronis/xenon2/xenon2.mtx,476,5.331180,4.746490,0.000755,0.000848
/data/UFget/MM/Rost/RFdevice/RFdevice.mtx,1577,2.647358,2.223890,0.000194,0.000231
/data/UFget/MM/Rothberg/struct4/struct4.mtx,19,0.776485,0.722877,0.000312,0.000335
/data/UFget/MM/Rothberg/struct3/struct3.mtx,55,1.095683,1.111535,0.001120,0.001104
/data/UFget/MM/Rothberg/cfd1/cfd1.mtx,17,0.546638,0.541473,0.003474,0.003507
/data/UFget/MM/Rothberg/cfd2/cfd2.mtx,29,0.835204,0.793714,0.003845,0.004046
/data/UFget/MM/Rothberg/3dtube/3dtube.mtx,4,0.612356,0.504951,0.005322,0.006454
/data/UFget/MM/Rothberg/gearbox/gearbox.mtx,34,2.268809,2.016706,0.004070,0.004579
/data/UFget/MM/Rudnyi/water_tank/water_tank.mtx,47,1.564296,1.397226,0.001340,0.001500
/data/UFget/MM/Sandia/mult_dcop_03/mult_dcop_03.mtx,187,0.517247,0.837987,0.000423,0.000261
/data/UFget/MM/Sandia/mult_dcop_01/mult_dcop_01.mtx,187,0.455960,0.829131,0.000480,0.000264
/data/UFget/MM/Sandia/mult_dcop_02/mult_dcop_02.mtx,187,0.506539,0.826146,0.000432,0.000265
/data/UFget/MM/Sandia/ASIC_100ks/ASIC_100ks.mtx,3815,4.375498,4.639598,0.000155,0.000146
/data/UFget/MM/Sandia/ASIC_100k/ASIC_100k.mtx,1553,1.485886,0.775812,0.000709,0.001358
/data/UFget/MM/Sandia/ASIC_320ks/ASIC_320ks.mtx,9191,8.020965,6.778620,0.000268,0.000317
/data/UFget/MM/Sandia/ASIC_680ks/ASIC_680ks.mtx,13933,9.101422,5.166779,0.000331,0.000583
/data/UFget/MM/Sandia/ASIC_320k/ASIC_320k.mtx,3743,2.328449,1.068451,0.001270,0.002768
/data/UFget/MM/Sandia/ASIC_680k/ASIC_680k.mtx,11382,2.302777,1.146414,0.001978,0.003973
/data/UFget/MM/Sanghavi/ecl32/ecl32.mtx,537,2.217177,1.967083,0.000195,0.000220
/data/UFget/MM/Schenk/nlpkkt80/nlpkkt80.mtx,531200,35.815304,25.335258,0.000831,0.001175
/data/UFget/MM/Schenk/nlpkkt120/nlpkkt120.mtx,1771200,37.854769,27.823868,0.002652,0.003608
/data/UFget/MM/Schenk_AFE/af_0_k101/af_0_k101.mtx,75,6.823322,6.954286,0.002646,0.002596
/data/UFget/MM/Schenk_AFE/af_1_k101/af_1_k101.mtx,75,6.833790,6.885363,0.002642,0.002622
/data/UFget/MM/Schenk_AFE/af_2_k101/af_2_k101.mtx,75,6.818407,6.906715,0.002648,0.002614
/data/UFget/MM/Schenk_AFE/af_3_k101/af_3_k101.mtx,75,6.854202,6.928200,0.002634,0.002606
/data/UFget/MM/Schenk_AFE/af_4_k101/af_4_k101.mtx,75,6.836257,6.928200,0.002641,0.002606
/data/UFget/MM/Schenk_AFE/af_5_k101/af_5_k101.mtx,75,6.907345,6.941537,0.002614,0.002601
/data/UFget/MM/Schenk_AFE/af_shell1/af_shell1.mtx,136,9.361121,8.526076,0.001933,0.002122
/data/UFget/MM/Schenk_AFE/af_shell2/af_shell2.mtx,136,9.419214,8.514597,0.001921,0.002125
/data/UFget/MM/Schenk_AFE/af_shell3/af_shell3.mtx,136,9.393564,8.554910,0.001926,0.002115
/data/UFget/MM/Schenk_AFE/af_shell4/af_shell4.mtx,136,9.463849,8.542391,0.001912,0.002118
/data/UFget/MM/Schenk_AFE/af_shell5/af_shell5.mtx,136,9.428575,8.534706,0.001919,0.002120
/data/UFget/MM/Schenk_AFE/af_shell6/af_shell6.mtx,136,9.493446,8.526076,0.001906,0.002122
/data/UFget/MM/Schenk_AFE/af_shell7/af_shell7.mtx,136,9.428575,8.514597,0.001919,0.002125
/data/UFget/MM/Schenk_AFE/af_shell8/af_shell8.mtx,136,9.413372,8.455778,0.001922,0.002140
/data/UFget/MM/Schenk_AFE/af_shell9/af_shell9.mtx,136,9.478032,8.551054,0.001909,0.002116
/data/UFget/MM/Schenk_AFE/af_shell10/af_shell10.mtx,181,11.684355,9.912284,0.004637,0.005466
/data/UFget/MM/Schenk_IBMSDS/2D_27628_bjtcai/2D_27628_bjtcai.mtx,37,1.176120,1.104999,0.000400,0.000426
/data/UFget/MM/Schenk_IBMSDS/3D_28984_Tetra/3D_28984_Tetra.mtx,134,2.502060,3.110589,0.000251,0.000202
/data/UFget/MM/Schenk_IBMSDS/2D_54019_highK/2D_54019_highK.mtx,40,1.448810,1.314389,0.000725,0.000799
/data/UFget/MM/Schenk_IBMSDS/3D_51448_3D/3D_51448_3D.mtx,285,3.004222,4.311254,0.000369,0.000257
/data/UFget/MM/Schenk_IBMSDS/ibm_matrix_2/ibm_matrix_2.mtx,285,3.019839,4.311254,0.000367,0.000257
/data/UFget/MM/Schenk_IBMSDS/matrix-new_3/matrix-new_3.mtx,200,2.338667,3.154816,0.001199,0.000889
/data/UFget/MM/Schenk_IBMSDS/matrix_9/matrix_9.mtx,341,4.001819,4.387514,0.000556,0.000507
/data/UFget/MM/Schenk_ISEI/igbt3/igbt3.mtx,41,0.871391,0.979380,0.000281,0.000250
/data/UFget/MM/Schenk_ISEI/nmos3/nmos3.mtx,49,1.043892,0.962865,0.000388,0.000421
/data/UFget/MM/Schenk_ISEI/para-10/para-10.mtx,81,1.867357,1.879370,0.002984,0.002965
/data/UFget/MM/Schenk_ISEI/para-5/para-5.mtx,81,1.861853,1.908997,0.002993,0.002919
/data/UFget/MM/Schenk_ISEI/para-6/para-6.mtx,81,1.866165,1.874998,0.002986,0.002972
/data/UFget/MM/Schenk_ISEI/para-7/para-7.mtx,81,1.864973,1.901077,0.002988,0.002931
/data/UFget/MM/Schenk_ISEI/para-8/para-8.mtx,81,1.864229,1.899069,0.002989,0.002934
/data/UFget/MM/Schenk_ISEI/para-9/para-9.mtx,81,1.868104,1.912277,0.002983,0.002914
/data/UFget/MM/Schenk_ISEI/barrier2-1/barrier2-1.mtx,97,2.138715,1.981897,0.001832,0.001977
/data/UFget/MM/Schenk_ISEI/barrier2-2/barrier2-2.mtx,97,2.148221,1.962958,0.001824,0.001996
/data/UFget/MM/Schenk_ISEI/barrier2-3/barrier2-3.mtx,97,2.143457,1.990780,0.001828,0.001968
/data/UFget/MM/Schenk_ISEI/barrier2-4/barrier2-4.mtx,97,2.131779,1.991745,0.001838,0.001967
/data/UFget/MM/Schenk_ISEI/barrier2-10/barrier2-10.mtx,98,2.143722,1.991541,0.001872,0.002015
/data/UFget/MM/Schenk_ISEI/barrier2-11/barrier2-11.mtx,98,2.141540,2.018770,0.001874,0.001988
/data/UFget/MM/Schenk_ISEI/barrier2-12/barrier2-12.mtx,98,2.152770,2.023867,0.001864,0.001983
/data/UFget/MM/Schenk_ISEI/barrier2-9/barrier2-9.mtx,98,2.140451,1.984731,0.001875,0.002022
/data/UFget/MM/Schenk_ISEI/para-4/para-4.mtx,80,1.853128,1.888765,0.002957,0.002901
/data/UFget/MM/Schenk_ISEI/ohne2/ohne2.mtx,24,1.256413,1.039071,0.008950,0.010822
/data/UFget/MM/Schmid/thermal1/thermal1.mtx,86,0.787915,0.780552,0.000834,0.000842
/data/UFget/MM/Schmid/thermal2/thermal2.mtx,992,3.800040,3.662681,0.002581,0.002678
/data/UFget/MM/Shen/e40r0100/e40r0100.mtx,22,0.901802,0.932717,0.000633,0.000612
/data/UFget/MM/Shyy/shyy161/shyy161.mtx,3,0.077528,0.075076,0.005570,0.005752
/data/UFget/MM/Simon/raefsky6/raefsky6.mtx,6,0.386955,0.341852,0.000365,0.000413
/data/UFget/MM/Simon/raefsky5/raefsky5.mtx,9,0.498231,0.479356,0.000351,0.000365
/data/UFget/MM/Simon/raefsky1/raefsky1.mtx,3,0.405947,0.308271,0.000733,0.000965
/data/UFget/MM/Simon/raefsky2/raefsky2.mtx,3,0.406476,0.305479,0.000732,0.000974
/data/UFget/MM/Simon/olafu/olafu.mtx,9,0.975551,0.818466,0.001057,0.001260
/data/UFget/MM/Simon/raefsky4/raefsky4.mtx,54,2.077721,1.945496,0.000649,0.000693
/data/UFget/MM/Simon/raefsky3/raefsky3.mtx,19,2.580793,2.043648,0.000585,0.000739
/data/UFget/MM/Simon/venkat25/venkat25.mtx,15,0.888372,0.848496,0.002004,0.002098
/data/UFget/MM/Simon/venkat50/venkat50.mtx,15,0.883014,0.843702,0.002016,0.002110
/data/UFget/MM/Simon/venkat01/venkat01.mtx,15,0.878237,0.834182,0.002027,0.002134
/data/UFget/MM/Simon/bbmat/bbmat.mtx,44,1.921955,1.750898,0.000942,0.001034
/data/UFget/MM/Simon/appu/appu.mtx,47,2.222879,1.936978,0.000840,0.000964
/data/UFget/MM/Sinclair/3Dspectralwave2/3Dspectralwave2.mtx,191,2.394391,5.299107,0.003174,0.001434
/data/UFget/MM/Sinclair/3Dspectralwave/3Dspectralwave.mtx,334,3.606056,9.553863,0.004949,0.001868
/data/UFget/MM/SNAP/wiki-Vote/wiki-Vote.mtx,21,0.232703,0.150193,0.000517,0.000801
/data/UFget/MM/SNAP/p2p-Gnutella31/p2p-Gnutella31.mtx,482,1.123958,1.138483,0.000243,0.000240
/data/UFget/MM/SNAP/ca-CondMat/ca-CondMat.mtx,309,1.213247,1.281621,0.000192,0.000182
/data/UFget/MM/SNAP/ca-HepPh/ca-HepPh.mtx,50,0.660645,0.520042,0.000395,0.000502
/data/UFget/MM/SNAP/cit-HepTh/cit-HepTh.mtx,90,0.685027,1.000916,0.000596,0.000408
/data/UFget/MM/SNAP/email-Enron/email-Enron.mtx,94,0.626441,0.293818,0.000704,0.001501
/data/UFget/MM/SNAP/ca-AstroPh/ca-AstroPh.mtx,125,1.195029,1.084576,0.000363,0.000400
/data/UFget/MM/SNAP/cit-HepPh/cit-HepPh.mtx,203,1.332794,1.537993,0.000368,0.000319
/data/UFget/MM/SNAP/soc-Epinions1/soc-Epinions1.mtx,147,0.673998,0.315330,0.000980,0.002095
/data/UFget/MM/SNAP/soc-sign-Slashdot081106/soc-sign-Slashdot081106.mtx,227,0.776071,0.384695,0.000865,0.001745
/data/UFget/MM/SNAP/soc-sign-Slashdot090216/soc-sign-Slashdot090216.mtx,241,0.791564,0.401496,0.000896,0.001767
/data/UFget/MM/SNAP/soc-sign-Slashdot090221/soc-sign-Slashdot090221.mtx,239,0.803381,0.395323,0.000888,0.001805
/data/UFget/MM/SNAP/soc-sign-epinions/soc-sign-epinions.mtx,162,0.558391,0.258534,0.001978,0.004272
/data/UFget/MM/SNAP/soc-Slashdot0811/soc-Slashdot0811.mtx,276,1.124522,0.517837,0.000874,0.001898
/data/UFget/MM/SNAP/soc-Slashdot0902/soc-Slashdot0902.mtx,289,1.133192,0.530504,0.000913,0.001950
/data/UFget/MM/SNAP/amazon0302/amazon0302.mtx,1481,2.498541,2.788432,0.000704,0.000631
/data/UFget/MM/SNAP/web-NotreDame/web-NotreDame.mtx,751,2.351755,1.951456,0.000902,0.001087
/data/UFget/MM/SNAP/web-Stanford/web-Stanford.mtx,1454,2.427381,2.792612,0.001185,0.001030
/data/UFget/MM/SNAP/roadNet-PA/roadNet-PA.mtx,2312,4.053162,4.270239,0.001299,0.001233
/data/UFget/MM/SNAP/amazon0312/amazon0312.mtx,1891,2.979791,4.279745,0.001343,0.000935
/data/UFget/MM/SNAP/amazon0505/amazon0505.mtx,1415,3.080318,3.736585,0.001356,0.001118
/data/UFget/MM/SNAP/amazon0601/amazon0601.mtx,1436,3.238522,3.982714,0.001295,0.001053
/data/UFget/MM/SNAP/roadNet-TX/roadNet-TX.mtx,4051,5.261797,5.452666,0.001260,0.001216
/data/UFget/MM/SNAP/web-Google/web-Google.mtx,11176,4.102585,4.481694,0.001691,0.001548
/data/UFget/MM/SNAP/roadNet-CA/roadNet-CA.mtx,5416,5.008100,5.496375,0.001892,0.001724
/data/UFget/MM/SNAP/cit-Patents/cit-Patents.mtx,134814,2.495132,16.329753,0.009646,0.001474
/data/UFget/MM/SNAP/as-Skitter/as-Skitter.mtx,1070,2.657174,0.528376,0.009628,0.048419
/data/UFget/MM/SNAP/soc-LiveJournal1/soc-LiveJournal1.mtx,550,1.511128,0.783797,0.051730,0.099733
/data/UFget/MM/Sorensen/Linux_call_graph/Linux_call_graph.mtx,1605,2.032814,1.559943,0.000913,0.001190
/data/UFget/MM/Szczerba/Ill_Stokes/Ill_Stokes.mtx,1394,1.767850,1.468938,0.000123,0.000148
/data/UFget/MM/TKK/g3rmt3m3/g3rmt3m3.mtx,5,0.546213,0.444801,0.000390,0.000479
/data/UFget/MM/TKK/t520/t520.mtx,10,0.840889,0.838585,0.000347,0.000348
/data/UFget/MM/TKK/cbuckle/cbuckle.mtx,9,0.591398,0.568518,0.001167,0.001214
/data/UFget/MM/TKK/cyl6/cyl6.mtx,9,0.926032,0.835786,0.000786,0.000871
/data/UFget/MM/TKK/tube1/tube1.mtx,8,0.722696,0.669103,0.001271,0.001373
/data/UFget/MM/TKK/tube2/tube2.mtx,12,1.233257,1.060764,0.000745,0.000866
/data/UFget/MM/TKK/smt/smt.mtx,6,1.066036,0.776115,0.003545,0.004869
/data/UFget/MM/TKK/s4dkt3m2/s4dkt3m2.mtx,61,4.329357,4.251721,0.000888,0.000904
/data/UFget/MM/TKK/engine/engine.mtx,125,4.194861,4.280488,0.001156,0.001133
/data/UFget/MM/Tromble/language/language.mtx,8870,3.583156,2.112141,0.000451,0.000765
/data/UFget/MM/TSOPF/TSOPF_FS_b9_c6/TSOPF_FS_b9_c6.mtx,1314,2.018509,0.947410,0.000086,0.000183
/data/UFget/MM/TSOPF/TSOPF_RS_b162_c1/TSOPF_RS_b162_c1.mtx,20,0.769817,0.909065,0.000274,0.000232
/data/UFget/MM/TSOPF/TSOPF_RS_b39_c7/TSOPF_RS_b39_c7.mtx,98,1.576916,2.222731,0.000169,0.000120
/data/UFget/MM/TSOPF/TSOPF_FS_b162_c1/TSOPF_FS_b162_c1.mtx,178,3.628576,0.922412,0.000173,0.000680
/data/UFget/MM/TSOPF/TSOPF_RS_b162_c3/TSOPF_RS_b162_c3.mtx,57,1.797765,2.128740,0.000348,0.000294
/data/UFget/MM/TSOPF/TSOPF_RS_b39_c19/TSOPF_RS_b39_c19.mtx,263,3.474346,4.515096,0.000208,0.000160
/data/UFget/MM/TSOPF/TSOPF_FS_b39_c7/TSOPF_FS_b39_c7.mtx,830,5.735115,0.936681,0.000136,0.000832
/data/UFget/MM/TSOPF/TSOPF_RS_b162_c4/TSOPF_RS_b162_c4.mtx,76,2.308352,2.767098,0.000361,0.000301
/data/UFget/MM/TSOPF/TSOPF_RS_b39_c30/TSOPF_RS_b39_c30.mtx,415,5.158496,6.267269,0.000221,0.000182
/data/UFget/MM/TSOPF/TSOPF_RS_b300_c1/TSOPF_RS_b300_c1.mtx,37,2.967184,2.327095,0.000502,0.000640
/data/UFget/MM/TSOPF/TSOPF_FS_b162_c3/TSOPF_FS_b162_c3.mtx,505,6.510725,0.884227,0.000285,0.002098
/data/UFget/MM/TSOPF/TSOPF_FS_b39_c19/TSOPF_FS_b39_c19.mtx,2242,9.099502,0.729429,0.000232,0.002894
/data/UFget/MM/TSOPF/TSOPF_FS_b162_c4/TSOPF_FS_b162_c4.mtx,669,6.937295,0.855063,0.000356,0.002888
/data/UFget/MM/TSOPF/TSOPF_RS_b300_c2/TSOPF_RS_b300_c2.mtx,72,4.593808,3.435545,0.000647,0.000865
/data/UFget/MM/TSOPF/TSOPF_FS_b39_c30/TSOPF_FS_b39_c30.mtx,3536,11.605660,0.579201,0.000287,0.005752
/data/UFget/MM/TSOPF/TSOPF_FS_b300/TSOPF_FS_b300.mtx,190,15.239101,1.063032,0.000292,0.004187
/data/UFget/MM/TSOPF/TSOPF_FS_b300_c1/TSOPF_FS_b300_c1.mtx,190,15.239101,1.053493,0.000292,0.004225
/data/UFget/MM/TSOPF/TSOPF_RS_b300_c3/TSOPF_RS_b300_c3.mtx,107,6.153857,4.838018,0.000724,0.000921
/data/UFget/MM/TSOPF/TSOPF_FS_b300_c2/TSOPF_FS_b300_c2.mtx,369,10.018441,0.987033,0.000885,0.008983
/data/UFget/MM/TSOPF/TSOPF_RS_b678_c2/TSOPF_RS_b678_c2.mtx,46,10.206084,8.134341,0.000864,0.001084
/data/UFget/MM/TSOPF/TSOPF_FS_b300_c3/TSOPF_FS_b300_c3.mtx,549,10.887962,0.664524,0.001220,0.019989
/data/UFget/MM/Um/2cubes_sphere/2cubes_sphere.mtx,8,0.189711,0.204057,0.009218,0.008570
/data/UFget/MM/Um/offshore/offshore.mtx,76,1.242332,1.254547,0.003624,0.003589
/data/UFget/MM/UTEP/Dubcova1/Dubcova1.mtx,23,0.473113,0.516398,0.000569,0.000521
/data/UFget/MM/UTEP/Dubcova2/Dubcova2.mtx,40,0.824742,0.940969,0.001328,0.001164
/data/UFget/MM/UTEP/Dubcova3/Dubcova3.mtx,45,1.732366,1.657108,0.002184,0.002283
/data/UFget/MM/vanHeukelum/cage10/cage10.mtx,228,1.173840,1.165786,0.000138,0.000139
/data/UFget/MM/vanHeukelum/cage11/cage11.mtx,738,2.837928,2.876937,0.000211,0.000208
/data/UFget/MM/vanHeukelum/cage12/cage12.mtx,1974,6.043497,5.723211,0.000358,0.000378
/data/UFget/MM/vanHeukelum/cage13/cage13.mtx,5366,9.118909,8.835307,0.000869,0.000897
/data/UFget/MM/vanHeukelum/cage14/cage14.mtx,15058,12.489202,11.907272,0.002293,0.002405
/data/UFget/MM/vanHeukelum/cage15/cage15.mtx,35068,12.362844,10.652861,0.008441,0.009796
/data/UFget/MM/VanVelzen/std1_Jac2_db/std1_Jac2_db.mtx,20,0.436489,0.364153,0.001193,0.001430
/data/UFget/MM/VanVelzen/std1_Jac3_db/std1_Jac3_db.mtx,20,0.456892,0.371714,0.001212,0.001490
/data/UFget/MM/Vavasis/av41092/av41092.mtx,124,1.281528,0.798451,0.001378,0.002212
/data/UFget/MM/VDOL/hangGlider_4/hangGlider_4.mtx,2594,1.254717,1.654730,0.000137,0.000104
/data/UFget/MM/VDOL/hangGlider_5/hangGlider_5.mtx,2669,1.292150,1.685033,0.000138,0.000106
/data/UFget/MM/VDOL/lowThrust_4/lowThrust_4.mtx,6781,2.381230,2.253664,0.000076,0.000080
/data/UFget/MM/VDOL/lowThrust_11/lowThrust_11.mtx,9184,3.172136,2.658169,0.000079,0.000094
/data/UFget/MM/VDOL/lowThrust_12/lowThrust_12.mtx,9229,3.222765,2.564097,0.000078,0.000098
/data/UFget/MM/VDOL/lowThrust_13/lowThrust_13.mtx,9238,3.149935,2.599084,0.000080,0.000097
/data/UFget/MM/Wang/wang3/wang3.mtx,300,1.015991,1.161331,0.000200,0.000175
/data/UFget/MM/Wang/wang4/wang4.mtx,304,1.032144,1.204168,0.000197,0.000169
/data/UFget/MM/Watson/chem_master1/chem_master1.mtx,101,0.529719,0.665366,0.000456,0.000363
/data/UFget/MM/Watson/Baumann/Baumann.mtx,532,1.864985,2.445534,0.000468,0.000357
/data/UFget/MM/Williams/mac_econ_fwd500/mac_econ_fwd500.mtx,6,0.067252,0.066684,0.024741,0.024952
/data/UFget/MM/Williams/mc2depi/mc2depi.mtx,206,1.019007,0.951080,0.002577,0.002761
/data/UFget/MM/Williams/cop20k_A/cop20k_A.mtx,508,4.426050,3.775245,0.000625,0.000733
/data/UFget/MM/Williams/cant/cant.mtx,27,1.100517,0.980196,0.003698,0.004152
/data/UFget/MM/Williams/pdb1HYS/pdb1HYS.mtx,2,0.473694,0.325764,0.009249,0.013449
/data/UFget/MM/Williams/consph/consph.mtx,140,6.289200,4.731453,0.000969,0.001288
/data/UFget/MM/Wissgott/parabolic_fem/parabolic_fem.mtx,75118,10.549679,10.321010,0.000398,0.000407
/data/UFget/MM/Zaoui/kkt_power/kkt_power.mtx,121382,8.069280,8.460697,0.002118,0.002020
/data/UFget/MM/Zhao/Zhao1/Zhao1.mtx,11287,2.819389,3.457522,0.000071,0.000058
/data/UFget/MM/Zhao/Zhao2/Zhao2.mtx,11287,2.819389,3.457522,0.000071,0.000058
