/data/UFget/MM/ACUSIM/Pres_Poisson/Pres_Poisson.mtx,8,0.649389,0.610330
/data/UFget/MM/AG-Monien/cca/cca.mtx,2048,2.729952,2.965573
/data/UFget/MM/AG-Monien/shock-9/shock-9.mtx,67,0.559756,0.603879
/data/UFget/MM/AG-Monien/ccc/ccc.mtx,2048,2.231152,2.643057
/data/UFget/MM/AG-Monien/bfly/bfly.mtx,1069,2.121699,2.154966
/data/UFget/MM/AG-Monien/brack2/brack2.mtx,5,0.116673,0.123438
/data/UFget/MM/AG-Monien/wave/wave.mtx,156,1.870089,1.881822
/data/UFget/MM/AG-Monien/debr/debr.mtx,26215,4.869580,5.751581
/data/UFget/MM/AMD/G2_circuit/G2_circuit.mtx,205,1.416589,1.354998
/data/UFget/MM/AMD/G3_circuit/G3_circuit.mtx,612,3.157871,2.928034
/data/UFget/MM/Andrews/Andrews/Andrews.mtx,1277,3.609628,3.520957
/data/UFget/MM/Andrianov/lpl1/lpl1.mtx,1299,2.836829,2.434831
/data/UFget/MM/Andrianov/fxm4_6/fxm4_6.mtx,69,1.590131,1.210133
/data/UFget/MM/Andrianov/ex3sta1/ex3sta1.mtx,240,3.393387,4.019715
/data/UFget/MM/Andrianov/pf2177/pf2177.mtx,136,4.131738,4.378234
/data/UFget/MM/Andrianov/net50/net50.mtx,4080,8.508243,7.332559
/data/UFget/MM/Andrianov/net75/net75.mtx,5780,10.432779,10.432779
/data/UFget/MM/Andrianov/lp1/lp1.mtx,59377,4.625007,1.620434
/data/UFget/MM/Andrianov/net100/net100.mtx,7480,9.690204,10.476214
/data/UFget/MM/Andrianov/net125/net125.mtx,9180,9.467681,10.170292
/data/UFget/MM/Andrianov/ins2/ins2.mtx,38677,0.915585,6.556858
/data/UFget/MM/Andrianov/net150/net150.mtx,10880,9.501645,10.313751
/data/UFget/MM/Andrianov/pattern1/pattern1.mtx,20,3.999389,3.980700
/data/UFget/MM/Andrianov/mip1/mip1.mtx,94,7.337414,5.026065
/data/UFget/MM/ATandT/onetone2/onetone2.mtx,48,0.287520,0.265943
/data/UFget/MM/ATandT/onetone1/onetone1.mtx,42,0.308232,0.278320
/data/UFget/MM/ATandT/twotone/twotone.mtx,50,0.392757,0.116503
/data/UFget/MM/ATandT/pre2/pre2.mtx,478,1.146985,1.019775
/data/UFget/MM/Averous/epb2/epb2.mtx,21,0.316834,0.265968
/data/UFget/MM/Averous/epb3/epb3.mtx,97,1.026560,1.020636
/data/UFget/MM/Bai/mhd4800a/mhd4800a.mtx,3,0.090432,0.090949
/data/UFget/MM/Bai/af23560/af23560.mtx,123,1.414299,1.738722
/data/UFget/MM/Bai/qc2534/qc2534.mtx,14,2.588213,1.827971
/data/UFget/MM/Barabasi/NotreDame_www/NotreDame_www.mtx,890,2.282849,2.532080
/data/UFget/MM/Belcastro/human_gene2/human_gene2.mtx,4,0.698094,0.659999
/data/UFget/MM/Belcastro/human_gene1/human_gene1.mtx,5,0.704656,0.707849
/data/UFget/MM/Belcastro/mouse_gene/mouse_gene.mtx,9,0.870566,0.827362
/data/UFget/MM/BenElechi/BenElechi1/BenElechi1.mtx,43,4.936172,4.303320
/data/UFget/MM/Bindel/ted_B/ted_B.mtx,9,0.217689,0.214320
/data/UFget/MM/Bindel/ted_B_unscaled/ted_B_unscaled.mtx,9,0.217980,0.212570
/data/UFget/MM/Bindel/ted_A/ted_A.mtx,425,0.643914,0.850120
/data/UFget/MM/Bindel/ted_A_unscaled/ted_A_unscaled.mtx,9,0.641252,0.841661
/data/UFget/MM/Bindel/ted_AB/ted_AB.mtx,9,0.536227,0.539983
/data/UFget/MM/Bindel/ted_AB_unscaled/ted_AB_unscaled.mtx,9,0.539462,0.542736
/data/UFget/MM/Bodendiek/CurlCurl_0/CurlCurl_0.mtx,128,0.883046,0.913976
/data/UFget/MM/Bodendiek/CurlCurl_1/CurlCurl_1.mtx,903,3.950583,3.721941
/data/UFget/MM/Bodendiek/CurlCurl_2/CurlCurl_2.mtx,2037,5.849129,6.192673
/data/UFget/MM/Bodendiek/CurlCurl_3/CurlCurl_3.mtx,2584,6.547421,7.139210
/data/UFget/MM/Bodendiek/CurlCurl_4/CurlCurl_4.mtx,4042,7.397925,8.215849
/data/UFget/MM/Boeing/nasa4704/nasa4704.mtx,15,0.417751,0.414358
/data/UFget/MM/Boeing/crystm01/crystm01.mtx,42,0.725700,0.765349
/data/UFget/MM/Boeing/nasa2910/nasa2910.mtx,7,0.448555,0.377863
/data/UFget/MM/Boeing/crystk01/crystk01.mtx,14,1.110058,0.943471
/data/UFget/MM/Boeing/bcsstm36/bcsstm36.mtx,10,0.337274,0.332299
/data/UFget/MM/Boeing/crystm02/crystm02.mtx,84,1.341819,1.386590
/data/UFget/MM/Boeing/bcsstk38/bcsstk38.mtx,4,0.353570,0.329002
/data/UFget/MM/Boeing/crystm03/crystm03.mtx,109,1.601061,1.576338
/data/UFget/MM/Boeing/crystk02/crystk02.mtx,28,2.174726,1.760404
/data/UFget/MM/Boeing/pcrystk02/pcrystk02.mtx,28,2.051322,1.761156
/data/UFget/MM/Boeing/bcsstk37/bcsstk37.mtx,6,0.512956,0.478070
/data/UFget/MM/Boeing/msc23052/msc23052.mtx,121,4.162029,4.549105
/data/UFget/MM/Boeing/bcsstk36/bcsstk36.mtx,6,0.569425,0.537690
/data/UFget/MM/Boeing/msc10848/msc10848.mtx,19,2.050261,2.176312
/data/UFget/MM/Boeing/bcsstk35/bcsstk35.mtx,9,0.790785,0.728528
/data/UFget/MM/Boeing/crystk03/crystk03.mtx,37,2.753625,2.342313
/data/UFget/MM/Boeing/pcrystk03/pcrystk03.mtx,37,2.723421,2.288343
/data/UFget/MM/Boeing/bcsstk39/bcsstk39.mtx,24,1.634314,1.537815
/data/UFget/MM/Boeing/ct20stif/ct20stif.mtx,40,2.071393,1.899516
/data/UFget/MM/Boeing/pct20stif/pct20stif.mtx,40,2.085621,1.950906
/data/UFget/MM/Boeing/pwtk/pwtk.mtx,2,0.259324,0.259976
/data/UFget/MM/Bomhof/circuit_4/circuit_4.mtx,5348,1.564129,3.098464
/data/UFget/MM/Botonakis/FEM_3D_thermal1/FEM_3D_thermal1.mtx,35,0.742854,0.749064
/data/UFget/MM/Botonakis/thermomech_TC/thermomech_TC.mtx,318,2.199080,2.135777
/data/UFget/MM/Botonakis/thermomech_TK/thermomech_TK.mtx,318,2.108074,2.176640
/data/UFget/MM/Botonakis/thermomech_dM/thermomech_dM.mtx,635,3.411267,3.177814
/data/UFget/MM/Botonakis/thermomech_dK/thermomech_dK.mtx,318,3.988438,4.357939
/data/UFget/MM/Botonakis/FEM_3D_thermal2/FEM_3D_thermal2.mtx,40,0.774196,0.777510
/data/UFget/MM/Bourchtein/atmosmodd/atmosmodd.mtx,3610,5.671878,6.832638
/data/UFget/MM/Bourchtein/atmosmodj/atmosmodj.mtx,3610,5.602764,6.819420
/data/UFget/MM/Bourchtein/atmosmodl/atmosmodl.mtx,3449,5.866716,6.922807
/data/UFget/MM/Bourchtein/atmosmodm/atmosmodm.mtx,3449,5.857697,6.930556
/data/UFget/MM/Bova/rma10/rma10.mtx,7,0.562970,0.491444
/data/UFget/MM/Brethour/coater2/coater2.mtx,6,0.182611,0.182470
/data/UFget/MM/Castrillon/denormal/denormal.mtx,100,1.887473,1.992573
/data/UFget/MM/CEMW/vfem/vfem.mtx,134,1.797355,1.588443
/data/UFget/MM/CEMW/tmt_unsym/tmt_unsym.mtx,2,0.027893,0.031360
/data/UFget/MM/CEMW/t2em/t2em.mtx,2,0.029177,0.032368
/data/UFget/MM/CEMW/tmt_sym/tmt_sym.mtx,2,0.037150,0.040368
/data/UFget/MM/Chen/pkustk02/pkustk02.mtx,55,4.391179,4.658572
/data/UFget/MM/Chen/pkustk01/pkustk01.mtx,123,5.191937,5.412728
/data/UFget/MM/Chen/pkustk09/pkustk09.mtx,196,8.743178,8.653962
/data/UFget/MM/Chen/pkustk05/pkustk05.mtx,155,7.785531,7.499937
/data/UFget/MM/Chen/pkustk07/pkustk07.mtx,35,3.629100,3.724358
/data/UFget/MM/Chen/pkustk06/pkustk06.mtx,190,8.327881,8.378777
/data/UFget/MM/Chen/pkustk03/pkustk03.mtx,352,8.681508,9.075587
/data/UFget/MM/Chen/pkustk08/pkustk08.mtx,50,4.762947,4.708635
/data/UFget/MM/Chen/pkustk04/pkustk04.mtx,150,3.334109,5.993816
/data/UFget/MM/Chen/pkustk10/pkustk10.mtx,228,7.089553,7.895184
/data/UFget/MM/Chen/pkustk11/pkustk11.mtx,299,8.291276,8.199626
/data/UFget/MM/Chen/pkustk13/pkustk13.mtx,233,7.101663,7.541118
/data/UFget/MM/Chen/pkustk12/pkustk12.mtx,284,2.864088,7.197371
/data/UFget/MM/Chen/pkustk14/pkustk14.mtx,142,6.132673,7.452997
/data/UFget/MM/Chevron/Chevron1/Chevron1.mtx,57,0.899473,0.875991
/data/UFget/MM/Chevron/Chevron2/Chevron2.mtx,83,1.304310,1.289055
/data/UFget/MM/Chevron/Chevron3/Chevron3.mtx,161,2.326452,2.352589
/data/UFget/MM/Chevron/Chevron4/Chevron4.mtx,216,2.700150,2.760064
/data/UFget/MM/Cote/mplate/mplate.mtx,40,0.886440,0.881411
/data/UFget/MM/Cote/vibrobox/vibrobox.mtx,55,1.144990,0.924663
/data/UFget/MM/CPM/cz10228/cz10228.mtx,4,0.100613,0.105421
/data/UFget/MM/CPM/cz20468/cz20468.mtx,4,0.101495,0.105075
/data/UFget/MM/CPM/cz40948/cz40948.mtx,4,0.105298,0.038611
/data/UFget/MM/Cunningham/k3plates/k3plates.mtx,10,0.637289,0.603884
/data/UFget/MM/Cunningham/qa8fk/qa8fk.mtx,174,2.384699,2.242207
/data/UFget/MM/Cunningham/qa8fm/qa8fm.mtx,174,2.398122,2.236668
/data/UFget/MM/Cylshell/s3rmt3m3/s3rmt3m3.mtx,5,0.565215,0.477608
/data/UFget/MM/Cylshell/s1rmt3m1/s1rmt3m1.mtx,16,1.236907,1.190114
/data/UFget/MM/Cylshell/s3rmt3m1/s3rmt3m1.mtx,16,1.197665,1.153741
/data/UFget/MM/Cylshell/s2rmt3m1/s2rmt3m1.mtx,16,1.250014,1.159411
/data/UFget/MM/Cylshell/s1rmq4m1/s1rmq4m1.mtx,11,1.097797,0.971776
/data/UFget/MM/Cylshell/s3rmq4m1/s3rmq4m1.mtx,11,1.085897,0.955554
/data/UFget/MM/Cylshell/s2rmq4m1/s2rmq4m1.mtx,11,1.077139,0.957839
/data/UFget/MM/Dehghani/light_in_tissue/light_in_tissue.mtx,81,1.386528,1.594810
/data/UFget/MM/DIMACS10/vsp_p0291_seymourl_iiasa/vsp_p0291_seymourl_iiasa.mtx,202,0.739645,0.663318
/data/UFget/MM/DIMACS10/vsp_data_and_seymourl/vsp_data_and_seymourl.mtx,27,0.390506,0.364176
/data/UFget/MM/DIMACS10/de2010/de2010.mtx,1419,1.676558,1.566058
/data/UFget/MM/DIMACS10/hi2010/hi2010.mtx,1251,1.739218,1.594916
/data/UFget/MM/DIMACS10/vsp_c-30_data_data/vsp_c-30_data_data.mtx,35,0.544419,0.513466
/data/UFget/MM/DIMACS10/ri2010/ri2010.mtx,1095,1.762929,1.602315
/data/UFget/MM/DIMACS10/wing_nodal/wing_nodal.mtx,169,1.529505,1.586401
/data/UFget/MM/DIMACS10/vt2010/vt2010.mtx,1629,2.231147,2.252862
/data/UFget/MM/DIMACS10/t60k/t60k.mtx,65,0.657042,0.699964
/data/UFget/MM/DIMACS10/vsp_befref_fxm_2_4_air02/vsp_befref_fxm_2_4_air02.mtx,415,1.767950,0.636701
/data/UFget/MM/DIMACS10/delaunay_n15/delaunay_n15.mtx,84,0.859468,0.853463
/data/UFget/MM/DIMACS10/vsp_barth5_1Ksep_50in_5Kout/vsp_barth5_1Ksep_50in_5Kout.mtx,1790,2.327570,2.125172
/data/UFget/MM/DIMACS10/ak2010/ak2010.mtx,1618,2.421223,2.329444
/data/UFget/MM/DIMACS10/nh2010/nh2010.mtx,2571,2.770275,2.659253
/data/UFget/MM/DIMACS10/luxembourg_osm/luxembourg_osm.mtx,269,1.389786,1.323338
/data/UFget/MM/DIMACS10/wing/wing.mtx,4772,2.499914,2.264628
/data/UFget/MM/DIMACS10/rgg_n_2_15_s0/rgg_n_2_15_s0.mtx,38,0.564332,0.577002
/data/UFget/MM/DIMACS10/fe_body/fe_body.mtx,30,0.402324,0.409375
/data/UFget/MM/DIMACS10/me2010/me2010.mtx,3023,3.566752,3.467330
/data/UFget/MM/DIMACS10/ct2010/ct2010.mtx,3379,3.296080,3.042535
/data/UFget/MM/DIMACS10/delaunay_n16/delaunay_n16.mtx,220,1.872867,1.783249
/data/UFget/MM/DIMACS10/sd2010/sd2010.mtx,3535,4.455534,4.554363
/data/UFget/MM/DIMACS10/nv2010/nv2010.mtx,2818,3.423639,3.019868
/data/UFget/MM/DIMACS10/wy2010/wy2010.mtx,3316,4.026492,4.166485
/data/UFget/MM/DIMACS10/vsp_c-60_data_cti_cs4/vsp_c-60_data_cti_cs4.mtx,270,1.724729,1.638184
/data/UFget/MM/DIMACS10/ut2010/ut2010.mtx,4122,4.116766,4.116766
/data/UFget/MM/DIMACS10/vsp_bump2_e18_aa01_model1_crew1/vsp_bump2_e18_aa01_model1_crew1.mtx,438,2.559127,1.555939
/data/UFget/MM/DIMACS10/nd2010/nd2010.mtx,5351,5.226699,5.486887
/data/UFget/MM/DIMACS10/mt2010/mt2010.mtx,3392,4.537102,4.826089
/data/UFget/MM/DIMACS10/wv2010/wv2010.mtx,5409,4.666016,5.157822
/data/UFget/MM/DIMACS10/rgg_n_2_16_s0/rgg_n_2_16_s0.mtx,52,0.770729,0.762651
/data/UFget/MM/DIMACS10/md2010/md2010.mtx,6052,4.653996,4.953538
/data/UFget/MM/DIMACS10/id2010/id2010.mtx,5550,5.036830,5.748702
/data/UFget/MM/DIMACS10/ma2010/ma2010.mtx,5834,4.624860,4.493240
/data/UFget/MM/DIMACS10/delaunay_n17/delaunay_n17.mtx,145,1.419074,1.448044
/data/UFget/MM/DIMACS10/ky2010/ky2010.mtx,6467,4.916016,5.502224
/data/UFget/MM/DIMACS10/fe_ocean/fe_ocean.mtx,579,2.257495,2.164793
/data/UFget/MM/DIMACS10/nj2010/nj2010.mtx,7067,5.081358,5.266929
/data/UFget/MM/DIMACS10/nm2010/nm2010.mtx,6745,4.827326,5.240359
/data/UFget/MM/DIMACS10/ms2010/ms2010.mtx,5542,5.355027,6.039063
/data/UFget/MM/DIMACS10/vsp_vibrobox_scagr7-2c_rlfddd/vsp_vibrobox_scagr7-2c_rlfddd.mtx,407,2.471358,1.371139
/data/UFget/MM/DIMACS10/sc2010/sc2010.mtx,6738,5.153607,5.638652
/data/UFget/MM/DIMACS10/ar2010/ar2010.mtx,6651,5.503599,6.023624
/data/UFget/MM/DIMACS10/fe_tooth/fe_tooth.mtx,4,0.090305,0.098355
/data/UFget/MM/DIMACS10/ne2010/ne2010.mtx,7162,5.510036,6.255660
/data/UFget/MM/DIMACS10/wa2010/wa2010.mtx,6520,4.714031,4.632353
/data/UFget/MM/DIMACS10/co2010/co2010.mtx,7447,4.935291,5.644467
/data/UFget/MM/DIMACS10/or2010/or2010.mtx,6781,5.122551,5.341139
/data/UFget/MM/DIMACS10/la2010/la2010.mtx,7864,5.386417,5.816470
/data/UFget/MM/DIMACS10/preferentialAttachment/preferentialAttachment.mtx,1563,3.437868,1.666569
/data/UFget/MM/DIMACS10/smallworld/smallworld.mtx,2,0.043670,0.043000
/data/UFget/MM/DIMACS10/G_n_pin_pout/G_n_pin_pout.mtx,151,1.245853,1.209694
/data/UFget/MM/DIMACS10/ia2010/ia2010.mtx,10287,5.675135,6.575076
/data/UFget/MM/DIMACS10/vsp_finan512_scagr7-2c_rlfddd/vsp_finan512_scagr7-2c_rlfddd.mtx,264,1.869525,0.969591
/data/UFget/MM/DIMACS10/ks2010/ks2010.mtx,8838,5.497282,6.345018
/data/UFget/MM/DIMACS10/tn2010/tn2010.mtx,9605,5.524859,6.111484
/data/UFget/MM/DIMACS10/az2010/az2010.mtx,9295,4.625097,4.048289
/data/UFget/MM/DIMACS10/wi2010/wi2010.mtx,9735,5.410324,6.424760
/data/UFget/MM/DIMACS10/caidaRouterLevel/caidaRouterLevel.mtx,1404,2.111805,1.617002
/data/UFget/MM/DIMACS10/mn2010/mn2010.mtx,10392,5.214239,6.353865
/data/UFget/MM/DIMACS10/al2010/al2010.mtx,9703,5.029147,5.803171
/data/UFget/MM/DIMACS10/ok2010/ok2010.mtx,11701,5.379823,6.447574
/data/UFget/MM/DIMACS10/in2010/in2010.mtx,11128,5.296426,6.582766
/data/UFget/MM/DIMACS10/fe_rotor/fe_rotor.mtx,66,1.202959,1.082378
/data/UFget/MM/DIMACS10/va2010/va2010.mtx,8931,5.736727,7.003466
/data/UFget/MM/DIMACS10/nc2010/nc2010.mtx,10321,5.664139,6.698105
/data/UFget/MM/DIMACS10/ga2010/ga2010.mtx,12129,5.818006,6.738606
/data/UFget/MM/DIMACS10/rgg_n_2_17_s0/rgg_n_2_17_s0.mtx,72,0.998026,1.045475
/data/UFget/MM/DIMACS10/598a/598a.mtx,158,1.914553,1.809023
/data/UFget/MM/DIMACS10/delaunay_n18/delaunay_n18.mtx,573,2.987701,2.900986
/data/UFget/MM/DIMACS10/mi2010/mi2010.mtx,13746,5.302975,5.330077
/data/UFget/MM/DIMACS10/coAuthorsCiteseer/coAuthorsCiteseer.mtx,546,2.116877,2.066797
/data/UFget/MM/DIMACS10/mo2010/mo2010.mtx,12725,5.538131,6.696309
/data/UFget/MM/DIMACS10/ny2010/ny2010.mtx,11673,5.541545,6.602076
/data/UFget/MM/DIMACS10/oh2010/oh2010.mtx,14052,5.433522,6.646331
/data/UFget/MM/DIMACS10/coAuthorsDBLP/coAuthorsDBLP.mtx,1001,2.577020,2.321217
/data/UFget/MM/DIMACS10/pa2010/pa2010.mtx,14537,5.053983,6.610533
/data/UFget/MM/DIMACS10/144/144.mtx,253,2.531831,2.353525
/data/UFget/MM/DIMACS10/il2010/il2010.mtx,18063,4.654967,5.325468
/data/UFget/MM/DIMACS10/citationCiteseer/citationCiteseer.mtx,2633,2.966491,2.706579
/data/UFget/MM/DIMACS10/fl2010/fl2010.mtx,15629,4.948467,6.723980
/data/UFget/MM/DIMACS10/vsp_msc10848_300sep_100in_1Kout/vsp_msc10848_300sep_100in_1Kout.mtx,105,4.206229,3.754858
/data/UFget/MM/DIMACS10/rgg_n_2_18_s0/rgg_n_2_18_s0.mtx,98,1.341812,1.326103
/data/UFget/MM/DIMACS10/belgium_osm/belgium_osm.mtx,2285,3.619292,4.019953
/data/UFget/MM/DIMACS10/delaunay_n19/delaunay_n19.mtx,494,2.987238,3.221359
/data/UFget/MM/DIMACS10/m14b/m14b.mtx,255,2.603015,2.294037
/data/UFget/MM/DIMACS10/ca2010/ca2010.mtx,26302,5.088359,6.047750
/data/UFget/MM/DIMACS10/vsp_bcsstk30_500sep_10in_1Kout/vsp_bcsstk30_500sep_10in_1Kout.mtx,411,6.738576,6.039466
/data/UFget/MM/DIMACS10/tx2010/tx2010.mtx,30475,5.172701,6.486241
/data/UFget/MM/DIMACS10/netherlands_osm/netherlands_osm.mtx,12524,4.024049,5.101647
/data/UFget/MM/DIMACS10/kron_g500-logn16/kron_g500-logn16.mtx,66,0.561991,0.538746
/data/UFget/MM/DIMACS10/NACA0015/NACA0015.mtx,433,2.823162,2.975518
/data/UFget/MM/DIMACS10/delaunay_n20/delaunay_n20.mtx,1331,4.476338,4.678726
/data/UFget/MM/DIMACS10/rgg_n_2_19_s0/rgg_n_2_19_s0.mtx,134,1.782916,1.719533
/data/UFget/MM/DIMACS10/auto/auto.mtx,1268,4.654807,4.300940
/data/UFget/MM/DIMACS10/kron_g500-logn17/kron_g500-logn17.mtx,97,0.462468,0.453960
/data/UFget/MM/DIMACS10/delaunay_n21/delaunay_n21.mtx,1583,4.565223,4.609179
/data/UFget/MM/DIMACS10/hugetrace-00000/hugetrace-00000.mtx,26678,4.177589,4.873466
/data/UFget/MM/DIMACS10/rgg_n_2_20_s0/rgg_n_2_20_s0.mtx,184,2.261551,2.065595
/data/UFget/MM/DIMACS10/italy_osm/italy_osm.mtx,2247,3.963714,4.605959
/data/UFget/MM/DIMACS10/venturiLevel3/venturiLevel3.mtx,2603,4.141022,4.711886
/data/UFget/MM/DIMACS10/great-britain_osm/great-britain_osm.mtx,8272,4.050005,4.846136
/data/UFget/MM/DIMACS10/hugetric-00000/hugetric-00000.mtx,19035,4.159469,4.855166
/data/UFget/MM/DIMACS10/hugetric-00010/hugetric-00010.mtx,74918,3.488258,4.264598
/data/UFget/MM/DIMACS10/M6/M6.mtx,1577,3.239346,3.525137
/data/UFget/MM/DIMACS10/kron_g500-logn18/kron_g500-logn18.mtx,145,0.358092,0.376438
/data/UFget/MM/DIMACS10/hugetric-00020/hugetric-00020.mtx,86864,3.464408,4.198447
/data/UFget/MM/DIMACS10/333SP/333SP.mtx,132,1.492806,1.520854
/data/UFget/MM/DIMACS10/AS365/AS365.mtx,132,1.430613,1.551092
/data/UFget/MM/DIMACS10/germany_osm/germany_osm.mtx,12068,3.932246,4.984942
/data/UFget/MM/DIMACS10/NLR/NLR.mtx,1505,3.129142,3.358537
/data/UFget/MM/DIMACS10/delaunay_n22/delaunay_n22.mtx,3870,4.766226,4.817620
/data/UFget/MM/DIMACS10/asia_osm/asia_osm.mtx,2791,3.948146,4.733620
/data/UFget/MM/DIMACS10/adaptive/adaptive.mtx,1666,3.961639,4.465782
/data/UFget/MM/DIMACS10/rgg_n_2_21_s0/rgg_n_2_21_s0.mtx,255,2.755686,2.304446
/data/UFget/MM/DIMACS10/coPapersDBLP/coPapersDBLP.mtx,63,2.613828,1.395527
/data/UFget/MM/DIMACS10/coPapersCiteseer/coPapersCiteseer.mtx,54,2.543580,1.610998
/data/UFget/MM/DIMACS10/road_central/road_central.mtx,238675,2.973084,3.305273
/data/UFget/MM/DIMACS10/packing-500x100x100-b050/packing-500x100x100-b050.mtx,1229,6.826773,6.129842
/data/UFget/MM/DIMACS10/hugetrace-00010/hugetrace-00010.mtx,69697,3.397743,4.149984
/data/UFget/MM/DIMACS10/hugetrace-00020/hugetrace-00020.mtx,145477,3.242512,3.924019
/data/UFget/MM/DIMACS10/delaunay_n23/delaunay_n23.mtx,2859,3.983620,4.250663
/data/UFget/MM/DIMACS10/hugebubbles-00000/hugebubbles-00000.mtx,35228,3.752071,4.293485
/data/UFget/MM/DIMACS10/road_usa/road_usa.mtx,311005,3.546240,4.411370
/data/UFget/MM/DIMACS10/hugebubbles-00010/hugebubbles-00010.mtx,262948,3.160567,3.560212
/data/UFget/MM/DIMACS10/rgg_n_2_22_s0/rgg_n_2_22_s0.mtx,351,3.282216,2.784317
/data/UFget/MM/DIMACS10/hugebubbles-00020/hugebubbles-00020.mtx,196279,3.064151,3.580533
/data/UFget/MM/DIMACS10/channel-500x100x100-b050/channel-500x100x100-b050.mtx,2636,8.498931,8.439149
/data/UFget/MM/DIMACS10/kron_g500-logn20/kron_g500-logn20.mtx,325,0.309344,0.322351
/data/UFget/MM/DIMACS10/delaunay_n24/delaunay_n24.mtx,7195,3.493153,4.203124
/data/UFget/MM/DIMACS10/europe_osm/europe_osm.mtx,14711,3.919957,4.890932
/data/UFget/MM/DIMACS10/rgg_n_2_23_s0/rgg_n_2_23_s0.mtx,484,4.072151,3.358957
/data/UFget/MM/DIMACS10/kron_g500-logn21/kron_g500-logn21.mtx,484,0.313599,0.303613
/data/UFget/MM/DNVS/crplat2/crplat2.mtx,22,2.022679,1.799316
/data/UFget/MM/DNVS/trdheim/trdheim.mtx,8,1.211275,0.796394
/data/UFget/MM/DNVS/tsyl201/tsyl201.mtx,14,2.064744,1.422800
/data/UFget/MM/DNVS/shipsec8/shipsec8.mtx,37,3.165873,2.739134
/data/UFget/MM/DNVS/shipsec1/shipsec1.mtx,68,5.645120,4.937496
/data/UFget/MM/DNVS/ship_003/ship_003.mtx,28,3.017429,2.665571
/data/UFget/MM/DNVS/ship_001/ship_001.mtx,8,1.601320,0.938673
/data/UFget/MM/DNVS/thread/thread.mtx,21,3.038226,2.075375
/data/UFget/MM/DNVS/shipsec5/shipsec5.mtx,67,4.979445,4.494720
/data/UFget/MM/DNVS/x104/x104.mtx,22,3.173603,2.358452
/data/UFget/MM/DNVS/m_t1/m_t1.mtx,23,3.554909,2.536291
/data/UFget/MM/DNVS/fcondp2/fcondp2.mtx,215,8.276398,7.239985
/data/UFget/MM/DNVS/fullb/fullb.mtx,149,6.600064,6.636902
/data/UFget/MM/DNVS/troll/troll.mtx,51,3.729462,3.389499
/data/UFget/MM/DNVS/halfb/halfb.mtx,115,5.671141,5.691275
/data/UFget/MM/DRIVCAV/cavity17/cavity17.mtx,15,0.501463,0.388022
/data/UFget/MM/DRIVCAV/cavity19/cavity19.mtx,15,0.501463,0.383828
/data/UFget/MM/DRIVCAV/cavity21/cavity21.mtx,15,0.499803,0.385052
/data/UFget/MM/DRIVCAV/cavity23/cavity23.mtx,15,0.496515,0.383828
/data/UFget/MM/DRIVCAV/cavity25/cavity25.mtx,15,0.500217,0.379724
/data/UFget/MM/DRIVCAV/cavity16/cavity16.mtx,15,0.506937,0.390027
/data/UFget/MM/DRIVCAV/cavity18/cavity18.mtx,15,0.506937,0.387027
/data/UFget/MM/DRIVCAV/cavity20/cavity20.mtx,15,0.504817,0.385052
/data/UFget/MM/DRIVCAV/cavity22/cavity22.mtx,15,0.506937,0.386037
/data/UFget/MM/DRIVCAV/cavity24/cavity24.mtx,15,0.506937,0.392308
/data/UFget/MM/DRIVCAV/cavity26/cavity26.mtx,15,0.501463,0.383828
/data/UFget/MM/Dziekonski/gsm_106857/gsm_106857.mtx,3369,6.068224,6.546257
/data/UFget/MM/Dziekonski/dielFilterV2clx/dielFilterV2clx.mtx,47,1.668381,1.685089
/data/UFget/MM/Dziekonski/dielFilterV3clx/dielFilterV3clx.mtx,31,1.832851,1.640226
/data/UFget/MM/Dziekonski/dielFilterV2real/dielFilterV2real.mtx,90,2.763052,2.648932
/data/UFget/MM/Dziekonski/dielFilterV3real/dielFilterV3real.mtx,64,2.832890,2.806930
/data/UFget/MM/Engwirda/airfoil_2d/airfoil_2d.mtx,8,0.214294,0.213299
/data/UFget/MM/FEMLAB/waveguide3D/waveguide3D.mtx,501,2.658337,2.749633
/data/UFget/MM/FEMLAB/poisson3Da/poisson3Da.mtx,127,2.359866,1.794711
/data/UFget/MM/FEMLAB/sme3Da/sme3Da.mtx,84,2.871901,2.431080
/data/UFget/MM/FEMLAB/ns3Da/ns3Da.mtx,118,4.524609,3.342065
/data/UFget/MM/FEMLAB/sme3Db/sme3Db.mtx,167,5.011623,3.728107
/data/UFget/MM/FEMLAB/poisson3Db/poisson3Db.mtx,630,5.289793,4.325393
/data/UFget/MM/FEMLAB/sme3Dc/sme3Dc.mtx,262,6.395835,5.247543
/data/UFget/MM/FIDAP/ex35/ex35.mtx,28,0.494940,0.516577
/data/UFget/MM/FIDAP/ex19/ex19.mtx,13,0.439955,0.439108
/data/UFget/MM/FIDAP/ex40/ex40.mtx,11,0.588760,0.464788
/data/UFget/MM/FIDAP/ex11/ex11.mtx,23,1.214409,1.083419
/data/UFget/MM/Fluorem/GT01R/GT01R.mtx,14,1.341713,1.102293
/data/UFget/MM/Fluorem/PR02R/PR02R.mtx,56,4.629268,3.968544
/data/UFget/MM/Fluorem/RM07R/RM07R.mtx,112,8.270311,7.210227
/data/UFget/MM/FreeFieldTechnologies/mono_500Hz/mono_500Hz.mtx,295,3.449878,3.553178
/data/UFget/MM/Freescale/memchip/memchip.mtx,9026,5.765886,4.181826
/data/UFget/MM/Freescale/Freescale2/Freescale2.mtx,8497,4.497062,4.220763
/data/UFget/MM/Freescale/circuit5M_dc/circuit5M_dc.mtx,12813,5.620157,3.771090
/data/UFget/MM/Freescale/Freescale1/Freescale1.mtx,12560,4.262023,3.746710
/data/UFget/MM/Freescale/FullChip/FullChip.mtx,9220,6.150749,1.283615
/data/UFget/MM/Freescale/circuit5M/circuit5M.mtx,308796,7.907084,4.045528
/data/UFget/MM/Garon/garon2/garon2.mtx,81,1.742132,1.789962
/data/UFget/MM/GHS_indef/bloweybl/bloweybl.mtx,15002,1.775411,3.078465
/data/UFget/MM/GHS_indef/cvxqp3/cvxqp3.mtx,761,1.520837,1.445919
/data/UFget/MM/GHS_indef/aug3dcqp/aug3dcqp.mtx,17772,3.302687,2.868469
/data/UFget/MM/GHS_indef/stokes64/stokes64.mtx,65,0.884451,0.960741
/data/UFget/MM/GHS_indef/stokes64s/stokes64s.mtx,65,0.876196,0.960741
/data/UFget/MM/GHS_indef/bloweya/bloweya.mtx,3,0.075935,0.075880
/data/UFget/MM/GHS_indef/bratu3d/bratu3d.mtx,13896,4.119937,3.535767
/data/UFget/MM/GHS_indef/mario001/mario001.mtx,1538,2.570930,2.678316
/data/UFget/MM/GHS_indef/spmsrtls/spmsrtls.mtx,1,0.039510,0.040679
/data/UFget/MM/GHS_indef/a5esindl/a5esindl.mtx,20003,3.371467,2.763819
/data/UFget/MM/GHS_indef/dixmaanl/dixmaanl.mtx,1,0.027620,0.025849
/data/UFget/MM/GHS_indef/a2nnsnsl/a2nnsnsl.mtx,26672,4.487964,4.971283
/data/UFget/MM/GHS_indef/ncvxbqp1/ncvxbqp1.mtx,2000,3.033612,3.153360
/data/UFget/MM/GHS_indef/a0nsdsil/a0nsdsil.mtx,26672,4.649920,4.739342
/data/UFget/MM/GHS_indef/c-55/c-55.mtx,16390,3.860087,4.451779
/data/UFget/MM/GHS_indef/ncvxqp5/ncvxqp5.mtx,2500,3.201541,3.646973
/data/UFget/MM/GHS_indef/helm3d01/helm3d01.mtx,1240,3.833710,3.803524
/data/UFget/MM/GHS_indef/cont-201/cont-201.mtx,40298,7.266508,7.670203
/data/UFget/MM/GHS_indef/ncvxqp3/ncvxqp3.mtx,3000,3.315456,3.944250
/data/UFget/MM/GHS_indef/stokes128/stokes128.mtx,129,2.089272,2.021564
/data/UFget/MM/GHS_indef/k1_san/k1_san.mtx,130,1.147395,1.158146
/data/UFget/MM/GHS_indef/ncvxqp7/ncvxqp7.mtx,3500,3.515992,4.094635
/data/UFget/MM/GHS_indef/blockqp1/blockqp1.mtx,20004,3.053682,4.500882
/data/UFget/MM/GHS_indef/olesnik0/olesnik0.mtx,105,1.015173,1.035879
/data/UFget/MM/GHS_indef/copter2/copter2.mtx,292,2.655398,2.533447
/data/UFget/MM/GHS_indef/cont-300/cont-300.mtx,90448,8.397863,8.561193
/data/UFget/MM/GHS_indef/dawson5/dawson5.mtx,34,0.910249,0.909506
/data/UFget/MM/GHS_indef/boyd1/boyd1.mtx,46640,3.555287,8.698866
/data/UFget/MM/GHS_indef/boyd2/boyd2.mtx,233158,5.804216,4.140926
/data/UFget/MM/GHS_indef/sparsine/sparsine.mtx,736,5.456991,5.061616
/data/UFget/MM/GHS_indef/d_pretok/d_pretok.mtx,316,2.070659,2.070659
/data/UFget/MM/GHS_indef/turon_m/turon_m.mtx,220,1.841339,1.851833
/data/UFget/MM/GHS_indef/darcy003/darcy003.mtx,12577,4.035530,4.856406
/data/UFget/MM/GHS_indef/mario002/mario002.mtx,12577,4.195670,4.708119
/data/UFget/MM/GHS_indef/exdata_1/exdata_1.mtx,4,0.597405,0.517635
/data/UFget/MM/GHS_indef/helm2d03/helm2d03.mtx,43585,6.230215,6.569592
/data/UFget/MM/GHS_indef/bmw3_2/bmw3_2.mtx,196,5.590460,5.942615
/data/UFget/MM/GHS_psdef/ford1/ford1.mtx,177,0.919110,0.946701
/data/UFget/MM/GHS_psdef/pds10/pds10.mtx,535,1.712925,1.483320
/data/UFget/MM/GHS_psdef/obstclae/obstclae.mtx,101,0.866609,0.924490
/data/UFget/MM/GHS_psdef/torsion1/torsion1.mtx,101,0.890617,0.921072
/data/UFget/MM/GHS_psdef/jnlbrng1/jnlbrng1.mtx,101,0.774134,0.836762
/data/UFget/MM/GHS_psdef/minsurfo/minsurfo.mtx,81,0.747234,0.822797
/data/UFget/MM/GHS_psdef/copter1/copter1.mtx,119,1.170539,1.221302
/data/UFget/MM/GHS_psdef/finance256/finance256.mtx,144,2.180726,2.467162
/data/UFget/MM/GHS_psdef/pwt/pwt.mtx,155,1.428135,1.604392
/data/UFget/MM/GHS_psdef/cvxbqp1/cvxbqp1.mtx,2000,3.078142,3.171243
/data/UFget/MM/GHS_psdef/wathen100/wathen100.mtx,38,0.701149,0.699053
/data/UFget/MM/GHS_psdef/gridgena/gridgena.mtx,51,0.667953,0.671192
/data/UFget/MM/GHS_psdef/apache1/apache1.mtx,391,1.911474,2.042990
/data/UFget/MM/GHS_psdef/ford2/ford2.mtx,357,1.943132,2.053789
/data/UFget/MM/GHS_psdef/wathen120/wathen120.mtx,40,0.730850,0.731697
/data/UFget/MM/GHS_psdef/copter2/copter2.mtx,292,2.682473,2.563833
/data/UFget/MM/GHS_psdef/opt1/opt1.mtx,5,0.985935,0.654838
/data/UFget/MM/GHS_psdef/oilpan/oilpan.mtx,25,2.673561,2.329355
/data/UFget/MM/GHS_psdef/vanbody/vanbody.mtx,20,1.295723,1.054868
/data/UFget/MM/GHS_psdef/ramage02/ramage02.mtx,11,2.273964,1.442383
/data/UFget/MM/GHS_psdef/srb1/srb1.mtx,34,3.367359,2.550289
/data/UFget/MM/GHS_psdef/s3dkt3m2/s3dkt3m2.mtx,61,4.463601,4.358618
/data/UFget/MM/GHS_psdef/s3dkq4m2/s3dkq4m2.mtx,38,4.021799,3.608909
/data/UFget/MM/GHS_psdef/apache2/apache2.mtx,1078,3.932770,4.505393
/data/UFget/MM/GHS_psdef/bmw7st_1/bmw7st_1.mtx,200,5.654649,5.658728
/data/UFget/MM/GHS_psdef/hood/hood.mtx,366,6.804121,6.055060
/data/UFget/MM/GHS_psdef/crankseg_1/crankseg_1.mtx,14,2.532588,1.618401
/data/UFget/MM/GHS_psdef/bmwcra_1/bmwcra_1.mtx,205,6.537863,5.777686
/data/UFget/MM/GHS_psdef/crankseg_2/crankseg_2.mtx,15,2.990337,1.842219
/data/UFget/MM/GHS_psdef/inline_1/inline_1.mtx,288,8.758485,8.076135
/data/UFget/MM/GHS_psdef/ldoor/ldoor.mtx,142,6.501558,5.033321
/data/UFget/MM/GHS_psdef/audikw_1/audikw_1.mtx,204,8.892013,7.251828
/data/UFget/MM/Gleich/usroads-48/usroads-48.mtx,78,0.482573,0.488326
/data/UFget/MM/Gleich/usroads/usroads.mtx,80,0.491014,0.495941
/data/UFget/MM/Gleich/flickr/flickr.mtx,347,1.401965,0.432142
/data/UFget/MM/Gleich/wikipedia-20051105/wikipedia-20051105.mtx,711,1.798040,1.226858
/data/UFget/MM/Gleich/wikipedia-20060925/wikipedia-20060925.mtx,1325,1.976129,1.644593
/data/UFget/MM/Gleich/wikipedia-20061104/wikipedia-20061104.mtx,1401,1.909096,1.678736
/data/UFget/MM/Gleich/wikipedia-20070206/wikipedia-20070206.mtx,1537,1.921065,1.853190
/data/UFget/MM/Gleich/wb-edu/wb-edu.mtx,1336,2.416340,2.531225
/data/UFget/MM/Goodwin/goodwin/goodwin.mtx,4,0.241776,0.189744
/data/UFget/MM/Goodwin/rim/rim.mtx,4,0.295941,0.227310
/data/UFget/MM/Graham/graham1/graham1.mtx,16,0.655446,0.479321
/data/UFget/MM/Grund/bayer01/bayer01.mtx,6415,5.252791,4.363430
/data/UFget/MM/Gupta/gupta3/gupta3.mtx,54,1.625479,8.333478
/data/UFget/MM/Hamm/bcircuit/bcircuit.mtx,193,1.097234,1.145086
/data/UFget/MM/Hamm/hcircuit/hcircuit.mtx,4595,4.482588,4.797446
/data/UFget/MM/Hamm/scircuit/scircuit.mtx,147,0.836505,0.869818
/data/UFget/MM/Hamrle/Hamrle3/Hamrle3.mtx,41354,5.985019,5.467326
/data/UFget/MM/HB/bcsstk15/bcsstk15.mtx,11,0.408572,0.387787
/data/UFget/MM/HB/bcsstk18/bcsstk18.mtx,39,0.549587,0.529759
/data/UFget/MM/HB/bcsstk24/bcsstk24.mtx,5,0.525403,0.462965
/data/UFget/MM/HB/lock3491/lock3491.mtx,3,0.326642,0.280779
/data/UFget/MM/HB/bcsstk28/bcsstk28.mtx,5,0.534598,0.453167
/data/UFget/MM/HB/man_5976/man_5976.mtx,2,0.171086,0.165450
/data/UFget/MM/HB/bcsstk25/bcsstk25.mtx,18,0.364760,0.334944
/data/UFget/MM/HB/cegb2802/cegb2802.mtx,3,0.492685,0.335295
/data/UFget/MM/HB/bcsstk16/bcsstk16.mtx,8,0.601174,0.517950
/data/UFget/MM/HB/cegb2919/cegb2919.mtx,5,0.772499,0.488741
/data/UFget/MM/HB/bcsstk17/bcsstk17.mtx,9,0.498491,0.478939
/data/UFget/MM/HB/psmigr_2/psmigr_2.mtx,2,0.300664,0.209467
/data/UFget/MM/HB/psmigr_1/psmigr_1.mtx,2,0.309685,0.212912
/data/UFget/MM/HB/psmigr_3/psmigr_3.mtx,2,0.306045,0.215495
/data/UFget/MM/HB/bcsstk33/bcsstk33.mtx,9,0.785065,0.643164
/data/UFget/MM/HB/bcsstk29/bcsstk29.mtx,13,0.891015,0.788898
/data/UFget/MM/HB/bcsstk31/bcsstk31.mtx,18,0.761522,0.644587
/data/UFget/MM/HB/bcsstk32/bcsstk32.mtx,16,1.023992,0.929749
/data/UFget/MM/HB/bcsstk30/bcsstk30.mtx,6,0.652138,0.513762
/data/UFget/MM/Hohn/sinc18/sinc18.mtx,658,4.594484,3.700552
/data/UFget/MM/Hollinger/mark3jac040/mark3jac040.mtx,8,0.087116,0.092128
/data/UFget/MM/Hollinger/mark3jac040sc/mark3jac040sc.mtx,8,0.086611,0.094282
/data/UFget/MM/Hollinger/g7jac040/g7jac040.mtx,90,0.538489,0.648425
/data/UFget/MM/Hollinger/g7jac040sc/g7jac040sc.mtx,90,0.529353,0.638281
/data/UFget/MM/Hollinger/jan99jac060/jan99jac060.mtx,12,0.132091,0.150352
/data/UFget/MM/Hollinger/jan99jac060sc/jan99jac060sc.mtx,12,0.132656,0.152198
/data/UFget/MM/Hollinger/g7jac050sc/g7jac050sc.mtx,92,0.610418,0.728940
/data/UFget/MM/Hollinger/jan99jac080/jan99jac080.mtx,12,0.134857,0.155388
/data/UFget/MM/Hollinger/jan99jac080sc/jan99jac080sc.mtx,12,0.130617,0.155273
/data/UFget/MM/Hollinger/mark3jac060/mark3jac060.mtx,8,0.088733,0.095362
/data/UFget/MM/Hollinger/mark3jac060sc/mark3jac060sc.mtx,8,0.088497,0.095220
/data/UFget/MM/Hollinger/g7jac060/g7jac060.mtx,93,0.682218,0.767495
/data/UFget/MM/Hollinger/g7jac060sc/g7jac060sc.mtx,93,0.686258,0.770045
/data/UFget/MM/Hollinger/jan99jac100/jan99jac100.mtx,12,0.133575,0.153293
/data/UFget/MM/Hollinger/jan99jac100sc/jan99jac100sc.mtx,12,0.131732,0.152270
/data/UFget/MM/Hollinger/mark3jac080/mark3jac080.mtx,8,0.086855,0.093952
/data/UFget/MM/Hollinger/mark3jac080sc/mark3jac080sc.mtx,8,0.088716,0.096948
/data/UFget/MM/Hollinger/jan99jac120/jan99jac120.mtx,12,0.132854,0.153489
/data/UFget/MM/Hollinger/jan99jac120sc/jan99jac120sc.mtx,12,0.131857,0.153862
/data/UFget/MM/Hollinger/g7jac080/g7jac080.mtx,95,0.742231,0.827004
/data/UFget/MM/Hollinger/g7jac080sc/g7jac080sc.mtx,95,0.733648,0.827004
/data/UFget/MM/Hollinger/mark3jac100/mark3jac100.mtx,8,0.089064,0.096924
/data/UFget/MM/Hollinger/mark3jac100sc/mark3jac100sc.mtx,8,0.089259,0.096219
/data/UFget/MM/Hollinger/mark3jac120/mark3jac120.mtx,8,0.089145,0.097356
/data/UFget/MM/Hollinger/mark3jac120sc/mark3jac120sc.mtx,8,0.089288,0.060507
/data/UFget/MM/Hollinger/g7jac100/g7jac100.mtx,96,0.758722,0.783352
/data/UFget/MM/Hollinger/g7jac100sc/g7jac100sc.mtx,96,0.754439,0.823447
/data/UFget/MM/Hollinger/mark3jac140/mark3jac140.mtx,8,0.089076,0.097627
/data/UFget/MM/Hollinger/mark3jac140sc/mark3jac140sc.mtx,8,0.089317,0.045535
/data/UFget/MM/Hollinger/g7jac120/g7jac120.mtx,96,0.755783,0.844558
/data/UFget/MM/Hollinger/g7jac120sc/g7jac120sc.mtx,96,0.727800,0.834688
/data/UFget/MM/Hollinger/g7jac140/g7jac140.mtx,97,0.748037,0.849554
/data/UFget/MM/Hollinger/g7jac140sc/g7jac140sc.mtx,97,0.748916,0.861621
/data/UFget/MM/Hollinger/g7jac160/g7jac160.mtx,97,0.777101,0.882278
/data/UFget/MM/Hollinger/g7jac160sc/g7jac160sc.mtx,97,0.741025,0.873405
/data/UFget/MM/Hollinger/g7jac180/g7jac180.mtx,97,0.772700,0.907854
/data/UFget/MM/Hollinger/g7jac180sc/g7jac180sc.mtx,97,0.756000,0.904675
/data/UFget/MM/Hollinger/g7jac200/g7jac200.mtx,98,0.749666,0.910775
/data/UFget/MM/Hollinger/g7jac200sc/g7jac200sc.mtx,98,0.747729,0.907262
/data/UFget/MM/HVDC/hvdc1/hvdc1.mtx,691,2.123835,2.279999
/data/UFget/MM/HVDC/hvdc2/hvdc2.mtx,1195,4.175962,4.685818
/data/UFget/MM/IBM_EDA/trans4/trans4.mtx,7789,6.043287,0.654280
/data/UFget/MM/IBM_EDA/trans5/trans5.mtx,7789,6.226109,0.663063
/data/UFget/MM/IBM_EDA/dc1/dc1.mtx,7789,6.174225,0.658233
/data/UFget/MM/IBM_EDA/dc2/dc2.mtx,7789,6.215663,0.654280
/data/UFget/MM/IBM_EDA/dc3/dc3.mtx,7789,6.133336,0.649463
/data/UFget/MM/INPRO/msdoor/msdoor.mtx,60,3.369274,3.439905
/data/UFget/MM/IPSO/OPF_3754/OPF_3754.mtx,644,2.194531,2.228086
/data/UFget/MM/IPSO/OPF_6000/OPF_6000.mtx,1108,3.648825,3.502138
/data/UFget/MM/IPSO/OPF_10000/OPF_10000.mtx,1330,4.865754,4.565527
/data/UFget/MM/IPSO/HTC_336_9129/HTC_336_9129.mtx,37724,5.362534,5.387360
/data/UFget/MM/IPSO/TSC_OPF_300/TSC_OPF_300.mtx,178,5.503470,2.006738
/data/UFget/MM/IPSO/TSC_OPF_1047/TSC_OPF_1047.mtx,51,8.614241,1.933889
/data/UFget/MM/Janna/CoupCons3D/CoupCons3D.mtx,179,8.109417,7.750272
/data/UFget/MM/Janna/StocF-1465/StocF-1465.mtx,488,4.150441,3.818191
/data/UFget/MM/Janna/Transport/Transport.mtx,2806,7.676919,8.489675
/data/UFget/MM/Janna/Fault_639/Fault_639.mtx,144,6.572259,5.775631
/data/UFget/MM/Janna/ML_Laplace/ML_Laplace.mtx,45,5.353164,4.231387
/data/UFget/MM/Janna/PFlow_742/PFlow_742.mtx,119,5.059564,3.763721
/data/UFget/MM/Janna/Emilia_923/Emilia_923.mtx,177,6.990508,6.337533
/data/UFget/MM/Janna/Hook_1498/Hook_1498.mtx,96,4.978027,4.119879
/data/UFget/MM/Janna/Geo_1438/Geo_1438.mtx,247,7.506639,7.193903
/data/UFget/MM/Janna/Serena/Serena.mtx,299,8.077984,7.662712
/data/UFget/MM/Janna/Long_Coup_dt0/Long_Coup_dt0.mtx,201,8.845378,3.903034
/data/UFget/MM/Janna/Long_Coup_dt6/Long_Coup_dt6.mtx,201,8.943561,8.314731
/data/UFget/MM/Janna/ML_Geer/ML_Geer.mtx,89,8.475332,7.233745
/data/UFget/MM/Janna/Flan_1565/Flan_1565.mtx,201,8.956614,8.040215
/data/UFget/MM/Janna/Cube_Coup_dt0/Cube_Coup_dt0.mtx,100,7.265947,6.283826
/data/UFget/MM/Janna/Cube_Coup_dt6/Cube_Coup_dt6.mtx,100,7.257880,6.274670
/data/UFget/MM/Janna/Bump_2911/Bump_2911.mtx,284,7.827066,7.491379
/data/UFget/MM/JGD_CAG/CAG_mat1916/CAG_mat1916.mtx,4,0.421989,0.308685
/data/UFget/MM/JGD_Homology/m133-b3/m133-b3.mtx,22245,5.434949,5.151532
/data/UFget/MM/JGD_Homology/shar_te2-b3/shar_te2-b3.mtx,22245,5.220922,5.177995
/data/UFget/MM/JGD_Homology/ch7-8-b5/ch7-8-b5.mtx,10856,5.911602,5.278922
/data/UFget/MM/JGD_SPG/EX5/EX5.mtx,156,1.941642,1.816375
/data/UFget/MM/JGD_SPG/EX6/EX6.mtx,153,1.965213,1.733702
/data/UFget/MM/JGD_Trefethen/Trefethen_20000b/Trefethen_20000b.mtx,1,0.106477,0.106693
/data/UFget/MM/JGD_Trefethen/Trefethen_20000/Trefethen_20000.mtx,1,0.106346,0.106033
/data/UFget/MM/Kamvar/Stanford/Stanford.mtx,1454,0.644449,0.917212
/data/UFget/MM/Kim/kim1/kim1.mtx,50,1.833211,1.970613
/data/UFget/MM/Kim/kim2/kim2.mtx,170,5.113596,5.039063
/data/UFget/MM/Koutsovasilis/F2/F2.mtx,64,3.874291,2.852440
/data/UFget/MM/Koutsovasilis/F1/F1.mtx,246,8.568581,6.425712
/data/UFget/MM/LAW/dblp-2010/dblp-2010.mtx,209,0.989053,1.193591
/data/UFget/MM/LAW/cnr-2000/cnr-2000.mtx,150,1.111451,1.025468
/data/UFget/MM/LAW/amazon-2008/amazon-2008.mtx,352,1.834775,1.865677
/data/UFget/MM/LAW/in-2004/in-2004.mtx,378,2.015807,1.899748
/data/UFget/MM/LAW/ljournal-2008/ljournal-2008.mtx,76,0.314307,0.415981
/data/UFget/MM/LAW/hollywood-2009/hollywood-2009.mtx,14,0.309098,0.379258
/data/UFget/MM/LAW/indochina-2004/indochina-2004.mtx,454,0.634212,0.617689
/data/UFget/MM/Lee/fem_filter/fem_filter.mtx,90,0.840382,0.670609
/data/UFget/MM/Lee/fem_hifreq_circuit/fem_hifreq_circuit.mtx,1059,8.989799,8.662880
/data/UFget/MM/LeGresley/LeGresley_87936/LeGresley_87936.mtx,1543,3.769215,3.705744
/data/UFget/MM/Li/li/li.mtx,18,0.972277,0.785969
/data/UFget/MM/Li/pli/pli.mtx,18,0.948887,0.758935
/data/UFget/MM/Lin/Lin/Lin.mtx,1293,4.084044,4.068374
/data/UFget/MM/Lourakis/bundle1/bundle1.mtx,1059,8.694358,9.079704
/data/UFget/MM/Mallya/lhr10/lhr10.mtx,50,0.811489,0.821508
/data/UFget/MM/Mallya/lhr11/lhr11.mtx,78,0.863074,0.893282
/data/UFget/MM/Mallya/lhr10c/lhr10c.mtx,50,0.821508,0.810871
/data/UFget/MM/Mallya/lhr11c/lhr11c.mtx,78,0.854815,0.865863
/data/UFget/MM/Mallya/lhr14/lhr14.mtx,81,1.151321,1.236081
/data/UFget/MM/Mallya/lhr14c/lhr14c.mtx,81,1.140152,1.254776
/data/UFget/MM/Mallya/lhr17/lhr17.mtx,180,1.527811,1.797886
/data/UFget/MM/Mallya/lhr17c/lhr17c.mtx,180,1.505459,1.781409
/data/UFget/MM/Mallya/lhr34/lhr34.mtx,359,2.716580,2.937830
/data/UFget/MM/Mallya/lhr34c/lhr34c.mtx,359,2.752915,2.977834
/data/UFget/MM/Mallya/lhr71/lhr71.mtx,718,3.572322,4.904120
/data/UFget/MM/Mallya/lhr71c/lhr71c.mtx,718,3.483414,4.890412
/data/UFget/MM/Mancktelow/viscorocks/viscorocks.mtx,16,0.703058,0.680621
/data/UFget/MM/MathWorks/Muu/Muu.mtx,35,1.074251,1.107871
/data/UFget/MM/MathWorks/Kuu/Kuu.mtx,18,1.325469,1.150624
/data/UFget/MM/MaxPlanck/shallow_water1/shallow_water1.mtx,81,0.534034,0.541098
/data/UFget/MM/MaxPlanck/shallow_water2/shallow_water2.mtx,81,0.530570,0.543151
/data/UFget/MM/Mazaheri/bundle_adj/bundle_adj.mtx,57039,9.448995,9.368531
/data/UFget/MM/McRae/ecology2/ecology2.mtx,501,3.157439,3.418378
/data/UFget/MM/McRae/ecology1/ecology1.mtx,501,3.177792,3.336302
/data/UFget/MM/Meng/iChem_Jacobian/iChem_Jacobian.mtx,795,4.500848,4.092676
/data/UFget/MM/MKS/fp/fp.mtx,30,0.732356,3.291241
/data/UFget/MM/Muite/Chebyshev4/Chebyshev4.mtx,4,0.738735,0.291363
/data/UFget/MM/Mulvey/finan512/finan512.mtx,145,2.497782,2.931840
/data/UFget/MM/Mulvey/pfinan512/pfinan512.mtx,145,2.497782,2.944095
/data/UFget/MM/Nasa/shuttle_eddy/shuttle_eddy.mtx,2,0.060817,0.063846
/data/UFget/MM/Nasa/nasa4704/nasa4704.mtx,15,0.416236,0.414358
/data/UFget/MM/Nasa/nasa2910/nasa2910.mtx,7,0.442941,0.386107
/data/UFget/MM/Nasa/skirt/skirt.mtx,29,0.597483,0.571404
/data/UFget/MM/Nasa/pwt/pwt.mtx,155,1.422791,1.604392
/data/UFget/MM/Nasa/nasasrb/nasasrb.mtx,16,1.081201,0.995280
/data/UFget/MM/ND/nd3k/nd3k.mtx,3,0.992714,0.622041
/data/UFget/MM/ND/nd6k/nd6k.mtx,4,1.273040,0.816052
/data/UFget/MM/ND/nd12k/nd12k.mtx,5,1.801741,1.201800
/data/UFget/MM/ND/nd24k/nd24k.mtx,7,2.190369,1.548736
/data/UFget/MM/Nemeth/nemeth02/nemeth02.mtx,2,0.145115,0.143884
/data/UFget/MM/Nemeth/nemeth03/nemeth03.mtx,2,0.146166,0.144386
/data/UFget/MM/Nemeth/nemeth04/nemeth04.mtx,2,0.145751,0.144398
/data/UFget/MM/Nemeth/nemeth05/nemeth05.mtx,2,0.145078,0.143579
/data/UFget/MM/Nemeth/nemeth06/nemeth06.mtx,2,0.146393,0.145078
/data/UFget/MM/Nemeth/nemeth07/nemeth07.mtx,2,0.146394,0.143423
/data/UFget/MM/Nemeth/nemeth08/nemeth08.mtx,2,0.145604,0.144598
/data/UFget/MM/Nemeth/nemeth09/nemeth09.mtx,2,0.145415,0.141409
/data/UFget/MM/Nemeth/nemeth10/nemeth10.mtx,2,0.148043,0.142593
/data/UFget/MM/Nemeth/nemeth11/nemeth11.mtx,2,0.149255,0.142252
/data/UFget/MM/Nemeth/nemeth12/nemeth12.mtx,1,0.160124,0.152216
/data/UFget/MM/Nemeth/nemeth13/nemeth13.mtx,1,0.168573,0.157899
/data/UFget/MM/Nemeth/nemeth14/nemeth14.mtx,1,0.174484,0.159163
/data/UFget/MM/Nemeth/nemeth15/nemeth15.mtx,1,0.179395,0.164863
/data/UFget/MM/Nemeth/nemeth16/nemeth16.mtx,1,0.187456,0.168563
/data/UFget/MM/Nemeth/nemeth17/nemeth17.mtx,1,0.200470,0.174297
/data/UFget/MM/Nemeth/nemeth18/nemeth18.mtx,1,0.205943,0.169772
/data/UFget/MM/Nemeth/nemeth01/nemeth01.mtx,1,0.216057,0.167398
/data/UFget/MM/Nemeth/nemeth19/nemeth19.mtx,1,0.239801,0.169106
/data/UFget/MM/Nemeth/nemeth20/nemeth20.mtx,1,0.266748,0.161489
/data/UFget/MM/Nemeth/nemeth21/nemeth21.mtx,1,0.302377,0.097268
/data/UFget/MM/Nemeth/nemeth22/nemeth22.mtx,1,0.326185,0.197394
/data/UFget/MM/Nemeth/nemeth24/nemeth24.mtx,1,0.347324,0.205010
/data/UFget/MM/Nemeth/nemeth23/nemeth23.mtx,1,0.344299,0.208262
/data/UFget/MM/Nemeth/nemeth25/nemeth25.mtx,1,0.345516,0.207568
/data/UFget/MM/Nemeth/nemeth26/nemeth26.mtx,1,0.348517,0.204666
/data/UFget/MM/Newman/cond-mat-2003/cond-mat-2003.mtx,185,1.381580,1.035339
/data/UFget/MM/Newman/astro-ph/astro-ph.mtx,56,0.785653,0.610373
/data/UFget/MM/Newman/cond-mat-2005/cond-mat-2005.mtx,178,1.450317,0.984734
/data/UFget/MM/Norris/lung2/lung2.mtx,115,1.840431,1.980448
/data/UFget/MM/Norris/heart2/heart2.mtx,3,0.757025,0.458540
/data/UFget/MM/Norris/heart3/heart3.mtx,3,0.774992,0.472798
/data/UFget/MM/Norris/torso2/torso2.mtx,226,1.906327,1.821345
/data/UFget/MM/Norris/heart1/heart1.mtx,3,0.884459,0.547127
/data/UFget/MM/Norris/stomach/stomach.mtx,126,1.399836,1.353477
/data/UFget/MM/Norris/torso3/torso3.mtx,936,5.594233,5.382898
/data/UFget/MM/Norris/torso1/torso1.mtx,45,0.728546,0.931539
/data/UFget/MM/Oberwolfach/piston/piston.mtx,2,0.172715,0.161993
/data/UFget/MM/Oberwolfach/rail_20209/rail_20209.mtx,2887,2.696565,2.845737
/data/UFget/MM/Oberwolfach/t2dah_a/t2dah_a.mtx,13,0.418676,0.394728
/data/UFget/MM/Oberwolfach/t2dah_e/t2dah_e.mtx,13,0.420691,0.413179
/data/UFget/MM/Oberwolfach/t2dah/t2dah.mtx,13,0.409522,0.399945
/data/UFget/MM/Oberwolfach/chipcool0/chipcool0.mtx,38,0.617225,0.603659
/data/UFget/MM/Oberwolfach/chipcool1/chipcool1.mtx,38,0.622393,0.614822
/data/UFget/MM/Oberwolfach/inlet/inlet.mtx,8,0.413175,0.471654
/data/UFget/MM/Oberwolfach/gyro_m/gyro_m.mtx,19,0.546301,0.523070
/data/UFget/MM/Oberwolfach/t3dl_a/t3dl_a.mtx,33,0.867705,0.832309
/data/UFget/MM/Oberwolfach/t3dl/t3dl.mtx,33,0.863662,0.841441
/data/UFget/MM/Oberwolfach/rail_79841/rail_79841.mtx,11406,7.126516,6.886504
/data/UFget/MM/Oberwolfach/gyro_k/gyro_k.mtx,7,0.704149,0.527153
/data/UFget/MM/Oberwolfach/gyro/gyro.mtx,7,0.709309,0.530944
/data/UFget/MM/Oberwolfach/windscreen/windscreen.mtx,57,4.251025,3.689522
/data/UFget/MM/Oberwolfach/gas_sensor/gas_sensor.mtx,83,1.774218,1.639457
/data/UFget/MM/Oberwolfach/filter3D/filter3D.mtx,44,1.221652,1.022011
/data/UFget/MM/Oberwolfach/t3dh_a/t3dh_a.mtx,46,2.540823,1.933436
/data/UFget/MM/Oberwolfach/t3dh_e/t3dh_e.mtx,46,2.533549,1.912546
/data/UFget/MM/Oberwolfach/t3dh/t3dh.mtx,46,2.524945,1.906660
/data/UFget/MM/Oberwolfach/boneS01/boneS01.mtx,157,6.516577,5.426168
/data/UFget/MM/Oberwolfach/boneS10/boneS10.mtx,387,9.184387,8.902940
/data/UFget/MM/Oberwolfach/bone010/bone010.mtx,471,9.843300,9.691162
/data/UFget/MM/Okunbor/aft01/aft01.mtx,17,0.311885,0.306100
/data/UFget/MM/Okunbor/aft02/aft02.mtx,16,0.309722,0.298846
/data/UFget/MM/Pajek/foldoc/foldoc.mtx,2,0.046739,0.048070
/data/UFget/MM/Pajek/Wordnet3/Wordnet3.mtx,591,1.069785,0.947129
/data/UFget/MM/Pajek/dictionary28/dictionary28.mtx,1254,2.130075,2.145455
/data/UFget/MM/Pajek/internet/internet.mtx,1979,2.300809,2.077653
/data/UFget/MM/Pajek/Reuters911/Reuters911.mtx,59,0.395926,0.341147
/data/UFget/MM/Pajek/EAT_SR/EAT_SR.mtx,64,0.539856,0.450296
/data/UFget/MM/Pajek/EAT_RS/EAT_RS.mtx,64,0.404686,0.369905
/data/UFget/MM/Pajek/HEP-th/HEP-th.mtx,90,0.751525,1.025648
/data/UFget/MM/Pajek/HEP-th-new/HEP-th-new.mtx,90,0.760465,1.020601
/data/UFget/MM/Pajek/patents_main/patents_main.mtx,8591,2.198499,2.194084
/data/UFget/MM/Pajek/patents/patents.mtx,134814,2.071244,12.638078
/data/UFget/MM/PARSEC/SiH4/SiH4.mtx,2,0.121367,0.114761
/data/UFget/MM/PARSEC/SiNa/SiNa.mtx,2,0.124562,0.117082
/data/UFget/MM/PARSEC/benzene/benzene.mtx,2,0.110757,0.110466
/data/UFget/MM/PARSEC/Na5/Na5.mtx,2,0.167913,0.144191
/data/UFget/MM/PARSEC/Si5H12/Si5H12.mtx,2,0.134291,0.130775
/data/UFget/MM/PARSEC/Si10H16/Si10H16.mtx,2,0.168747,0.154709
/data/UFget/MM/PARSEC/SiO/SiO.mtx,2,0.139819,0.085332
/data/UFget/MM/PARSEC/H2O/H2O.mtx,2,0.124761,0.124259
/data/UFget/MM/PARSEC/GaAsH6/GaAsH6.mtx,2,0.181305,0.186693
/data/UFget/MM/PARSEC/Si34H36/Si34H36.mtx,2,0.174591,0.173770
/data/UFget/MM/PARSEC/Ga3As3H12/Ga3As3H12.mtx,2,0.256138,0.248079
/data/UFget/MM/PARSEC/Ga10As10H30/Ga10As10H30.mtx,2,0.176451,0.179434
/data/UFget/MM/PARSEC/CO/CO.mtx,2,0.128477,0.141711
/data/UFget/MM/PARSEC/Ge87H76/Ge87H76.mtx,2,0.209257,0.193924
/data/UFget/MM/PARSEC/Ge99H100/Ge99H100.mtx,2,0.217002,0.201269
/data/UFget/MM/PARSEC/Ga19As19H42/Ga19As19H42.mtx,2,0.203231,0.199526
/data/UFget/MM/PARSEC/Si87H76/Si87H76.mtx,2,0.153310,0.160006
/data/UFget/MM/PARSEC/SiO2/SiO2.mtx,2,0.212983,0.226019
/data/UFget/MM/PARSEC/Si41Ge41H72/Si41Ge41H72.mtx,2,0.227955,0.216212
/data/UFget/MM/PARSEC/Ga41As41H72/Ga41As41H72.mtx,2,0.206461,0.203167
/data/UFget/MM/POLYFLOW/invextr1_new/invextr1_new.mtx,96,2.913799,2.166988
/data/UFget/MM/POLYFLOW/mixtank_new/mixtank_new.mtx,52,2.168358,1.698691
/data/UFget/MM/Pothen/shuttle_eddy/shuttle_eddy.mtx,2,0.059821,0.062650
/data/UFget/MM/Pothen/barth5/barth5.mtx,15,0.178961,0.177727
/data/UFget/MM/Pothen/bodyy4/bodyy4.mtx,26,0.398527,0.431763
/data/UFget/MM/Pothen/bodyy5/bodyy5.mtx,28,0.433714,0.459076
/data/UFget/MM/Pothen/bodyy6/bodyy6.mtx,36,0.513832,0.535100
/data/UFget/MM/Pothen/skirt/skirt.mtx,29,0.599115,0.569918
/data/UFget/MM/Pothen/tandem_vtx/tandem_vtx.mtx,8,0.183167,0.187320
/data/UFget/MM/Pothen/pwt/pwt.mtx,155,1.422791,1.577763
/data/UFget/MM/Pothen/onera_dual/onera_dual.mtx,495,1.956701,1.947700
/data/UFget/MM/Pothen/tandem_dual/tandem_dual.mtx,269,1.593152,1.613039
/data/UFget/MM/Puri/ABACUS_shell_ud/ABACUS_shell_ud.mtx,16,0.281986,0.283245
/data/UFget/MM/Puri/ABACUS_shell_ld/ABACUS_shell_ld.mtx,16,0.282930,0.282930
/data/UFget/MM/Puri/ABACUS_shell_md/ABACUS_shell_md.mtx,16,0.284596,0.282300
/data/UFget/MM/Puri/ABACUS_shell_hd/ABACUS_shell_hd.mtx,16,0.282536,0.283562
/data/UFget/MM/QCD/conf5_0-4x4-10/conf5_0-4x4-10.mtx,237,0.912402,0.940002
/data/UFget/MM/QCD/conf5_0-4x4-14/conf5_0-4x4-14.mtx,237,0.899968,0.933359
/data/UFget/MM/QCD/conf5_0-4x4-18/conf5_0-4x4-18.mtx,237,0.912402,0.946740
/data/UFget/MM/QCD/conf5_0-4x4-22/conf5_0-4x4-22.mtx,237,0.912402,0.953576
/data/UFget/MM/QCD/conf5_0-4x4-26/conf5_0-4x4-26.mtx,237,0.899968,0.953576
/data/UFget/MM/QCD/conf6_0-4x4-20/conf6_0-4x4-20.mtx,237,0.892367,0.946740
/data/UFget/MM/QCD/conf6_0-4x4-30/conf6_0-4x4-30.mtx,237,0.892367,0.946740
/data/UFget/MM/QCD/conf5_4-8x8-05/conf5_4-8x8-05.mtx,1695,8.057670,7.520014
/data/UFget/MM/QCD/conf5_4-8x8-10/conf5_4-8x8-10.mtx,1695,8.027061,7.573921
/data/UFget/MM/QCD/conf5_4-8x8-15/conf5_4-8x8-15.mtx,1695,8.027061,7.580714
/data/UFget/MM/QCD/conf5_4-8x8-20/conf5_4-8x8-20.mtx,1695,7.966537,7.628606
/data/UFget/MM/QCD/conf6_0-8x8-20/conf6_0-8x8-20.mtx,1695,8.034692,7.546871
/data/UFget/MM/QCD/conf6_0-8x8-30/conf6_0-8x8-30.mtx,1695,8.096260,7.546871
/data/UFget/MM/QCD/conf6_0-8x8-80/conf6_0-8x8-80.mtx,1695,7.929170,7.573921
/data/UFget/MM/QLi/crashbasis/crashbasis.mtx,267,3.008962,3.007832
/data/UFget/MM/QLi/majorbasis/majorbasis.mtx,267,3.008962,2.998827
/data/UFget/MM/QLi/largebasis/largebasis.mtx,220010,7.822918,8.609760
/data/UFget/MM/QY/case9/case9.mtx,1314,2.438467,0.974079
/data/UFget/MM/QY/case39/case39.mtx,1183,7.465687,0.973311
/data/UFget/MM/Rajat/rajat09/rajat09.mtx,135,0.748795,0.765599
/data/UFget/MM/Rajat/rajat10/rajat10.mtx,150,0.823509,0.853777
/data/UFget/MM/Rajat/rajat16/rajat16.mtx,655,2.169146,0.756814
/data/UFget/MM/Rajat/rajat18/rajat18.mtx,689,1.864777,0.785390
/data/UFget/MM/Rajat/rajat17/rajat17.mtx,655,2.170667,0.760160
/data/UFget/MM/Rajat/rajat23/rajat23.mtx,3806,3.512617,2.448743
/data/UFget/MM/Rajat/rajat20/rajat20.mtx,635,2.072518,0.753009
/data/UFget/MM/Rajat/rajat25/rajat25.mtx,637,2.150274,0.774099
/data/UFget/MM/Rajat/rajat28/rajat28.mtx,637,2.123708,0.767189
/data/UFget/MM/Rajat/rajat31/rajat31.mtx,1875,4.479185,5.077653
/data/UFget/MM/Raju/laminar_duct3D/laminar_duct3D.mtx,162,5.117401,4.095197
/data/UFget/MM/Rommes/juba40k/juba40k.mtx,1009,1.851741,1.948473
/data/UFget/MM/Rommes/bauru5727/bauru5727.mtx,1010,1.831108,1.925587
/data/UFget/MM/Ronis/xenon1/xenon1.mtx,191,3.323337,2.971094
/data/UFget/MM/Ronis/xenon2/xenon2.mtx,476,5.011436,4.647169
/data/UFget/MM/Rost/RFdevice/RFdevice.mtx,1577,2.707223,2.254131
/data/UFget/MM/Rothberg/struct4/struct4.mtx,19,0.861444,0.761351
/data/UFget/MM/Rothberg/struct3/struct3.mtx,55,1.163281,1.135315
/data/UFget/MM/Rothberg/cfd1/cfd1.mtx,17,0.575303,0.566505
/data/UFget/MM/Rothberg/cfd2/cfd2.mtx,29,0.872875,0.837176
/data/UFget/MM/Rothberg/3dtube/3dtube.mtx,4,0.635532,0.526582
/data/UFget/MM/Rothberg/gearbox/gearbox.mtx,34,2.332480,2.081631
/data/UFget/MM/Rudnyi/water_tank/water_tank.mtx,47,1.649099,1.440496
/data/UFget/MM/Sandia/mult_dcop_03/mult_dcop_03.mtx,187,0.517247,0.841831
/data/UFget/MM/Sandia/mult_dcop_01/mult_dcop_01.mtx,187,0.490828,0.841290
/data/UFget/MM/Sandia/mult_dcop_02/mult_dcop_02.mtx,187,0.513625,0.845164
/data/UFget/MM/Sandia/ASIC_100ks/ASIC_100ks.mtx,3815,4.457796,4.878342
/data/UFget/MM/Sandia/ASIC_100k/ASIC_100k.mtx,1553,1.511812,0.792224
/data/UFget/MM/Sandia/ASIC_320ks/ASIC_320ks.mtx,9191,5.241607,6.533018
/data/UFget/MM/Sandia/ASIC_680ks/ASIC_680ks.mtx,13933,4.010404,5.892152
/data/UFget/MM/Sandia/ASIC_320k/ASIC_320k.mtx,3743,2.271314,1.099809
/data/UFget/MM/Sandia/ASIC_680k/ASIC_680k.mtx,11382,2.206750,1.187680
/data/UFget/MM/Sanghavi/ecl32/ecl32.mtx,537,2.349288,2.068017
/data/UFget/MM/Schenk/nlpkkt80/nlpkkt80.mtx,531200,9.229848,9.999371
/data/UFget/MM/Schenk/nlpkkt120/nlpkkt120.mtx,1771200,9.336525,10.032849
/data/UFget/MM/Schenk_AFE/af_0_k101/af_0_k101.mtx,75,6.596848,6.828859
/data/UFget/MM/Schenk_AFE/af_1_k101/af_1_k101.mtx,75,6.726348,6.854202
/data/UFget/MM/Schenk_AFE/af_2_k101/af_2_k101.mtx,75,6.746723,6.849242
/data/UFget/MM/Schenk_AFE/af_3_k101/af_3_k101.mtx,75,6.754547,6.844290
/data/UFget/MM/Schenk_AFE/af_4_k101/af_4_k101.mtx,75,6.782376,6.891002
/data/UFget/MM/Schenk_AFE/af_5_k101/af_5_k101.mtx,75,6.618181,6.792109
/data/UFget/MM/Schenk_AFE/af_shell1/af_shell1.mtx,136,7.182529,7.352316
/data/UFget/MM/Schenk_AFE/af_shell2/af_shell2.mtx,136,7.151395,7.361587
/data/UFget/MM/Schenk_AFE/af_shell3/af_shell3.mtx,136,7.160166,7.382354
/data/UFget/MM/Schenk_AFE/af_shell4/af_shell4.mtx,136,7.139957,7.409745
/data/UFget/MM/Schenk_AFE/af_shell5/af_shell5.mtx,136,7.185249,7.334551
/data/UFget/MM/Schenk_AFE/af_shell6/af_shell6.mtx,136,7.146008,7.393862
/data/UFget/MM/Schenk_AFE/af_shell7/af_shell7.mtx,136,7.179811,7.443174
/data/UFget/MM/Schenk_AFE/af_shell8/af_shell8.mtx,136,7.211879,7.385228
/data/UFget/MM/Schenk_AFE/af_shell9/af_shell9.mtx,136,7.095232,7.397466
/data/UFget/MM/Schenk_AFE/af_shell10/af_shell10.mtx,181,8.124161,8.047062
/data/UFget/MM/Schenk_IBMSDS/2D_27628_bjtcai/2D_27628_bjtcai.mtx,37,1.254628,1.218980
/data/UFget/MM/Schenk_IBMSDS/3D_28984_Tetra/3D_28984_Tetra.mtx,134,2.802839,3.377781
/data/UFget/MM/Schenk_IBMSDS/2D_54019_highK/2D_54019_highK.mtx,40,1.423532,1.409866
/data/UFget/MM/Schenk_IBMSDS/3D_51448_3D/3D_51448_3D.mtx,285,3.110798,4.486035
/data/UFget/MM/Schenk_IBMSDS/ibm_matrix_2/ibm_matrix_2.mtx,285,3.102491,4.468781
/data/UFget/MM/Schenk_IBMSDS/matrix-new_3/matrix-new_3.mtx,200,2.386598,3.216067
/data/UFget/MM/Schenk_IBMSDS/matrix_9/matrix_9.mtx,341,4.389578,4.654485
/data/UFget/MM/Schenk_ISEI/igbt3/igbt3.mtx,41,0.941677,1.051555
/data/UFget/MM/Schenk_ISEI/nmos3/nmos3.mtx,49,1.092196,1.185116
/data/UFget/MM/Schenk_ISEI/para-10/para-10.mtx,81,1.899224,1.951720
/data/UFget/MM/Schenk_ISEI/para-5/para-5.mtx,81,1.924084,1.966996
/data/UFget/MM/Schenk_ISEI/para-6/para-6.mtx,81,1.922185,1.947654
/data/UFget/MM/Schenk_ISEI/para-7/para-7.mtx,81,1.919501,1.953188
/data/UFget/MM/Schenk_ISEI/para-8/para-8.mtx,81,1.916196,1.981672
/data/UFget/MM/Schenk_ISEI/para-9/para-9.mtx,81,1.905728,1.942312
/data/UFget/MM/Schenk_ISEI/barrier2-1/barrier2-1.mtx,97,2.191477,2.025874
/data/UFget/MM/Schenk_ISEI/barrier2-2/barrier2-2.mtx,97,2.173220,2.006090
/data/UFget/MM/Schenk_ISEI/barrier2-3/barrier2-3.mtx,97,2.168345,1.991986
/data/UFget/MM/Schenk_ISEI/barrier2-4/barrier2-4.mtx,97,2.161216,1.978794
/data/UFget/MM/Schenk_ISEI/barrier2-10/barrier2-10.mtx,98,2.215970,2.069910
/data/UFget/MM/Schenk_ISEI/barrier2-11/barrier2-11.mtx,98,2.193160,2.024841
/data/UFget/MM/Schenk_ISEI/barrier2-12/barrier2-12.mtx,98,2.164396,2.023624
/data/UFget/MM/Schenk_ISEI/barrier2-9/barrier2-9.mtx,98,2.177556,2.029969
/data/UFget/MM/Schenk_ISEI/para-4/para-4.mtx,80,1.879651,1.931464
/data/UFget/MM/Schenk_ISEI/ohne2/ohne2.mtx,24,1.338189,1.104399
/data/UFget/MM/Schmid/thermal1/thermal1.mtx,86,0.837220,0.811342
/data/UFget/MM/Schmid/thermal2/thermal2.mtx,992,3.571734,3.441750
/data/UFget/MM/Shen/e40r0100/e40r0100.mtx,22,1.036038,1.043716
/data/UFget/MM/Shyy/shyy161/shyy161.mtx,3,0.079515,0.077864
/data/UFget/MM/Simon/raefsky6/raefsky6.mtx,6,0.404664,0.351381
/data/UFget/MM/Simon/raefsky5/raefsky5.mtx,9,0.525712,0.510358
/data/UFget/MM/Simon/raefsky1/raefsky1.mtx,3,0.431793,0.296338
/data/UFget/MM/Simon/raefsky2/raefsky2.mtx,3,0.428825,0.298465
/data/UFget/MM/Simon/olafu/olafu.mtx,9,1.037562,0.848821
/data/UFget/MM/Simon/raefsky4/raefsky4.mtx,54,2.312166,2.107138
/data/UFget/MM/Simon/raefsky3/raefsky3.mtx,19,2.848972,2.120986
/data/UFget/MM/Simon/venkat25/venkat25.mtx,15,0.894545,0.847726
/data/UFget/MM/Simon/venkat50/venkat50.mtx,15,0.923876,0.879996
/data/UFget/MM/Simon/venkat01/venkat01.mtx,15,0.923305,0.881763
/data/UFget/MM/Simon/bbmat/bbmat.mtx,44,2.085593,1.810597
/data/UFget/MM/Simon/appu/appu.mtx,47,2.339767,1.998775
/data/UFget/MM/Sinclair/3Dspectralwave2/3Dspectralwave2.mtx,191,2.358600,5.270193
/data/UFget/MM/Sinclair/3Dspectralwave/3Dspectralwave.mtx,334,3.570111,9.477655
/data/UFget/MM/SNAP/wiki-Vote/wiki-Vote.mtx,21,0.268493,0.158101
/data/UFget/MM/SNAP/p2p-Gnutella31/p2p-Gnutella31.mtx,482,1.188084,1.171077
/data/UFget/MM/SNAP/ca-CondMat/ca-CondMat.mtx,309,1.356279,1.389030
/data/UFget/MM/SNAP/ca-HepPh/ca-HepPh.mtx,50,0.679931,0.562532
/data/UFget/MM/SNAP/cit-HepTh/cit-HepTh.mtx,90,0.757438,1.041075
/data/UFget/MM/SNAP/email-Enron/email-Enron.mtx,94,0.679604,0.305867
/data/UFget/MM/SNAP/ca-AstroPh/ca-AstroPh.mtx,125,1.253504,1.119972
/data/UFget/MM/SNAP/cit-HepPh/cit-HepPh.mtx,203,1.397985,1.581733
/data/UFget/MM/SNAP/soc-Epinions1/soc-Epinions1.mtx,147,0.713574,0.322863
/data/UFget/MM/SNAP/soc-sign-Slashdot081106/soc-sign-Slashdot081106.mtx,227,0.802847,0.372334
/data/UFget/MM/SNAP/soc-sign-Slashdot090216/soc-sign-Slashdot090216.mtx,241,0.821958,0.408890
/data/UFget/MM/SNAP/soc-sign-Slashdot090221/soc-sign-Slashdot090221.mtx,239,0.840616,0.406990
/data/UFget/MM/SNAP/soc-sign-epinions/soc-sign-epinions.mtx,162,0.572823,0.270112
/data/UFget/MM/SNAP/soc-Slashdot0811/soc-Slashdot0811.mtx,276,1.164547,0.528119
/data/UFget/MM/SNAP/soc-Slashdot0902/soc-Slashdot0902.mtx,289,1.199942,0.548476
/data/UFget/MM/SNAP/amazon0302/amazon0302.mtx,1481,2.538951,2.810740
/data/UFget/MM/SNAP/web-NotreDame/web-NotreDame.mtx,751,2.410374,2.010551
/data/UFget/MM/SNAP/web-Stanford/web-Stanford.mtx,1454,2.312013,2.628914
/data/UFget/MM/SNAP/roadNet-PA/roadNet-PA.mtx,2312,3.494016,4.106671
/data/UFget/MM/SNAP/amazon0312/amazon0312.mtx,1891,3.301566,4.177491
/data/UFget/MM/SNAP/amazon0505/amazon0505.mtx,1415,3.114818,3.398807
/data/UFget/MM/SNAP/amazon0601/amazon0601.mtx,1436,2.807477,3.998102
/data/UFget/MM/SNAP/roadNet-TX/roadNet-TX.mtx,4051,4.170455,5.018696
/data/UFget/MM/SNAP/web-Google/web-Google.mtx,11176,4.050618,4.377202
/data/UFget/MM/SNAP/roadNet-CA/roadNet-CA.mtx,5416,4.301330,5.091505
/data/UFget/MM/SNAP/cit-Patents/cit-Patents.mtx,134814,2.028871,13.514127
/data/UFget/MM/SNAP/as-Skitter/as-Skitter.mtx,1070,2.689340,0.561755
/data/UFget/MM/SNAP/soc-LiveJournal1/soc-LiveJournal1.mtx,550,2.032464,1.035165
/data/UFget/MM/Sorensen/Linux_call_graph/Linux_call_graph.mtx,1605,2.234054,1.597717
/data/UFget/MM/Szczerba/Ill_Stokes/Ill_Stokes.mtx,1394,1.961744,1.480862
/data/UFget/MM/TKK/g3rmt3m3/g3rmt3m3.mtx,5,0.563433,0.486448
/data/UFget/MM/TKK/t520/t520.mtx,10,0.912321,0.827253
/data/UFget/MM/TKK/cbuckle/cbuckle.mtx,9,0.617906,0.583883
/data/UFget/MM/TKK/cyl6/cyl6.mtx,9,0.981082,0.874821
/data/UFget/MM/TKK/tube1/tube1.mtx,8,0.756023,0.691687
/data/UFget/MM/TKK/tube2/tube2.mtx,12,1.334960,1.110607
/data/UFget/MM/TKK/smt/smt.mtx,6,1.096571,0.776914
/data/UFget/MM/TKK/s4dkt3m2/s4dkt3m2.mtx,61,4.506017,4.353910
/data/UFget/MM/TKK/engine/engine.mtx,125,4.044717,4.235037
/data/UFget/MM/Tromble/language/language.mtx,8870,3.379425,2.174502
/data/UFget/MM/TSOPF/TSOPF_FS_b9_c6/TSOPF_FS_b9_c6.mtx,1314,2.406169,0.990004
/data/UFget/MM/TSOPF/TSOPF_RS_b162_c1/TSOPF_RS_b162_c1.mtx,20,0.868027,0.954175
/data/UFget/MM/TSOPF/TSOPF_RS_b39_c7/TSOPF_RS_b39_c7.mtx,98,1.875895,2.468066
/data/UFget/MM/TSOPF/TSOPF_FS_b162_c1/TSOPF_FS_b162_c1.mtx,178,3.779767,0.945961
/data/UFget/MM/TSOPF/TSOPF_RS_b162_c3/TSOPF_RS_b162_c3.mtx,57,2.065096,2.251061
/data/UFget/MM/TSOPF/TSOPF_RS_b39_c19/TSOPF_RS_b39_c19.mtx,263,3.904162,4.878631
/data/UFget/MM/TSOPF/TSOPF_FS_b39_c7/TSOPF_FS_b39_c7.mtx,830,6.286568,0.953900
/data/UFget/MM/TSOPF/TSOPF_RS_b162_c4/TSOPF_RS_b162_c4.mtx,76,2.564083,2.934379
/data/UFget/MM/TSOPF/TSOPF_RS_b39_c30/TSOPF_RS_b39_c30.mtx,415,5.477578,6.792509
/data/UFget/MM/TSOPF/TSOPF_RS_b300_c1/TSOPF_RS_b300_c1.mtx,37,3.156100,2.457090
/data/UFget/MM/TSOPF/TSOPF_FS_b162_c3/TSOPF_FS_b162_c3.mtx,505,6.330607,0.919225
/data/UFget/MM/TSOPF/TSOPF_FS_b39_c19/TSOPF_FS_b39_c19.mtx,2242,7.402855,0.763194
/data/UFget/MM/TSOPF/TSOPF_FS_b162_c4/TSOPF_FS_b162_c4.mtx,669,6.096163,0.928330
/data/UFget/MM/TSOPF/TSOPF_RS_b300_c2/TSOPF_RS_b300_c2.mtx,72,3.840910,3.585733
/data/UFget/MM/TSOPF/TSOPF_FS_b39_c30/TSOPF_FS_b39_c30.mtx,3536,7.389326,0.618886
/data/UFget/MM/TSOPF/TSOPF_FS_b300/TSOPF_FS_b300.mtx,190,8.674674,1.064547
/data/UFget/MM/TSOPF/TSOPF_FS_b300_c1/TSOPF_FS_b300_c1.mtx,190,8.694876,1.064547
/data/UFget/MM/TSOPF/TSOPF_RS_b300_c3/TSOPF_RS_b300_c3.mtx,107,4.141207,5.097999
/data/UFget/MM/TSOPF/TSOPF_FS_b300_c2/TSOPF_FS_b300_c2.mtx,369,6.711506,0.971333
/data/UFget/MM/TSOPF/TSOPF_RS_b678_c2/TSOPF_RS_b678_c2.mtx,46,4.815996,8.502724
/data/UFget/MM/TSOPF/TSOPF_FS_b300_c3/TSOPF_FS_b300_c3.mtx,549,7.172207,0.745374
/data/UFget/MM/Um/2cubes_sphere/2cubes_sphere.mtx,8,0.197422,0.209160
/data/UFget/MM/Um/offshore/offshore.mtx,76,1.276942,1.284935
/data/UFget/MM/UTEP/Dubcova1/Dubcova1.mtx,23,0.511716,0.564141
/data/UFget/MM/UTEP/Dubcova2/Dubcova2.mtx,40,0.858335,0.965898
/data/UFget/MM/UTEP/Dubcova3/Dubcova3.mtx,45,1.798331,1.708124
/data/UFget/MM/vanHeukelum/cage10/cage10.mtx,228,1.340539,1.275147
/data/UFget/MM/vanHeukelum/cage11/cage11.mtx,738,2.979319,3.036960
/data/UFget/MM/vanHeukelum/cage12/cage12.mtx,1974,4.970570,5.644860
/data/UFget/MM/vanHeukelum/cage13/cage13.mtx,5366,7.166543,8.005401
/data/UFget/MM/vanHeukelum/cage14/cage14.mtx,15058,8.039401,8.754275
/data/UFget/MM/vanHeukelum/cage15/cage15.mtx,35068,6.920065,7.325179
/data/UFget/MM/VanVelzen/std1_Jac2_db/std1_Jac2_db.mtx,20,0.453246,0.368019
/data/UFget/MM/VanVelzen/std1_Jac3_db/std1_Jac3_db.mtx,20,0.478640,0.380668
/data/UFget/MM/Vavasis/av41092/av41092.mtx,124,1.267711,0.815685
/data/UFget/MM/VDOL/hangGlider_4/hangGlider_4.mtx,2594,1.431473,1.790229
/data/UFget/MM/VDOL/hangGlider_5/hangGlider_5.mtx,2669,1.449912,1.820328
/data/UFget/MM/VDOL/lowThrust_4/lowThrust_4.mtx,6781,2.969534,2.507388
/data/UFget/MM/VDOL/lowThrust_11/lowThrust_11.mtx,9184,4.166575,2.916602
/data/UFget/MM/VDOL/lowThrust_12/lowThrust_12.mtx,9229,3.917636,2.765995
/data/UFget/MM/VDOL/lowThrust_13/lowThrust_13.mtx,9238,3.997076,2.859697
/data/UFget/MM/Wang/wang3/wang3.mtx,300,1.161331,1.262840
/data/UFget/MM/Wang/wang4/wang4.mtx,304,1.202470,1.287841
/data/UFget/MM/Watson/chem_master1/chem_master1.mtx,101,0.774142,0.847994
/data/UFget/MM/Watson/Baumann/Baumann.mtx,532,2.308301,2.487068
/data/UFget/MM/Williams/mac_econ_fwd500/mac_econ_fwd500.mtx,6,0.070411,0.066987
/data/UFget/MM/Williams/mc2depi/mc2depi.mtx,206,0.997415,0.971549
/data/UFget/MM/Williams/cop20k_A/cop20k_A.mtx,508,4.690826,3.847846
/data/UFget/MM/Williams/cant/cant.mtx,27,1.148730,1.028259
/data/UFget/MM/Williams/pdb1HYS/pdb1HYS.mtx,2,0.493713,0.328671
/data/UFget/MM/Williams/consph/consph.mtx,140,5.921990,4.665810
/data/UFget/MM/Wissgott/parabolic_fem/parabolic_fem.mtx,75118,5.547218,7.144349
/data/UFget/MM/Zaoui/kkt_power/kkt_power.mtx,121382,5.547279,6.578644
/data/UFget/MM/Zhao/Zhao1/Zhao1.mtx,11287,3.717601,4.098428
/data/UFget/MM/Zhao/Zhao2/Zhao2.mtx,11287,3.717601,4.078533
