/data/UFget/MM/ACUSIM/Pres_Poisson/Pres_Poisson.mtx,21.580837
/data/UFget/MM/AG-Monien/cca/cca.mtx,5.097884
/data/UFget/MM/AG-Monien/shock-9/shock-9.mtx,5.649753
/data/UFget/MM/AG-Monien/ccc/ccc.mtx,5.403199
/data/UFget/MM/AG-Monien/bfly/bfly.mtx,7.243548
/data/UFget/MM/AG-Monien/brack2/brack2.mtx,18.894063
/data/UFget/MM/AG-Monien/wave/wave.mtx,14.319444
/data/UFget/MM/AG-Monien/debr/debr.mtx,6.495597
/data/UFget/MM/AMD/G2_circuit/G2_circuit.mtx,17.163636
/data/UFget/MM/AMD/G3_circuit/G3_circuit.mtx,5.876550
/data/UFget/MM/Andrews/Andrews/Andrews.mtx,8.723164
/data/UFget/MM/Andrianov/lpl1/lpl1.mtx,11.552394
/data/UFget/MM/Andrianov/net25/net25.mtx,14.077440
/data/UFget/MM/Andrianov/fxm4_6/fxm4_6.mtx,15.875381
/data/UFget/MM/Andrianov/ex3sta1/ex3sta1.mtx,20.399826
/data/UFget/MM/Andrianov/pf2177/pf2177.mtx,20.715737
/data/UFget/MM/Andrianov/net50/net50.mtx,22.925889
/data/UFget/MM/Andrianov/net75/net75.mtx,26.718338
/data/UFget/MM/Andrianov/lp1/lp1.mtx,10.523983
/data/UFget/MM/Andrianov/net100/net100.mtx,20.929215
/data/UFget/MM/Andrianov/net4-1/net4-1.mtx,12.781502
/data/UFget/MM/Andrianov/net125/net125.mtx,7.218461
/data/UFget/MM/Andrianov/ins2/ins2.mtx,6.869625
/data/UFget/MM/Andrianov/net150/net150.mtx,10.734922
/data/UFget/MM/Andrianov/pattern1/pattern1.mtx,10.113893
/data/UFget/MM/Andrianov/mip1/mip1.mtx,9.559805
/data/UFget/MM/ATandT/onetone2/onetone2.mtx,8.310928
/data/UFget/MM/ATandT/onetone1/onetone1.mtx,10.930031
/data/UFget/MM/ATandT/twotone/twotone.mtx,24.145716
/data/UFget/MM/ATandT/pre2/pre2.mtx,7.984910
/data/UFget/MM/Averous/epb2/epb2.mtx,6.889606
/data/UFget/MM/Averous/epb3/epb3.mtx,13.798774
/data/UFget/MM/Bai/mhd4800a/mhd4800a.mtx,5.105580
/data/UFget/MM/Bai/af23560/af23560.mtx,16.090645
/data/UFget/MM/Bai/qc2534/qc2534.mtx,19.557244
/data/UFget/MM/Barabasi/NotreDame_www/NotreDame_www.mtx,16.036165
/data/UFget/MM/Belcastro/human_gene2/human_gene2.mtx,10.326988
/data/UFget/MM/Belcastro/human_gene1/human_gene1.mtx,8.404329
/data/UFget/MM/Belcastro/mouse_gene/mouse_gene.mtx,10.123440
/data/UFget/MM/BenElechi/BenElechi1/BenElechi1.mtx,9.918360
/data/UFget/MM/Bindel/ted_B/ted_B.mtx,6.241134
/data/UFget/MM/Bindel/ted_B_unscaled/ted_B_unscaled.mtx,6.279900
/data/UFget/MM/Bindel/ted_A/ted_A.mtx,15.386653
/data/UFget/MM/Bindel/ted_A_unscaled/ted_A_unscaled.mtx,15.725444
/data/UFget/MM/Bindel/ted_AB/ted_AB.mtx,19.158213
/data/UFget/MM/Bindel/ted_AB_unscaled/ted_AB_unscaled.mtx,19.080539
/data/UFget/MM/Bodendiek/CurlCurl_0/CurlCurl_0.mtx,4.542533
/data/UFget/MM/Bodendiek/CurlCurl_1/CurlCurl_1.mtx,12.828732
/data/UFget/MM/Bodendiek/CurlCurl_2/CurlCurl_2.mtx,7.898072
/data/UFget/MM/Bodendiek/CurlCurl_3/CurlCurl_3.mtx,7.915804
/data/UFget/MM/Bodendiek/CurlCurl_4/CurlCurl_4.mtx,7.782169
/data/UFget/MM/Boeing/nasa4704/nasa4704.mtx,5.286168
/data/UFget/MM/Boeing/crystm01/crystm01.mtx,5.192566
/data/UFget/MM/Boeing/nasa2910/nasa2910.mtx,8.584741
/data/UFget/MM/Boeing/crystk01/crystk01.mtx,13.679673
/data/UFget/MM/Boeing/bcsstm36/bcsstm36.mtx,11.635130
/data/UFget/MM/Boeing/crystm02/crystm02.mtx,11.863221
/data/UFget/MM/Boeing/bcsstk38/bcsstk38.mtx,13.335834
/data/UFget/MM/Boeing/crystm03/crystm03.mtx,18.393409
/data/UFget/MM/Boeing/crystk02/crystk02.mtx,27.323281
/data/UFget/MM/Boeing/pcrystk02/pcrystk02.mtx,27.065976
/data/UFget/MM/Boeing/bcsstk37/bcsstk37.mtx,29.321983
/data/UFget/MM/Boeing/msc23052/msc23052.mtx,29.305537
/data/UFget/MM/Boeing/bcsstk36/bcsstk36.mtx,29.584369
/data/UFget/MM/Boeing/msc10848/msc10848.mtx,29.657860
/data/UFget/MM/Boeing/bcsstk35/bcsstk35.mtx,32.885379
/data/UFget/MM/Boeing/crystk03/crystk03.mtx,33.597352
/data/UFget/MM/Boeing/pcrystk03/pcrystk03.mtx,32.498733
/data/UFget/MM/Boeing/bcsstk39/bcsstk39.mtx,31.956653
/data/UFget/MM/Boeing/ct20stif/ct20stif.mtx,16.802542
/data/UFget/MM/Boeing/pct20stif/pct20stif.mtx,16.236288
/data/UFget/MM/Boeing/pwtk/pwtk.mtx,9.907088
/data/UFget/MM/Bomhof/circuit_4/circuit_4.mtx,10.117721
/data/UFget/MM/Botonakis/FEM_3D_thermal1/FEM_3D_thermal1.mtx,15.024591
/data/UFget/MM/Botonakis/thermomech_TC/thermomech_TC.mtx,10.243403
/data/UFget/MM/Botonakis/thermomech_TK/thermomech_TK.mtx,10.332651
/data/UFget/MM/Botonakis/thermomech_dM/thermomech_dM.mtx,7.955791
/data/UFget/MM/Botonakis/thermomech_dK/thermomech_dK.mtx,8.195501
/data/UFget/MM/Botonakis/FEM_3D_thermal2/FEM_3D_thermal2.mtx,11.184783
/data/UFget/MM/Bourchtein/atmosmodd/atmosmodd.mtx,7.324486
/data/UFget/MM/Bourchtein/atmosmodj/atmosmodj.mtx,7.322238
/data/UFget/MM/Bourchtein/atmosmodl/atmosmodl.mtx,7.192217
/data/UFget/MM/Bourchtein/atmosmodm/atmosmodm.mtx,7.192092
/data/UFget/MM/Bova/rma10/rma10.mtx,22.849892
/data/UFget/MM/Brethour/coater2/coater2.mtx,7.964501
/data/UFget/MM/Castrillon/denormal/denormal.mtx,26.271847
/data/UFget/MM/CEMW/vfem/vfem.mtx,27.677776
/data/UFget/MM/CEMW/tmt_unsym/tmt_unsym.mtx,7.110434
/data/UFget/MM/CEMW/t2em/t2em.mtx,7.100907
/data/UFget/MM/CEMW/tmt_sym/tmt_sym.mtx,7.605489
/data/UFget/MM/Chen/pkustk02/pkustk02.mtx,23.488473
/data/UFget/MM/Chen/pkustk01/pkustk01.mtx,26.533554
/data/UFget/MM/Chen/pkustk09/pkustk09.mtx,33.465196
/data/UFget/MM/Chen/pkustk05/pkustk05.mtx,23.774881
/data/UFget/MM/Chen/pkustk07/pkustk07.mtx,20.561242
/data/UFget/MM/Chen/pkustk06/pkustk06.mtx,16.304462
/data/UFget/MM/Chen/pkustk03/pkustk03.mtx,12.573669
/data/UFget/MM/Chen/pkustk08/pkustk08.mtx,13.182488
/data/UFget/MM/Chen/pkustk04/pkustk04.mtx,10.821919
/data/UFget/MM/Chen/pkustk10/pkustk10.mtx,7.247173
/data/UFget/MM/Chen/pkustk11/pkustk11.mtx,9.911279
/data/UFget/MM/Chen/pkustk13/pkustk13.mtx,9.827625
/data/UFget/MM/Chen/pkustk12/pkustk12.mtx,9.841667
/data/UFget/MM/Chen/pkustk14/pkustk14.mtx,9.942362
/data/UFget/MM/Chevron/Chevron1/Chevron1.mtx,12.077256
/data/UFget/MM/Chevron/Chevron2/Chevron2.mtx,21.974337
/data/UFget/MM/Chevron/Chevron3/Chevron3.mtx,10.135541
/data/UFget/MM/Chevron/Chevron4/Chevron4.mtx,6.860208
/data/UFget/MM/Cote/mplate/mplate.mtx,6.456139
/data/UFget/MM/Cote/vibrobox/vibrobox.mtx,12.492138
/data/UFget/MM/CPM/cz10228/cz10228.mtx,2.386831
/data/UFget/MM/CPM/cz20468/cz20468.mtx,7.839017
/data/UFget/MM/CPM/cz40948/cz40948.mtx,13.889430
/data/UFget/MM/Cunningham/k3plates/k3plates.mtx,13.638317
/data/UFget/MM/Cunningham/qa8fk/qa8fk.mtx,31.251193
/data/UFget/MM/Cunningham/qa8fm/qa8fm.mtx,29.998988
/data/UFget/MM/Cylshell/s3rmt3m3/s3rmt3m3.mtx,9.383528
/data/UFget/MM/Cylshell/s1rmt3m1/s1rmt3m1.mtx,9.988670
/data/UFget/MM/Cylshell/s3rmt3m1/s3rmt3m1.mtx,9.705374
/data/UFget/MM/Cylshell/s2rmt3m1/s2rmt3m1.mtx,9.789119
/data/UFget/MM/Cylshell/s1rmq4m1/s1rmq4m1.mtx,12.271838
/data/UFget/MM/Cylshell/s3rmq4m1/s3rmq4m1.mtx,12.141713
/data/UFget/MM/Cylshell/s2rmq4m1/s2rmq4m1.mtx,12.280148
/data/UFget/MM/Dehghani/light_in_tissue/light_in_tissue.mtx,14.061080
/data/UFget/MM/DIMACS10/vsp_p0291_seymourl_iiasa/vsp_p0291_seymourl_iiasa.mtx,4.677971
/data/UFget/MM/DIMACS10/vsp_data_and_seymourl/vsp_data_and_seymourl.mtx,4.747785
/data/UFget/MM/DIMACS10/de2010/de2010.mtx,4.310904
/data/UFget/MM/DIMACS10/hi2010/hi2010.mtx,4.608353
/data/UFget/MM/DIMACS10/vsp_c-30_data_data/vsp_c-30_data_data.mtx,5.334020
/data/UFget/MM/DIMACS10/ri2010/ri2010.mtx,4.788925
/data/UFget/MM/DIMACS10/wing_nodal/wing_nodal.mtx,5.707006
/data/UFget/MM/DIMACS10/vt2010/vt2010.mtx,5.917174
/data/UFget/MM/DIMACS10/t60k/t60k.mtx,6.791450
/data/UFget/MM/DIMACS10/vsp_befref_fxm_2_4_air02/vsp_befref_fxm_2_4_air02.mtx,7.515801
/data/UFget/MM/DIMACS10/delaunay_n15/delaunay_n15.mtx,7.309198
/data/UFget/MM/DIMACS10/vsp_barth5_1Ksep_50in_5Kout/vsp_barth5_1Ksep_50in_5Kout.mtx,6.252898
/data/UFget/MM/DIMACS10/ak2010/ak2010.mtx,7.353770
/data/UFget/MM/DIMACS10/nh2010/nh2010.mtx,7.935917
/data/UFget/MM/DIMACS10/luxembourg_osm/luxembourg_osm.mtx,7.528413
/data/UFget/MM/DIMACS10/wing/wing.mtx,5.632905
/data/UFget/MM/DIMACS10/vsp_sctap1-2b_and_seymourl/vsp_sctap1-2b_and_seymourl.mtx,8.981999
/data/UFget/MM/DIMACS10/rgg_n_2_15_s0/rgg_n_2_15_s0.mtx,11.525777
/data/UFget/MM/DIMACS10/fe_body/fe_body.mtx,11.432142
/data/UFget/MM/DIMACS10/me2010/me2010.mtx,10.175035
/data/UFget/MM/DIMACS10/ct2010/ct2010.mtx,9.907421
/data/UFget/MM/DIMACS10/vsp_south31_slptsk/vsp_south31_slptsk.mtx,11.816267
/data/UFget/MM/DIMACS10/vsp_model1_crew1_cr42_south31/vsp_model1_crew1_cr42_south31.mtx,10.754373
/data/UFget/MM/DIMACS10/delaunay_n16/delaunay_n16.mtx,12.175785
/data/UFget/MM/DIMACS10/sd2010/sd2010.mtx,12.121414
/data/UFget/MM/DIMACS10/nv2010/nv2010.mtx,11.089488
/data/UFget/MM/DIMACS10/wy2010/wy2010.mtx,12.286248
/data/UFget/MM/DIMACS10/vsp_c-60_data_cti_cs4/vsp_c-60_data_cti_cs4.mtx,12.167308
/data/UFget/MM/DIMACS10/ut2010/ut2010.mtx,13.358693
/data/UFget/MM/DIMACS10/vsp_bump2_e18_aa01_model1_crew1/vsp_bump2_e18_aa01_model1_crew1.mtx,13.575124
/data/UFget/MM/DIMACS10/nd2010/nd2010.mtx,14.827046
/data/UFget/MM/DIMACS10/mt2010/mt2010.mtx,14.786891
/data/UFget/MM/DIMACS10/wv2010/wv2010.mtx,15.095055
/data/UFget/MM/DIMACS10/rgg_n_2_16_s0/rgg_n_2_16_s0.mtx,18.667158
/data/UFget/MM/DIMACS10/md2010/md2010.mtx,13.308340
/data/UFget/MM/DIMACS10/id2010/id2010.mtx,15.339140
/data/UFget/MM/DIMACS10/ma2010/ma2010.mtx,12.068719
/data/UFget/MM/DIMACS10/vsp_mod2_pgp2_slptsk/vsp_mod2_pgp2_slptsk.mtx,11.464645
/data/UFget/MM/DIMACS10/delaunay_n17/delaunay_n17.mtx,13.760885
/data/UFget/MM/DIMACS10/ky2010/ky2010.mtx,16.244688
/data/UFget/MM/DIMACS10/fe_ocean/fe_ocean.mtx,19.121989
/data/UFget/MM/DIMACS10/nj2010/nj2010.mtx,14.523805
/data/UFget/MM/DIMACS10/nm2010/nm2010.mtx,12.271217
/data/UFget/MM/DIMACS10/ms2010/ms2010.mtx,16.740506
/data/UFget/MM/DIMACS10/vsp_vibrobox_scagr7-2c_rlfddd/vsp_vibrobox_scagr7-2c_rlfddd.mtx,10.319498
/data/UFget/MM/DIMACS10/sc2010/sc2010.mtx,16.343574
/data/UFget/MM/DIMACS10/ar2010/ar2010.mtx,17.587934
/data/UFget/MM/DIMACS10/fe_tooth/fe_tooth.mtx,20.542438
/data/UFget/MM/DIMACS10/ne2010/ne2010.mtx,16.992135
/data/UFget/MM/DIMACS10/wa2010/wa2010.mtx,12.935991
/data/UFget/MM/DIMACS10/co2010/co2010.mtx,15.094931
/data/UFget/MM/DIMACS10/or2010/or2010.mtx,14.081845
/data/UFget/MM/DIMACS10/la2010/la2010.mtx,16.152892
/data/UFget/MM/DIMACS10/preferentialAttachment/preferentialAttachment.mtx,7.303076
/data/UFget/MM/DIMACS10/smallworld/smallworld.mtx,15.546718
/data/UFget/MM/DIMACS10/G_n_pin_pout/G_n_pin_pout.mtx,9.898643
/data/UFget/MM/DIMACS10/ia2010/ia2010.mtx,19.177982
/data/UFget/MM/DIMACS10/vsp_finan512_scagr7-2c_rlfddd/vsp_finan512_scagr7-2c_rlfddd.mtx,12.470308
/data/UFget/MM/DIMACS10/ks2010/ks2010.mtx,18.348021
/data/UFget/MM/DIMACS10/tn2010/tn2010.mtx,17.249357
/data/UFget/MM/DIMACS10/az2010/az2010.mtx,7.174010
/data/UFget/MM/DIMACS10/wi2010/wi2010.mtx,15.444293
/data/UFget/MM/DIMACS10/caidaRouterLevel/caidaRouterLevel.mtx,6.654841
/data/UFget/MM/DIMACS10/mn2010/mn2010.mtx,17.864217
/data/UFget/MM/DIMACS10/al2010/al2010.mtx,13.369210
/data/UFget/MM/DIMACS10/ok2010/ok2010.mtx,14.843030
/data/UFget/MM/DIMACS10/in2010/in2010.mtx,14.782919
/data/UFget/MM/DIMACS10/fe_rotor/fe_rotor.mtx,13.905152
/data/UFget/MM/DIMACS10/va2010/va2010.mtx,16.371202
/data/UFget/MM/DIMACS10/nc2010/nc2010.mtx,13.238016
/data/UFget/MM/DIMACS10/ga2010/ga2010.mtx,17.482152
/data/UFget/MM/DIMACS10/rgg_n_2_17_s0/rgg_n_2_17_s0.mtx,26.423241
/data/UFget/MM/DIMACS10/598a/598a.mtx,7.749002
/data/UFget/MM/DIMACS10/delaunay_n18/delaunay_n18.mtx,8.184208
/data/UFget/MM/DIMACS10/mi2010/mi2010.mtx,9.733305
/data/UFget/MM/DIMACS10/coAuthorsCiteseer/coAuthorsCiteseer.mtx,7.347133
/data/UFget/MM/DIMACS10/mo2010/mo2010.mtx,10.881293
/data/UFget/MM/DIMACS10/ny2010/ny2010.mtx,8.637681
/data/UFget/MM/DIMACS10/oh2010/oh2010.mtx,9.297425
/data/UFget/MM/DIMACS10/coAuthorsDBLP/coAuthorsDBLP.mtx,6.749273
/data/UFget/MM/DIMACS10/pa2010/pa2010.mtx,7.818424
/data/UFget/MM/DIMACS10/144/144.mtx,7.901503
/data/UFget/MM/DIMACS10/il2010/il2010.mtx,6.711142
/data/UFget/MM/DIMACS10/citationCiteseer/citationCiteseer.mtx,5.987421
/data/UFget/MM/DIMACS10/fl2010/fl2010.mtx,6.925675
/data/UFget/MM/DIMACS10/vsp_msc10848_300sep_100in_1Kout/vsp_msc10848_300sep_100in_1Kout.mtx,15.318667
/data/UFget/MM/DIMACS10/rgg_n_2_18_s0/rgg_n_2_18_s0.mtx,11.512629
/data/UFget/MM/DIMACS10/belgium_osm/belgium_osm.mtx,4.838213
/data/UFget/MM/DIMACS10/delaunay_n19/delaunay_n19.mtx,5.812397
/data/UFget/MM/DIMACS10/m14b/m14b.mtx,6.975266
/data/UFget/MM/DIMACS10/ca2010/ca2010.mtx,6.231818
/data/UFget/MM/DIMACS10/vsp_bcsstk30_500sep_10in_1Kout/vsp_bcsstk30_500sep_10in_1Kout.mtx,9.012176
/data/UFget/MM/DIMACS10/tx2010/tx2010.mtx,6.305949
/data/UFget/MM/DIMACS10/netherlands_osm/netherlands_osm.mtx,4.769937
/data/UFget/MM/DIMACS10/kron_g500-logn16/kron_g500-logn16.mtx,9.246191
/data/UFget/MM/DIMACS10/NACA0015/NACA0015.mtx,5.947635
/data/UFget/MM/DIMACS10/delaunay_n20/delaunay_n20.mtx,5.545473
/data/UFget/MM/DIMACS10/rgg_n_2_19_s0/rgg_n_2_19_s0.mtx,8.463359
/data/UFget/MM/DIMACS10/auto/auto.mtx,6.428904
/data/UFget/MM/DIMACS10/kron_g500-logn17/kron_g500-logn17.mtx,9.353114
/data/UFget/MM/DIMACS10/delaunay_n21/delaunay_n21.mtx,5.213941
/data/UFget/MM/DIMACS10/hugetrace-00000/hugetrace-00000.mtx,4.035328
/data/UFget/MM/DIMACS10/rgg_n_2_20_s0/rgg_n_2_20_s0.mtx,8.529856
/data/UFget/MM/DIMACS10/italy_osm/italy_osm.mtx,4.618786
/data/UFget/MM/DIMACS10/venturiLevel3/venturiLevel3.mtx,5.878268
/data/UFget/MM/DIMACS10/great-britain_osm/great-britain_osm.mtx,4.310047
/data/UFget/MM/DIMACS10/hugetric-00000/hugetric-00000.mtx,4.065153
/data/UFget/MM/DIMACS10/hugetric-00010/hugetric-00010.mtx,3.064683
/data/UFget/MM/DIMACS10/M6/M6.mtx,3.672292
/data/UFget/MM/DIMACS10/kron_g500-logn18/kron_g500-logn18.mtx,7.644867
/data/UFget/MM/DIMACS10/hugetric-00020/hugetric-00020.mtx,3.133421
/data/UFget/MM/DIMACS10/333SP/333SP.mtx,4.688017
/data/UFget/MM/DIMACS10/AS365/AS365.mtx,3.408360
/data/UFget/MM/DIMACS10/germany_osm/germany_osm.mtx,4.190547
/data/UFget/MM/DIMACS10/NLR/NLR.mtx,3.346093
/data/UFget/MM/DIMACS10/delaunay_n22/delaunay_n22.mtx,5.375482
/data/UFget/MM/DIMACS10/asia_osm/asia_osm.mtx,4.548832
/data/UFget/MM/DIMACS10/adaptive/adaptive.mtx,5.591340
/data/UFget/MM/DIMACS10/rgg_n_2_21_s0/rgg_n_2_21_s0.mtx,7.998281
/data/UFget/MM/DIMACS10/coPapersDBLP/coPapersDBLP.mtx,7.466998
/data/UFget/MM/DIMACS10/coPapersCiteseer/coPapersCiteseer.mtx,8.241149
/data/UFget/MM/DIMACS10/road_central/road_central.mtx,2.440300
/data/UFget/MM/DIMACS10/packing-500x100x100-b050/packing-500x100x100-b050.mtx,8.245711
/data/UFget/MM/DIMACS10/hugetrace-00010/hugetrace-00010.mtx,3.369205
/data/UFget/MM/DIMACS10/kron_g500-logn19/kron_g500-logn19.mtx,5.784069
/data/UFget/MM/DIMACS10/hugetrace-00020/hugetrace-00020.mtx,3.113929
/data/UFget/MM/DIMACS10/delaunay_n23/delaunay_n23.mtx,5.443449
/data/UFget/MM/DIMACS10/hugebubbles-00000/hugebubbles-00000.mtx,3.736995
/data/UFget/MM/DIMACS10/road_usa/road_usa.mtx,4.044430
/data/UFget/MM/DIMACS10/hugebubbles-00010/hugebubbles-00010.mtx,2.740726
/data/UFget/MM/DIMACS10/rgg_n_2_22_s0/rgg_n_2_22_s0.mtx,7.923442
/data/UFget/MM/DIMACS10/hugebubbles-00020/hugebubbles-00020.mtx,2.816026
/data/UFget/MM/DIMACS10/channel-500x100x100-b050/channel-500x100x100-b050.mtx,9.070208
/data/UFget/MM/DIMACS10/kron_g500-logn20/kron_g500-logn20.mtx,4.968684
/data/UFget/MM/DIMACS10/delaunay_n24/delaunay_n24.mtx,5.562099
/data/UFget/MM/DIMACS10/europe_osm/europe_osm.mtx,4.511532
/data/UFget/MM/DIMACS10/rgg_n_2_23_s0/rgg_n_2_23_s0.mtx,7.710173
/data/UFget/MM/DIMACS10/kron_g500-logn21/kron_g500-logn21.mtx,4.475030
/data/UFget/MM/DNVS/crplat2/crplat2.mtx,26.389828
/data/UFget/MM/DNVS/trdheim/trdheim.mtx,32.791820
/data/UFget/MM/DNVS/tsyl201/tsyl201.mtx,20.963277
/data/UFget/MM/DNVS/shipsec8/shipsec8.mtx,9.935666
/data/UFget/MM/DNVS/shipsec1/shipsec1.mtx,9.989311
/data/UFget/MM/DNVS/ship_003/ship_003.mtx,10.076639
/data/UFget/MM/DNVS/ship_001/ship_001.mtx,11.278795
/data/UFget/MM/DNVS/thread/thread.mtx,11.436633
/data/UFget/MM/DNVS/shipsec5/shipsec5.mtx,9.762519
/data/UFget/MM/DNVS/x104/x104.mtx,9.957613
/data/UFget/MM/DNVS/m_t1/m_t1.mtx,10.001164
/data/UFget/MM/DNVS/fcondp2/fcondp2.mtx,9.895667
/data/UFget/MM/DNVS/fullb/fullb.mtx,9.873743
/data/UFget/MM/DNVS/troll/troll.mtx,9.873915
/data/UFget/MM/DNVS/halfb/halfb.mtx,9.936784
/data/UFget/MM/DRIVCAV/cavity17/cavity17.mtx,6.858767
/data/UFget/MM/DRIVCAV/cavity19/cavity19.mtx,6.766907
/data/UFget/MM/DRIVCAV/cavity21/cavity21.mtx,6.705828
/data/UFget/MM/DRIVCAV/cavity23/cavity23.mtx,6.888856
/data/UFget/MM/DRIVCAV/cavity25/cavity25.mtx,6.874120
/data/UFget/MM/DRIVCAV/cavity16/cavity16.mtx,6.557538
/data/UFget/MM/DRIVCAV/cavity18/cavity18.mtx,6.786347
/data/UFget/MM/DRIVCAV/cavity20/cavity20.mtx,6.824723
/data/UFget/MM/DRIVCAV/cavity22/cavity22.mtx,6.692999
/data/UFget/MM/DRIVCAV/cavity24/cavity24.mtx,6.804727
/data/UFget/MM/DRIVCAV/cavity26/cavity26.mtx,6.715278
/data/UFget/MM/Dziekonski/gsm_106857/gsm_106857.mtx,7.839559
/data/UFget/MM/Dziekonski/dielFilterV2clx/dielFilterV2clx.mtx,8.497193
/data/UFget/MM/Dziekonski/dielFilterV3clx/dielFilterV3clx.mtx,8.858307
/data/UFget/MM/Dziekonski/dielFilterV2real/dielFilterV2real.mtx,8.332164
/data/UFget/MM/Dziekonski/dielFilterV3real/dielFilterV3real.mtx,8.898119
/data/UFget/MM/Engwirda/airfoil_2d/airfoil_2d.mtx,9.782198
/data/UFget/MM/FEMLAB/waveguide3D/waveguide3D.mtx,9.893169
/data/UFget/MM/FEMLAB/poisson3Da/poisson3Da.mtx,12.030420
/data/UFget/MM/FEMLAB/sme3Da/sme3Da.mtx,22.605439
/data/UFget/MM/FEMLAB/ns3Da/ns3Da.mtx,23.964145
/data/UFget/MM/FEMLAB/sme3Db/sme3Db.mtx,16.300010
/data/UFget/MM/FEMLAB/poisson3Db/poisson3Db.mtx,8.745545
/data/UFget/MM/FEMLAB/sme3Dc/sme3Dc.mtx,10.223988
/data/UFget/MM/FIDAP/ex35/ex35.mtx,8.670517
/data/UFget/MM/FIDAP/ex19/ex19.mtx,9.560878
/data/UFget/MM/FIDAP/ex40/ex40.mtx,16.263476
/data/UFget/MM/FIDAP/ex11/ex11.mtx,28.903562
/data/UFget/MM/Fluorem/GT01R/GT01R.mtx,14.929718
/data/UFget/MM/Fluorem/PR02R/PR02R.mtx,7.821955
/data/UFget/MM/Fluorem/RM07R/RM07R.mtx,10.103447
/data/UFget/MM/FreeFieldTechnologies/mono_500Hz/mono_500Hz.mtx,8.725801
/data/UFget/MM/Freescale/transient/transient.mtx,13.142799
/data/UFget/MM/Freescale/memchip/memchip.mtx,5.702648
/data/UFget/MM/Freescale/Freescale2/Freescale2.mtx,5.760007
/data/UFget/MM/Freescale/circuit5M_dc/circuit5M_dc.mtx,5.657728
/data/UFget/MM/Freescale/Freescale1/Freescale1.mtx,5.715639
/data/UFget/MM/Freescale/FullChip/FullChip.mtx,6.199692
/data/UFget/MM/Freescale/circuit5M/circuit5M.mtx,7.524656
/data/UFget/MM/Garon/garon2/garon2.mtx,13.649474
/data/UFget/MM/GHS_indef/bloweybl/bloweybl.mtx,4.580765
/data/UFget/MM/GHS_indef/cvxqp3/cvxqp3.mtx,4.694099
/data/UFget/MM/GHS_indef/aug3dcqp/aug3dcqp.mtx,5.344583
/data/UFget/MM/GHS_indef/stokes64/stokes64.mtx,5.561208
/data/UFget/MM/GHS_indef/stokes64s/stokes64s.mtx,5.515212
/data/UFget/MM/GHS_indef/bloweya/bloweya.mtx,6.165725
/data/UFget/MM/GHS_indef/bratu3d/bratu3d.mtx,6.755524
/data/UFget/MM/GHS_indef/brainpc2/brainpc2.mtx,7.196382
/data/UFget/MM/GHS_indef/mario001/mario001.mtx,7.107725
/data/UFget/MM/GHS_indef/spmsrtls/spmsrtls.mtx,8.719857
/data/UFget/MM/GHS_indef/a5esindl/a5esindl.mtx,9.212073
/data/UFget/MM/GHS_indef/dixmaanl/dixmaanl.mtx,9.994769
/data/UFget/MM/GHS_indef/a2nnsnsl/a2nnsnsl.mtx,7.720849
/data/UFget/MM/GHS_indef/ncvxbqp1/ncvxbqp1.mtx,10.920801
/data/UFget/MM/GHS_indef/a0nsdsil/a0nsdsil.mtx,11.414967
/data/UFget/MM/GHS_indef/c-55/c-55.mtx,13.616727
/data/UFget/MM/GHS_indef/ncvxqp5/ncvxqp5.mtx,12.468928
/data/UFget/MM/GHS_indef/helm3d01/helm3d01.mtx,12.721588
/data/UFget/MM/GHS_indef/c-63/c-63.mtx,14.065359
/data/UFget/MM/GHS_indef/cont-201/cont-201.mtx,12.679371
/data/UFget/MM/GHS_indef/c-59/c-59.mtx,15.284953
/data/UFget/MM/GHS_indef/ncvxqp3/ncvxqp3.mtx,13.663392
/data/UFget/MM/GHS_indef/c-58/c-58.mtx,16.133051
/data/UFget/MM/GHS_indef/stokes128/stokes128.mtx,17.283230
/data/UFget/MM/GHS_indef/c-62ghs/c-62ghs.mtx,16.321652
/data/UFget/MM/GHS_indef/k1_san/k1_san.mtx,14.994884
/data/UFget/MM/GHS_indef/c-68/c-68.mtx,15.994970
/data/UFget/MM/GHS_indef/ncvxqp7/ncvxqp7.mtx,14.918191
/data/UFget/MM/GHS_indef/c-69/c-69.mtx,17.332500
/data/UFget/MM/GHS_indef/blockqp1/blockqp1.mtx,21.172814
/data/UFget/MM/GHS_indef/c-70/c-70.mtx,18.104757
/data/UFget/MM/GHS_indef/c-72/c-72.mtx,18.875764
/data/UFget/MM/GHS_indef/olesnik0/olesnik0.mtx,18.946436
/data/UFget/MM/GHS_indef/copter2/copter2.mtx,20.019283
/data/UFget/MM/GHS_indef/c-71/c-71.mtx,20.610829
/data/UFget/MM/GHS_indef/cont-300/cont-300.mtx,20.691717
/data/UFget/MM/GHS_indef/dawson5/dawson5.mtx,23.868916
/data/UFget/MM/GHS_indef/boyd1/boyd1.mtx,20.449275
/data/UFget/MM/GHS_indef/boyd2/boyd2.mtx,12.227875
/data/UFget/MM/GHS_indef/sparsine/sparsine.mtx,12.943396
/data/UFget/MM/GHS_indef/d_pretok/d_pretok.mtx,23.095467
/data/UFget/MM/GHS_indef/turon_m/turon_m.mtx,22.011599
/data/UFget/MM/GHS_indef/darcy003/darcy003.mtx,6.700015
/data/UFget/MM/GHS_indef/mario002/mario002.mtx,6.705414
/data/UFget/MM/GHS_indef/exdata_1/exdata_1.mtx,25.420180
/data/UFget/MM/GHS_indef/helm2d03/helm2d03.mtx,5.930720
/data/UFget/MM/GHS_indef/bmw3_2/bmw3_2.mtx,9.608068
/data/UFget/MM/GHS_psdef/ford1/ford1.mtx,4.386311
/data/UFget/MM/GHS_psdef/pds10/pds10.mtx,6.095056
/data/UFget/MM/GHS_psdef/obstclae/obstclae.mtx,7.016831
/data/UFget/MM/GHS_psdef/torsion1/torsion1.mtx,7.236930
/data/UFget/MM/GHS_psdef/jnlbrng1/jnlbrng1.mtx,7.021007
/data/UFget/MM/GHS_psdef/minsurfo/minsurfo.mtx,7.783864
/data/UFget/MM/GHS_psdef/copter1/copter1.mtx,7.854129
/data/UFget/MM/GHS_psdef/finance256/finance256.mtx,10.038372
/data/UFget/MM/GHS_psdef/pwt/pwt.mtx,11.189123
/data/UFget/MM/GHS_psdef/cvxbqp1/cvxbqp1.mtx,11.307163
/data/UFget/MM/GHS_psdef/wathen100/wathen100.mtx,15.683178
/data/UFget/MM/GHS_psdef/gridgena/gridgena.mtx,16.154324
/data/UFget/MM/GHS_psdef/apache1/apache1.mtx,15.585374
/data/UFget/MM/GHS_psdef/ford2/ford2.mtx,14.474834
/data/UFget/MM/GHS_psdef/wathen120/wathen120.mtx,17.782559
/data/UFget/MM/GHS_psdef/copter2/copter2.mtx,19.834321
/data/UFget/MM/GHS_psdef/opt1/opt1.mtx,34.658870
/data/UFget/MM/GHS_psdef/oilpan/oilpan.mtx,12.404225
/data/UFget/MM/GHS_psdef/vanbody/vanbody.mtx,20.900991
/data/UFget/MM/GHS_psdef/ramage02/ramage02.mtx,16.035491
/data/UFget/MM/GHS_psdef/srb1/srb1.mtx,14.894579
/data/UFget/MM/GHS_psdef/s3dkt3m2/s3dkt3m2.mtx,12.047217
/data/UFget/MM/GHS_psdef/s3dkq4m2/s3dkq4m2.mtx,10.156215
/data/UFget/MM/GHS_psdef/apache2/apache2.mtx,7.839027
/data/UFget/MM/GHS_psdef/bmw7st_1/bmw7st_1.mtx,9.854342
/data/UFget/MM/GHS_psdef/hood/hood.mtx,9.606184
/data/UFget/MM/GHS_psdef/crankseg_1/crankseg_1.mtx,10.127208
/data/UFget/MM/GHS_psdef/bmwcra_1/bmwcra_1.mtx,9.956883
/data/UFget/MM/GHS_psdef/crankseg_2/crankseg_2.mtx,9.991761
/data/UFget/MM/GHS_psdef/inline_1/inline_1.mtx,9.516939
/data/UFget/MM/GHS_psdef/ldoor/ldoor.mtx,9.646772
/data/UFget/MM/GHS_psdef/audikw_1/audikw_1.mtx,9.453186
/data/UFget/MM/Gleich/usroads-48/usroads-48.mtx,9.077406
/data/UFget/MM/Gleich/usroads/usroads.mtx,9.865967
/data/UFget/MM/Gleich/flickr/flickr.mtx,5.831988
/data/UFget/MM/Gleich/wikipedia-20051105/wikipedia-20051105.mtx,5.546653
/data/UFget/MM/Gleich/wikipedia-20060925/wikipedia-20060925.mtx,4.622966
/data/UFget/MM/Gleich/wikipedia-20061104/wikipedia-20061104.mtx,4.410493
/data/UFget/MM/Gleich/wikipedia-20070206/wikipedia-20070206.mtx,4.229947
/data/UFget/MM/Gleich/wb-edu/wb-edu.mtx,7.607103
/data/UFget/MM/Goodwin/goodwin/goodwin.mtx,12.699028
/data/UFget/MM/Goodwin/rim/rim.mtx,28.111093
/data/UFget/MM/Graham/graham1/graham1.mtx,12.458374
/data/UFget/MM/Grund/bayer01/bayer01.mtx,9.747140
/data/UFget/MM/Gupta/gupta1/gupta1.mtx,18.763335
/data/UFget/MM/Gupta/gupta2/gupta2.mtx,9.348151
/data/UFget/MM/Gupta/gupta3/gupta3.mtx,10.396369
/data/UFget/MM/Hamm/bcircuit/bcircuit.mtx,12.011898
/data/UFget/MM/Hamm/hcircuit/hcircuit.mtx,14.115356
/data/UFget/MM/Hamm/scircuit/scircuit.mtx,16.573814
/data/UFget/MM/Hamrle/Hamrle3/Hamrle3.mtx,5.756877
/data/UFget/MM/HB/bcsstk15/bcsstk15.mtx,5.938007
/data/UFget/MM/HB/bcsstk18/bcsstk18.mtx,6.137917
/data/UFget/MM/HB/bcsstk24/bcsstk24.mtx,7.757726
/data/UFget/MM/HB/lock3491/lock3491.mtx,7.725353
/data/UFget/MM/HB/bcsstk28/bcsstk28.mtx,10.198785
/data/UFget/MM/HB/man_5976/man_5976.mtx,9.464861
/data/UFget/MM/HB/bcsstk25/bcsstk25.mtx,9.301779
/data/UFget/MM/HB/cegb2802/cegb2802.mtx,12.771654
/data/UFget/MM/HB/bcsstk16/bcsstk16.mtx,12.704395
/data/UFget/MM/HB/cegb2919/cegb2919.mtx,14.344032
/data/UFget/MM/HB/bcsstk17/bcsstk17.mtx,14.813471
/data/UFget/MM/HB/psmigr_2/psmigr_2.mtx,21.584907
/data/UFget/MM/HB/psmigr_1/psmigr_1.mtx,21.661927
/data/UFget/MM/HB/psmigr_3/psmigr_3.mtx,21.514775
/data/UFget/MM/HB/bcsstk33/bcsstk33.mtx,19.745930
/data/UFget/MM/HB/bcsstk29/bcsstk29.mtx,19.541900
/data/UFget/MM/HB/bcsstk31/bcsstk31.mtx,29.441555
/data/UFget/MM/HB/bcsstk32/bcsstk32.mtx,31.172122
/data/UFget/MM/HB/bcsstk30/bcsstk30.mtx,32.319160
/data/UFget/MM/Hohn/sinc12/sinc12.mtx,12.025765
/data/UFget/MM/Hohn/sinc15/sinc15.mtx,19.294633
/data/UFget/MM/Hohn/sinc18/sinc18.mtx,26.883076
/data/UFget/MM/Hollinger/mark3jac040/mark3jac040.mtx,4.575283
/data/UFget/MM/Hollinger/mark3jac040sc/mark3jac040sc.mtx,4.581566
/data/UFget/MM/Hollinger/g7jac040/g7jac040.mtx,4.498137
/data/UFget/MM/Hollinger/g7jac040sc/g7jac040sc.mtx,4.583173
/data/UFget/MM/Hollinger/jan99jac060/jan99jac060.mtx,5.008743
/data/UFget/MM/Hollinger/jan99jac060sc/jan99jac060sc.mtx,4.947946
/data/UFget/MM/Hollinger/g7jac050sc/g7jac050sc.mtx,5.959076
/data/UFget/MM/Hollinger/jan99jac080/jan99jac080.mtx,6.176188
/data/UFget/MM/Hollinger/jan99jac080sc/jan99jac080sc.mtx,6.233197
/data/UFget/MM/Hollinger/mark3jac060/mark3jac060.mtx,6.532530
/data/UFget/MM/Hollinger/mark3jac060sc/mark3jac060sc.mtx,6.651405
/data/UFget/MM/Hollinger/g7jac060/g7jac060.mtx,7.392637
/data/UFget/MM/Hollinger/g7jac060sc/g7jac060sc.mtx,7.516303
/data/UFget/MM/Hollinger/jan99jac100/jan99jac100.mtx,7.431473
/data/UFget/MM/Hollinger/jan99jac100sc/jan99jac100sc.mtx,7.625746
/data/UFget/MM/Hollinger/mark3jac080/mark3jac080.mtx,8.198493
/data/UFget/MM/Hollinger/mark3jac080sc/mark3jac080sc.mtx,8.301499
/data/UFget/MM/Hollinger/jan99jac120/jan99jac120.mtx,8.884101
/data/UFget/MM/Hollinger/jan99jac120sc/jan99jac120sc.mtx,8.915760
/data/UFget/MM/Hollinger/g7jac080/g7jac080.mtx,9.922571
/data/UFget/MM/Hollinger/g7jac080sc/g7jac080sc.mtx,10.020144
/data/UFget/MM/Hollinger/mark3jac100/mark3jac100.mtx,10.053224
/data/UFget/MM/Hollinger/mark3jac100sc/mark3jac100sc.mtx,9.948724
/data/UFget/MM/Hollinger/mark3jac120/mark3jac120.mtx,11.278425
/data/UFget/MM/Hollinger/mark3jac120sc/mark3jac120sc.mtx,11.441768
/data/UFget/MM/Hollinger/g7jac100/g7jac100.mtx,12.264201
/data/UFget/MM/Hollinger/g7jac100sc/g7jac100sc.mtx,12.291832
/data/UFget/MM/Hollinger/mark3jac140/mark3jac140.mtx,12.722513
/data/UFget/MM/Hollinger/mark3jac140sc/mark3jac140sc.mtx,12.910086
/data/UFget/MM/Hollinger/g7jac120/g7jac120.mtx,14.379597
/data/UFget/MM/Hollinger/g7jac120sc/g7jac120sc.mtx,14.233189
/data/UFget/MM/Hollinger/g7jac140/g7jac140.mtx,16.466330
/data/UFget/MM/Hollinger/g7jac140sc/g7jac140sc.mtx,16.222780
/data/UFget/MM/Hollinger/g7jac160/g7jac160.mtx,17.537352
/data/UFget/MM/Hollinger/g7jac160sc/g7jac160sc.mtx,17.935672
/data/UFget/MM/Hollinger/g7jac180/g7jac180.mtx,18.551345
/data/UFget/MM/Hollinger/g7jac180sc/g7jac180sc.mtx,19.412792
/data/UFget/MM/Hollinger/g7jac200/g7jac200.mtx,20.596458
/data/UFget/MM/Hollinger/g7jac200sc/g7jac200sc.mtx,20.489437
/data/UFget/MM/HVDC/hvdc1/hvdc1.mtx,6.340275
/data/UFget/MM/HVDC/hvdc2/hvdc2.mtx,24.803207
/data/UFget/MM/IBM_EDA/ckt11752_tr_0/ckt11752_tr_0.mtx,11.262204
/data/UFget/MM/IBM_EDA/ckt11752_dc_1/ckt11752_dc_1.mtx,11.224814
/data/UFget/MM/IBM_EDA/trans4/trans4.mtx,18.748144
/data/UFget/MM/IBM_EDA/trans5/trans5.mtx,17.878670
/data/UFget/MM/IBM_EDA/dc1/dc1.mtx,18.232764
/data/UFget/MM/IBM_EDA/dc2/dc2.mtx,15.637862
/data/UFget/MM/IBM_EDA/dc3/dc3.mtx,18.769495
/data/UFget/MM/INPRO/msdoor/msdoor.mtx,9.375841
/data/UFget/MM/IPSO/OPF_3754/OPF_3754.mtx,6.151422
/data/UFget/MM/IPSO/OPF_6000/OPF_6000.mtx,10.369921
/data/UFget/MM/IPSO/OPF_10000/OPF_10000.mtx,13.789666
/data/UFget/MM/IPSO/HTC_336_9129/HTC_336_9129.mtx,19.768442
/data/UFget/MM/IPSO/HTC_336_4438/HTC_336_4438.mtx,19.732801
/data/UFget/MM/IPSO/TSC_OPF_300/TSC_OPF_300.mtx,23.748741
/data/UFget/MM/IPSO/TSC_OPF_1047/TSC_OPF_1047.mtx,29.692636
/data/UFget/MM/Janna/CoupCons3D/CoupCons3D.mtx,9.679198
/data/UFget/MM/Janna/StocF-1465/StocF-1465.mtx,8.109658
/data/UFget/MM/Janna/Transport/Transport.mtx,8.688067
/data/UFget/MM/Janna/Fault_639/Fault_639.mtx,9.449473
/data/UFget/MM/Janna/ML_Laplace/ML_Laplace.mtx,10.237711
/data/UFget/MM/Janna/PFlow_742/PFlow_742.mtx,9.812612
/data/UFget/MM/Janna/Emilia_923/Emilia_923.mtx,9.455703
/data/UFget/MM/Janna/Hook_1498/Hook_1498.mtx,9.359931
/data/UFget/MM/Janna/Geo_1438/Geo_1438.mtx,9.081150
/data/UFget/MM/Janna/Serena/Serena.mtx,9.432575
/data/UFget/MM/Janna/Long_Coup_dt0/Long_Coup_dt0.mtx,9.893101
/data/UFget/MM/Janna/Long_Coup_dt6/Long_Coup_dt6.mtx,9.660880
/data/UFget/MM/Janna/ML_Geer/ML_Geer.mtx,10.045353
/data/UFget/MM/Janna/Flan_1565/Flan_1565.mtx,10.252487
/data/UFget/MM/Janna/Cube_Coup_dt0/Cube_Coup_dt0.mtx,10.000399
/data/UFget/MM/Janna/Cube_Coup_dt6/Cube_Coup_dt6.mtx,9.890300
/data/UFget/MM/Janna/Bump_2911/Bump_2911.mtx,9.533261
/data/UFget/MM/JGD_CAG/CAG_mat1916/CAG_mat1916.mtx,9.893485
/data/UFget/MM/JGD_Homology/m133-b3/m133-b3.mtx,16.376948
/data/UFget/MM/JGD_Homology/shar_te2-b3/shar_te2-b3.mtx,15.991852
/data/UFget/MM/JGD_Homology/ch7-8-b5/ch7-8-b5.mtx,20.827983
/data/UFget/MM/JGD_SPG/EX5/EX5.mtx,11.847103
/data/UFget/MM/JGD_SPG/EX6/EX6.mtx,11.839750
/data/UFget/MM/JGD_Trefethen/Trefethen_20000b/Trefethen_20000b.mtx,17.216072
/data/UFget/MM/JGD_Trefethen/Trefethen_20000/Trefethen_20000.mtx,17.533908
/data/UFget/MM/Kamvar/Stanford/Stanford.mtx,4.400343
/data/UFget/MM/Kamvar/Stanford_Berkeley/Stanford_Berkeley.mtx,7.998701
/data/UFget/MM/Kim/kim1/kim1.mtx,25.233421
/data/UFget/MM/Kim/kim2/kim2.mtx,9.158699
/data/UFget/MM/Koutsovasilis/F2/F2.mtx,9.710578
/data/UFget/MM/Koutsovasilis/F1/F1.mtx,9.594003
/data/UFget/MM/LAW/enron/enron.mtx,7.970875
/data/UFget/MM/LAW/dblp-2010/dblp-2010.mtx,8.909185
/data/UFget/MM/LAW/cnr-2000/cnr-2000.mtx,9.498031
/data/UFget/MM/LAW/amazon-2008/amazon-2008.mtx,7.210530
/data/UFget/MM/LAW/in-2004/in-2004.mtx,8.277295
/data/UFget/MM/LAW/eu-2005/eu-2005.mtx,8.992869
/data/UFget/MM/LAW/ljournal-2008/ljournal-2008.mtx,5.136826
/data/UFget/MM/LAW/hollywood-2009/hollywood-2009.mtx,8.346853
/data/UFget/MM/LAW/indochina-2004/indochina-2004.mtx,9.583359
/data/UFget/MM/Lee/fem_filter/fem_filter.mtx,25.565120
/data/UFget/MM/Lee/fem_hifreq_circuit/fem_hifreq_circuit.mtx,9.599505
/data/UFget/MM/LeGresley/LeGresley_87936/LeGresley_87936.mtx,16.052057
/data/UFget/MM/Li/li/li.mtx,31.907866
/data/UFget/MM/Li/pli/pli.mtx,31.706698
/data/UFget/MM/Lin/Lin/Lin.mtx,16.368135
/data/UFget/MM/Lourakis/bundle1/bundle1.mtx,24.975329
/data/UFget/MM/Mallya/lhr07/lhr07.mtx,6.837396
/data/UFget/MM/Mallya/lhr07c/lhr07c.mtx,6.786549
/data/UFget/MM/Mallya/lhr10/lhr10.mtx,8.927850
/data/UFget/MM/Mallya/lhr11/lhr11.mtx,8.658678
/data/UFget/MM/Mallya/lhr10c/lhr10c.mtx,8.861534
/data/UFget/MM/Mallya/lhr11c/lhr11c.mtx,8.760579
/data/UFget/MM/Mallya/lhr14/lhr14.mtx,10.802414
/data/UFget/MM/Mallya/lhr14c/lhr14c.mtx,11.196058
/data/UFget/MM/Mallya/lhr17/lhr17.mtx,12.550105
/data/UFget/MM/Mallya/lhr17c/lhr17c.mtx,12.501841
/data/UFget/MM/Mallya/lhr34/lhr34.mtx,21.551572
/data/UFget/MM/Mallya/lhr34c/lhr34c.mtx,21.499719
/data/UFget/MM/Mallya/lhr71/lhr71.mtx,30.000530
/data/UFget/MM/Mallya/lhr71c/lhr71c.mtx,27.537903
/data/UFget/MM/Mancktelow/viscorocks/viscorocks.mtx,29.176087
/data/UFget/MM/MathWorks/Muu/Muu.mtx,7.209984
/data/UFget/MM/MathWorks/Kuu/Kuu.mtx,13.267296
/data/UFget/MM/MaxPlanck/shallow_water1/shallow_water1.mtx,11.981425
/data/UFget/MM/MaxPlanck/shallow_water2/shallow_water2.mtx,11.832593
/data/UFget/MM/Mazaheri/bundle_adj/bundle_adj.mtx,9.123307
/data/UFget/MM/McRae/ecology2/ecology2.mtx,6.961686
/data/UFget/MM/McRae/ecology1/ecology1.mtx,6.899714
/data/UFget/MM/Meng/iChem_Jacobian/iChem_Jacobian.mtx,8.799449
/data/UFget/MM/MKS/fp/fp.mtx,24.840181
/data/UFget/MM/Muite/Chebyshev4/Chebyshev4.mtx,9.590155
/data/UFget/MM/Mulvey/finan512/finan512.mtx,17.080339
/data/UFget/MM/Mulvey/pfinan512/pfinan512.mtx,16.848950
/data/UFget/MM/Nasa/shuttle_eddy/shuttle_eddy.mtx,4.599392
/data/UFget/MM/Nasa/nasa4704/nasa4704.mtx,5.104695
/data/UFget/MM/Nasa/nasa2910/nasa2910.mtx,8.551257
/data/UFget/MM/Nasa/skirt/skirt.mtx,7.571858
/data/UFget/MM/Nasa/pwt/pwt.mtx,11.119495
/data/UFget/MM/Nasa/nasasrb/nasasrb.mtx,18.032639
/data/UFget/MM/ND/nd3k/nd3k.mtx,14.329800
/data/UFget/MM/ND/nd6k/nd6k.mtx,10.444964
/data/UFget/MM/ND/nd12k/nd12k.mtx,10.539823
/data/UFget/MM/ND/nd24k/nd24k.mtx,10.526558
/data/UFget/MM/Nemeth/nemeth02/nemeth02.mtx,13.948348
/data/UFget/MM/Nemeth/nemeth03/nemeth03.mtx,14.225009
/data/UFget/MM/Nemeth/nemeth04/nemeth04.mtx,14.265099
/data/UFget/MM/Nemeth/nemeth05/nemeth05.mtx,14.201216
/data/UFget/MM/Nemeth/nemeth06/nemeth06.mtx,14.229879
/data/UFget/MM/Nemeth/nemeth07/nemeth07.mtx,14.480012
/data/UFget/MM/Nemeth/nemeth08/nemeth08.mtx,14.270028
/data/UFget/MM/Nemeth/nemeth09/nemeth09.mtx,14.261462
/data/UFget/MM/Nemeth/nemeth10/nemeth10.mtx,14.100738
/data/UFget/MM/Nemeth/nemeth11/nemeth11.mtx,14.383090
/data/UFget/MM/Nemeth/nemeth12/nemeth12.mtx,15.596014
/data/UFget/MM/Nemeth/nemeth13/nemeth13.mtx,16.874015
/data/UFget/MM/Nemeth/nemeth14/nemeth14.mtx,9.061743
/data/UFget/MM/Nemeth/nemeth15/nemeth15.mtx,17.895868
/data/UFget/MM/Nemeth/nemeth16/nemeth16.mtx,19.230847
/data/UFget/MM/Nemeth/nemeth17/nemeth17.mtx,20.500781
/data/UFget/MM/Nemeth/nemeth18/nemeth18.mtx,21.283759
/data/UFget/MM/Nemeth/nemeth01/nemeth01.mtx,23.169846
/data/UFget/MM/Nemeth/nemeth19/nemeth19.mtx,24.745664
/data/UFget/MM/Nemeth/nemeth20/nemeth20.mtx,28.258607
/data/UFget/MM/Nemeth/nemeth21/nemeth21.mtx,32.124860
/data/UFget/MM/Nemeth/nemeth22/nemeth22.mtx,35.399156
/data/UFget/MM/Nemeth/nemeth24/nemeth24.mtx,36.965109
/data/UFget/MM/Nemeth/nemeth23/nemeth23.mtx,35.938465
/data/UFget/MM/Nemeth/nemeth25/nemeth25.mtx,36.242325
/data/UFget/MM/Nemeth/nemeth26/nemeth26.mtx,37.111155
/data/UFget/MM/Newman/cond-mat-2003/cond-mat-2003.mtx,7.627669
/data/UFget/MM/Newman/astro-ph/astro-ph.mtx,8.210665
/data/UFget/MM/Newman/cond-mat-2005/cond-mat-2005.mtx,9.814703
/data/UFget/MM/Norris/lung2/lung2.mtx,13.618214
/data/UFget/MM/Norris/heart2/heart2.mtx,26.256879
/data/UFget/MM/Norris/heart3/heart3.mtx,26.707228
/data/UFget/MM/Norris/torso2/torso2.mtx,24.828478
/data/UFget/MM/Norris/heart1/heart1.mtx,39.797339
/data/UFget/MM/Norris/stomach/stomach.mtx,11.185510
/data/UFget/MM/Norris/torso3/torso3.mtx,9.045969
/data/UFget/MM/Norris/torso1/torso1.mtx,10.052229
/data/UFget/MM/Oberwolfach/piston/piston.mtx,5.443289
/data/UFget/MM/Oberwolfach/rail_20209/rail_20209.mtx,5.538085
/data/UFget/MM/Oberwolfach/t2dah_a/t2dah_a.mtx,7.155446
/data/UFget/MM/Oberwolfach/t2dah_e/t2dah_e.mtx,7.114401
/data/UFget/MM/Oberwolfach/t2dah/t2dah.mtx,7.210522
/data/UFget/MM/Oberwolfach/chipcool0/chipcool0.mtx,10.104949
/data/UFget/MM/Oberwolfach/chipcool1/chipcool1.mtx,10.088451
/data/UFget/MM/Oberwolfach/inlet/inlet.mtx,12.179508
/data/UFget/MM/Oberwolfach/gyro_m/gyro_m.mtx,12.231420
/data/UFget/MM/Oberwolfach/t3dl_a/t3dl_a.mtx,17.108162
/data/UFget/MM/Oberwolfach/t3dl/t3dl.mtx,16.944136
/data/UFget/MM/Oberwolfach/rail_79841/rail_79841.mtx,15.802385
/data/UFget/MM/Oberwolfach/gyro_k/gyro_k.mtx,27.679312
/data/UFget/MM/Oberwolfach/gyro/gyro.mtx,27.581746
/data/UFget/MM/Oberwolfach/windscreen/windscreen.mtx,33.331984
/data/UFget/MM/Oberwolfach/gas_sensor/gas_sensor.mtx,30.888558
/data/UFget/MM/Oberwolfach/filter3D/filter3D.mtx,12.143982
/data/UFget/MM/Oberwolfach/t3dh_a/t3dh_a.mtx,11.185027
/data/UFget/MM/Oberwolfach/t3dh_e/t3dh_e.mtx,11.201911
/data/UFget/MM/Oberwolfach/t3dh/t3dh.mtx,11.166000
/data/UFget/MM/Oberwolfach/boneS01/boneS01.mtx,9.894598
/data/UFget/MM/Oberwolfach/boneS10/boneS10.mtx,10.080626
/data/UFget/MM/Oberwolfach/bone010/bone010.mtx,10.026772
/data/UFget/MM/Okunbor/aft01/aft01.mtx,5.219562
/data/UFget/MM/Okunbor/aft02/aft02.mtx,5.239798
/data/UFget/MM/Pajek/foldoc/foldoc.mtx,4.543198
/data/UFget/MM/Pajek/Wordnet3/Wordnet3.mtx,1.487726
/data/UFget/MM/Pajek/dictionary28/dictionary28.mtx,5.542359
/data/UFget/MM/Pajek/internet/internet.mtx,5.583026
/data/UFget/MM/Pajek/Reuters911/Reuters911.mtx,10.056588
/data/UFget/MM/Pajek/EAT_SR/EAT_SR.mtx,9.745985
/data/UFget/MM/Pajek/EAT_RS/EAT_RS.mtx,9.711482
/data/UFget/MM/Pajek/HEP-th/HEP-th.mtx,9.925422
/data/UFget/MM/Pajek/HEP-th-new/HEP-th-new.mtx,10.053486
/data/UFget/MM/Pajek/patents_main/patents_main.mtx,6.499693
/data/UFget/MM/Pajek/patents/patents.mtx,2.998072
/data/UFget/MM/PARSEC/SiH4/SiH4.mtx,7.755256
/data/UFget/MM/PARSEC/SiNa/SiNa.mtx,8.481036
/data/UFget/MM/PARSEC/benzene/benzene.mtx,9.232224
/data/UFget/MM/PARSEC/Na5/Na5.mtx,12.322548
/data/UFget/MM/PARSEC/Si5H12/Si5H12.mtx,21.746816
/data/UFget/MM/PARSEC/Si10H16/Si10H16.mtx,24.379615
/data/UFget/MM/PARSEC/SiO/SiO.mtx,28.190561
/data/UFget/MM/PARSEC/H2O/H2O.mtx,14.991114
/data/UFget/MM/PARSEC/GaAsH6/GaAsH6.mtx,11.249223
/data/UFget/MM/PARSEC/Si34H36/Si34H36.mtx,9.537970
/data/UFget/MM/PARSEC/Ga3As3H12/Ga3As3H12.mtx,9.766535
/data/UFget/MM/PARSEC/Ga10As10H30/Ga10As10H30.mtx,9.567651
/data/UFget/MM/PARSEC/CO/CO.mtx,9.487700
/data/UFget/MM/PARSEC/Ge87H76/Ge87H76.mtx,9.810385
/data/UFget/MM/PARSEC/Ge99H100/Ge99H100.mtx,9.652653
/data/UFget/MM/PARSEC/Ga19As19H42/Ga19As19H42.mtx,8.451200
/data/UFget/MM/PARSEC/Si87H76/Si87H76.mtx,9.530371
/data/UFget/MM/PARSEC/SiO2/SiO2.mtx,9.564508
/data/UFget/MM/PARSEC/Si41Ge41H72/Si41Ge41H72.mtx,9.670201
/data/UFget/MM/PARSEC/Ga41As41H72/Ga41As41H72.mtx,10.005269
/data/UFget/MM/POLYFLOW/invextr1_new/invextr1_new.mtx,29.261577
/data/UFget/MM/POLYFLOW/mixtank_new/mixtank_new.mtx,21.557290
/data/UFget/MM/Pothen/shuttle_eddy/shuttle_eddy.mtx,4.612087
/data/UFget/MM/Pothen/barth5/barth5.mtx,4.518698
/data/UFget/MM/Pothen/bodyy4/bodyy4.mtx,4.806764
/data/UFget/MM/Pothen/bodyy5/bodyy5.mtx,5.106994
/data/UFget/MM/Pothen/bodyy6/bodyy6.mtx,5.262977
/data/UFget/MM/Pothen/skirt/skirt.mtx,7.549750
/data/UFget/MM/Pothen/tandem_vtx/tandem_vtx.mtx,9.167888
/data/UFget/MM/Pothen/pwt/pwt.mtx,11.137154
/data/UFget/MM/Pothen/onera_dual/onera_dual.mtx,12.269896
/data/UFget/MM/Pothen/tandem_dual/tandem_dual.mtx,13.354204
/data/UFget/MM/Puri/ABACUS_shell_ud/ABACUS_shell_ud.mtx,8.150715
/data/UFget/MM/Puri/ABACUS_shell_ld/ABACUS_shell_ld.mtx,8.337175
/data/UFget/MM/Puri/ABACUS_shell_md/ABACUS_shell_md.mtx,8.210135
/data/UFget/MM/Puri/ABACUS_shell_hd/ABACUS_shell_hd.mtx,8.203815
/data/UFget/MM/QCD/conf5_0-4x4-10/conf5_0-4x4-10.mtx,6.013854
/data/UFget/MM/QCD/conf5_0-4x4-14/conf5_0-4x4-14.mtx,5.926102
/data/UFget/MM/QCD/conf5_0-4x4-18/conf5_0-4x4-18.mtx,6.062391
/data/UFget/MM/QCD/conf5_0-4x4-22/conf5_0-4x4-22.mtx,5.870208
/data/UFget/MM/QCD/conf5_0-4x4-26/conf5_0-4x4-26.mtx,5.938586
/data/UFget/MM/QCD/conf6_0-4x4-20/conf6_0-4x4-20.mtx,5.829364
/data/UFget/MM/QCD/conf6_0-4x4-30/conf6_0-4x4-30.mtx,6.019444
/data/UFget/MM/QCD/conf5_4-8x8-05/conf5_4-8x8-05.mtx,31.219055
/data/UFget/MM/QCD/conf5_4-8x8-10/conf5_4-8x8-10.mtx,31.291419
/data/UFget/MM/QCD/conf5_4-8x8-15/conf5_4-8x8-15.mtx,30.737980
/data/UFget/MM/QCD/conf5_4-8x8-20/conf5_4-8x8-20.mtx,30.451113
/data/UFget/MM/QCD/conf6_0-8x8-20/conf6_0-8x8-20.mtx,31.220580
/data/UFget/MM/QCD/conf6_0-8x8-30/conf6_0-8x8-30.mtx,30.960140
/data/UFget/MM/QCD/conf6_0-8x8-80/conf6_0-8x8-80.mtx,31.174123
/data/UFget/MM/QLi/crashbasis/crashbasis.mtx,25.568822
/data/UFget/MM/QLi/majorbasis/majorbasis.mtx,25.882433
/data/UFget/MM/QLi/largebasis/largebasis.mtx,8.579726
/data/UFget/MM/Quaglino/viscoplastic2/viscoplastic2.mtx,12.833426
/data/UFget/MM/QY/case9/case9.mtx,6.251590
/data/UFget/MM/QY/case39/case39.mtx,27.276677
/data/UFget/MM/Rajat/rajat09/rajat09.mtx,3.783368
/data/UFget/MM/Rajat/rajat10/rajat10.mtx,4.880628
/data/UFget/MM/Rajat/rajat22/rajat22.mtx,6.847542
/data/UFget/MM/Rajat/rajat26/rajat26.mtx,8.209230
/data/UFget/MM/Rajat/rajat15/rajat15.mtx,13.342949
/data/UFget/MM/Rajat/rajat16/rajat16.mtx,14.893876
/data/UFget/MM/Rajat/rajat18/rajat18.mtx,13.483685
/data/UFget/MM/Rajat/rajat17/rajat17.mtx,15.935157
/data/UFget/MM/Rajat/rajat23/rajat23.mtx,14.765058
/data/UFget/MM/Rajat/rajat20/rajat20.mtx,15.541670
/data/UFget/MM/Rajat/rajat25/rajat25.mtx,15.950905
/data/UFget/MM/Rajat/rajat28/rajat28.mtx,15.647564
/data/UFget/MM/Rajat/Raj1/Raj1.mtx,16.419442
/data/UFget/MM/Rajat/rajat21/rajat21.mtx,8.445061
/data/UFget/MM/Rajat/rajat24/rajat24.mtx,8.460490
/data/UFget/MM/Rajat/rajat29/rajat29.mtx,7.441855
/data/UFget/MM/Rajat/rajat30/rajat30.mtx,7.333933
/data/UFget/MM/Rajat/rajat31/rajat31.mtx,6.321026
/data/UFget/MM/Raju/laminar_duct3D/laminar_duct3D.mtx,11.528068
/data/UFget/MM/Rommes/juba40k/juba40k.mtx,5.424893
/data/UFget/MM/Rommes/bauru5727/bauru5727.mtx,5.570904
/data/UFget/MM/Ronis/xenon1/xenon1.mtx,28.258149
/data/UFget/MM/Ronis/xenon2/xenon2.mtx,10.831104
/data/UFget/MM/Rost/RFdevice/RFdevice.mtx,12.261613
/data/UFget/MM/Rothberg/struct4/struct4.mtx,10.898916
/data/UFget/MM/Rothberg/struct3/struct3.mtx,27.202216
/data/UFget/MM/Rothberg/cfd1/cfd1.mtx,28.627007
/data/UFget/MM/Rothberg/cfd2/cfd2.mtx,12.358463
/data/UFget/MM/Rothberg/3dtube/3dtube.mtx,12.959339
/data/UFget/MM/Rothberg/gearbox/gearbox.mtx,9.733623
/data/UFget/MM/Rudnyi/water_tank/water_tank.mtx,30.379142
/data/UFget/MM/Sandia/mult_dcop_03/mult_dcop_03.mtx,6.174021
/data/UFget/MM/Sandia/mult_dcop_01/mult_dcop_01.mtx,6.583306
/data/UFget/MM/Sandia/mult_dcop_02/mult_dcop_02.mtx,6.485663
/data/UFget/MM/Sandia/ASIC_100ks/ASIC_100ks.mtx,15.458502
/data/UFget/MM/Sandia/ASIC_100k/ASIC_100k.mtx,18.430809
/data/UFget/MM/Sandia/ASIC_320ks/ASIC_320ks.mtx,9.038594
/data/UFget/MM/Sandia/ASIC_680ks/ASIC_680ks.mtx,6.946574
/data/UFget/MM/Sandia/ASIC_320k/ASIC_320k.mtx,7.549423
/data/UFget/MM/Sandia/ASIC_680k/ASIC_680k.mtx,6.620803
/data/UFget/MM/Sanghavi/ecl32/ecl32.mtx,11.175036
/data/UFget/MM/Schenk/nlpkkt80/nlpkkt80.mtx,8.387635
/data/UFget/MM/Schenk/nlpkkt120/nlpkkt120.mtx,9.340091
/data/UFget/MM/Schenk_AFE/af_0_k101/af_0_k101.mtx,9.257566
/data/UFget/MM/Schenk_AFE/af_1_k101/af_1_k101.mtx,9.355286
/data/UFget/MM/Schenk_AFE/af_2_k101/af_2_k101.mtx,9.347779
/data/UFget/MM/Schenk_AFE/af_3_k101/af_3_k101.mtx,9.353932
/data/UFget/MM/Schenk_AFE/af_4_k101/af_4_k101.mtx,9.255426
/data/UFget/MM/Schenk_AFE/af_5_k101/af_5_k101.mtx,9.278342
/data/UFget/MM/Schenk_AFE/af_shell1/af_shell1.mtx,9.438294
/data/UFget/MM/Schenk_AFE/af_shell2/af_shell2.mtx,9.301886
/data/UFget/MM/Schenk_AFE/af_shell3/af_shell3.mtx,9.302402
/data/UFget/MM/Schenk_AFE/af_shell4/af_shell4.mtx,9.501755
/data/UFget/MM/Schenk_AFE/af_shell5/af_shell5.mtx,9.442594
/data/UFget/MM/Schenk_AFE/af_shell6/af_shell6.mtx,9.507605
/data/UFget/MM/Schenk_AFE/af_shell7/af_shell7.mtx,9.445367
/data/UFget/MM/Schenk_AFE/af_shell8/af_shell8.mtx,8.614352
/data/UFget/MM/Schenk_AFE/af_shell9/af_shell9.mtx,9.399927
/data/UFget/MM/Schenk_AFE/af_shell10/af_shell10.mtx,9.817851
/data/UFget/MM/Schenk_IBMNA/c-41/c-41.mtx,4.662603
/data/UFget/MM/Schenk_IBMNA/c-42/c-42.mtx,4.921680
/data/UFget/MM/Schenk_IBMNA/c-39/c-39.mtx,6.437862
/data/UFget/MM/Schenk_IBMNA/c-43/c-43.mtx,5.503883
/data/UFget/MM/Schenk_IBMNA/c-46/c-46.mtx,5.574665
/data/UFget/MM/Schenk_IBMNA/c-49/c-49.mtx,6.234299
/data/UFget/MM/Schenk_IBMNA/c-48/c-48.mtx,6.693535
/data/UFget/MM/Schenk_IBMNA/c-45/c-45.mtx,7.564478
/data/UFget/MM/Schenk_IBMNA/c-50/c-50.mtx,7.504118
/data/UFget/MM/Schenk_IBMNA/c-52/c-52.mtx,7.979531
/data/UFget/MM/Schenk_IBMNA/c-51/c-51.mtx,8.232647
/data/UFget/MM/Schenk_IBMNA/c-47/c-47.mtx,9.132187
/data/UFget/MM/Schenk_IBMNA/c-60/c-60.mtx,10.621772
/data/UFget/MM/Schenk_IBMNA/c-61/c-61.mtx,10.689101
/data/UFget/MM/Schenk_IBMNA/c-53/c-53.mtx,12.336576
/data/UFget/MM/Schenk_IBMNA/c-65/c-65.mtx,11.884298
/data/UFget/MM/Schenk_IBMNA/c-56/c-56.mtx,12.999778
/data/UFget/MM/Schenk_IBMNA/c-54/c-54.mtx,13.788608
/data/UFget/MM/Schenk_IBMNA/c-57/c-57.mtx,13.688163
/data/UFget/MM/Schenk_IBMNA/c-66b/c-66b.mtx,15.156100
/data/UFget/MM/Schenk_IBMNA/c-66/c-66.mtx,15.346978
/data/UFget/MM/Schenk_IBMNA/c-67/c-67.mtx,16.430932
/data/UFget/MM/Schenk_IBMNA/c-67b/c-67b.mtx,16.395481
/data/UFget/MM/Schenk_IBMNA/c-62/c-62.mtx,16.255009
/data/UFget/MM/Schenk_IBMNA/c-64b/c-64b.mtx,20.150488
/data/UFget/MM/Schenk_IBMNA/c-64/c-64.mtx,20.561440
/data/UFget/MM/Schenk_IBMNA/c-73/c-73.mtx,20.842380
/data/UFget/MM/Schenk_IBMNA/c-73b/c-73b.mtx,21.377706
/data/UFget/MM/Schenk_IBMNA/c-big/c-big.mtx,7.907739
/data/UFget/MM/Schenk_IBMSDS/2D_27628_bjtcai/2D_27628_bjtcai.mtx,15.096908
/data/UFget/MM/Schenk_IBMSDS/3D_28984_Tetra/3D_28984_Tetra.mtx,18.878631
/data/UFget/MM/Schenk_IBMSDS/2D_54019_highK/2D_54019_highK.mtx,26.312129
/data/UFget/MM/Schenk_IBMSDS/3D_51448_3D/3D_51448_3D.mtx,27.720177
/data/UFget/MM/Schenk_IBMSDS/ibm_matrix_2/ibm_matrix_2.mtx,27.137097
/data/UFget/MM/Schenk_IBMSDS/matrix-new_3/matrix-new_3.mtx,10.565790
/data/UFget/MM/Schenk_IBMSDS/matrix_9/matrix_9.mtx,15.219481
/data/UFget/MM/Schenk_ISEI/igbt3/igbt3.mtx,8.581235
/data/UFget/MM/Schenk_ISEI/nmos3/nmos3.mtx,13.382049
/data/UFget/MM/Schenk_ISEI/para-10/para-10.mtx,8.813291
/data/UFget/MM/Schenk_ISEI/para-5/para-5.mtx,8.764865
/data/UFget/MM/Schenk_ISEI/para-6/para-6.mtx,8.766880
/data/UFget/MM/Schenk_ISEI/para-7/para-7.mtx,8.766461
/data/UFget/MM/Schenk_ISEI/para-8/para-8.mtx,8.764468
/data/UFget/MM/Schenk_ISEI/para-9/para-9.mtx,8.523892
/data/UFget/MM/Schenk_ISEI/barrier2-1/barrier2-1.mtx,9.307088
/data/UFget/MM/Schenk_ISEI/barrier2-2/barrier2-2.mtx,9.316328
/data/UFget/MM/Schenk_ISEI/barrier2-3/barrier2-3.mtx,9.338874
/data/UFget/MM/Schenk_ISEI/barrier2-4/barrier2-4.mtx,9.311780
/data/UFget/MM/Schenk_ISEI/barrier2-10/barrier2-10.mtx,8.631469
/data/UFget/MM/Schenk_ISEI/barrier2-11/barrier2-11.mtx,8.586686
/data/UFget/MM/Schenk_ISEI/barrier2-12/barrier2-12.mtx,8.618700
/data/UFget/MM/Schenk_ISEI/barrier2-9/barrier2-9.mtx,8.550753
/data/UFget/MM/Schenk_ISEI/para-4/para-4.mtx,8.356191
/data/UFget/MM/Schenk_ISEI/ohne2/ohne2.mtx,9.286476
/data/UFget/MM/Schmid/thermal1/thermal1.mtx,14.776294
/data/UFget/MM/Schmid/thermal2/thermal2.mtx,6.524963
/data/UFget/MM/Shen/shermanACb/shermanACb.mtx,5.633135
/data/UFget/MM/Shen/e40r0100/e40r0100.mtx,17.859719
/data/UFget/MM/Shyy/shyy161/shyy161.mtx,11.454643
/data/UFget/MM/Simon/raefsky6/raefsky6.mtx,6.762743
/data/UFget/MM/Simon/raefsky5/raefsky5.mtx,7.369001
/data/UFget/MM/Simon/raefsky1/raefsky1.mtx,13.285598
/data/UFget/MM/Simon/raefsky2/raefsky2.mtx,13.196529
/data/UFget/MM/Simon/olafu/olafu.mtx,28.027886
/data/UFget/MM/Simon/raefsky4/raefsky4.mtx,31.494495
/data/UFget/MM/Simon/raefsky3/raefsky3.mtx,33.111694
/data/UFget/MM/Simon/venkat25/venkat25.mtx,30.158659
/data/UFget/MM/Simon/venkat50/venkat50.mtx,28.584846
/data/UFget/MM/Simon/venkat01/venkat01.mtx,32.257490
/data/UFget/MM/Simon/bbmat/bbmat.mtx,33.054823
/data/UFget/MM/Simon/appu/appu.mtx,25.567285
/data/UFget/MM/Sinclair/3Dspectralwave2/3Dspectralwave2.mtx,9.585050
/data/UFget/MM/Sinclair/3Dspectralwave/3Dspectralwave.mtx,9.381389
/data/UFget/MM/SNAP/wiki-Vote/wiki-Vote.mtx,4.328310
/data/UFget/MM/SNAP/as-caida/as-caida.mtx,4.029059
/data/UFget/MM/SNAP/p2p-Gnutella31/p2p-Gnutella31.mtx,4.365300
/data/UFget/MM/SNAP/ca-CondMat/ca-CondMat.mtx,6.312526
/data/UFget/MM/SNAP/ca-HepPh/ca-HepPh.mtx,8.233230
/data/UFget/MM/SNAP/cit-HepTh/cit-HepTh.mtx,10.295073
/data/UFget/MM/SNAP/email-Enron/email-Enron.mtx,11.030798
/data/UFget/MM/SNAP/ca-AstroPh/ca-AstroPh.mtx,11.668581
/data/UFget/MM/SNAP/email-EuAll/email-EuAll.mtx,8.331994
/data/UFget/MM/SNAP/cit-HepPh/cit-HepPh.mtx,10.980595
/data/UFget/MM/SNAP/soc-Epinions1/soc-Epinions1.mtx,11.247005
/data/UFget/MM/SNAP/soc-sign-Slashdot081106/soc-sign-Slashdot081106.mtx,9.391334
/data/UFget/MM/SNAP/soc-sign-Slashdot090216/soc-sign-Slashdot090216.mtx,10.372692
/data/UFget/MM/SNAP/soc-sign-Slashdot090221/soc-sign-Slashdot090221.mtx,9.923155
/data/UFget/MM/SNAP/soc-sign-epinions/soc-sign-epinions.mtx,9.490353
/data/UFget/MM/SNAP/soc-Slashdot0811/soc-Slashdot0811.mtx,13.870314
/data/UFget/MM/SNAP/soc-Slashdot0902/soc-Slashdot0902.mtx,12.576763
/data/UFget/MM/SNAP/amazon0302/amazon0302.mtx,6.760263
/data/UFget/MM/SNAP/web-NotreDame/web-NotreDame.mtx,15.261927
/data/UFget/MM/SNAP/web-Stanford/web-Stanford.mtx,3.839747
/data/UFget/MM/SNAP/roadNet-PA/roadNet-PA.mtx,5.391223
/data/UFget/MM/SNAP/amazon0312/amazon0312.mtx,6.703875
/data/UFget/MM/SNAP/amazon0505/amazon0505.mtx,6.841774
/data/UFget/MM/SNAP/amazon0601/amazon0601.mtx,6.947519
/data/UFget/MM/SNAP/roadNet-TX/roadNet-TX.mtx,5.337707
/data/UFget/MM/SNAP/wiki-Talk/wiki-Talk.mtx,2.956441
/data/UFget/MM/SNAP/web-Google/web-Google.mtx,5.144811
/data/UFget/MM/SNAP/roadNet-CA/roadNet-CA.mtx,4.976547
/data/UFget/MM/SNAP/web-BerkStan/web-BerkStan.mtx,8.026853
/data/UFget/MM/SNAP/cit-Patents/cit-Patents.mtx,3.084835
/data/UFget/MM/SNAP/as-Skitter/as-Skitter.mtx,6.276868
/data/UFget/MM/SNAP/soc-LiveJournal1/soc-LiveJournal1.mtx,4.240018
/data/UFget/MM/Sorensen/Linux_call_graph/Linux_call_graph.mtx,9.693093
/data/UFget/MM/Szczerba/Ill_Stokes/Ill_Stokes.mtx,6.629415
/data/UFget/MM/TKK/g3rmt3m3/g3rmt3m3.mtx,9.471680
/data/UFget/MM/TKK/t520/t520.mtx,12.338296
/data/UFget/MM/TKK/cbuckle/cbuckle.mtx,21.417853
/data/UFget/MM/TKK/cyl6/cyl6.mtx,22.682238
/data/UFget/MM/TKK/tube1/tube1.mtx,25.802310
/data/UFget/MM/TKK/tube2/tube2.mtx,26.014819
/data/UFget/MM/TKK/smt/smt.mtx,12.263664
/data/UFget/MM/TKK/s4dkt3m2/s4dkt3m2.mtx,6.209728
/data/UFget/MM/TKK/engine/engine.mtx,8.815686
/data/UFget/MM/Tromble/language/language.mtx,6.743680
/data/UFget/MM/TSOPF/TSOPF_FS_b9_c6/TSOPF_FS_b9_c6.mtx,6.310914
/data/UFget/MM/TSOPF/TSOPF_RS_b162_c1/TSOPF_RS_b162_c1.mtx,9.930333
/data/UFget/MM/TSOPF/TSOPF_RS_b39_c7/TSOPF_RS_b39_c7.mtx,10.008762
/data/UFget/MM/TSOPF/TSOPF_FS_b162_c1/TSOPF_FS_b162_c1.mtx,21.584025
/data/UFget/MM/TSOPF/TSOPF_RS_b162_c3/TSOPF_RS_b162_c3.mtx,19.719506
/data/UFget/MM/TSOPF/TSOPF_RS_b39_c19/TSOPF_RS_b39_c19.mtx,20.649353
/data/UFget/MM/TSOPF/TSOPF_FS_b39_c7/TSOPF_FS_b39_c7.mtx,22.238874
/data/UFget/MM/TSOPF/TSOPF_RS_b162_c4/TSOPF_RS_b162_c4.mtx,23.854918
/data/UFget/MM/TSOPF/TSOPF_RS_b39_c30/TSOPF_RS_b39_c30.mtx,26.832950
/data/UFget/MM/TSOPF/TSOPF_RS_b300_c1/TSOPF_RS_b300_c1.mtx,31.113092
/data/UFget/MM/TSOPF/TSOPF_FS_b162_c3/TSOPF_FS_b162_c3.mtx,28.682893
/data/UFget/MM/TSOPF/TSOPF_FS_b39_c19/TSOPF_FS_b39_c19.mtx,21.406072
/data/UFget/MM/TSOPF/TSOPF_FS_b162_c4/TSOPF_FS_b162_c4.mtx,15.112133
/data/UFget/MM/TSOPF/TSOPF_RS_b300_c2/TSOPF_RS_b300_c2.mtx,14.805008
/data/UFget/MM/TSOPF/TSOPF_FS_b39_c30/TSOPF_FS_b39_c30.mtx,10.749943
/data/UFget/MM/TSOPF/TSOPF_RS_b678_c1/TSOPF_RS_b678_c1.mtx,11.537514
/data/UFget/MM/TSOPF/TSOPF_FS_b300/TSOPF_FS_b300.mtx,10.935267
/data/UFget/MM/TSOPF/TSOPF_FS_b300_c1/TSOPF_FS_b300_c1.mtx,10.900956
/data/UFget/MM/TSOPF/TSOPF_RS_b300_c3/TSOPF_RS_b300_c3.mtx,11.276504
/data/UFget/MM/TSOPF/TSOPF_RS_b2052_c1/TSOPF_RS_b2052_c1.mtx,9.690298
/data/UFget/MM/TSOPF/TSOPF_FS_b300_c2/TSOPF_FS_b300_c2.mtx,10.030232
/data/UFget/MM/TSOPF/TSOPF_RS_b678_c2/TSOPF_RS_b678_c2.mtx,10.147164
/data/UFget/MM/TSOPF/TSOPF_FS_b300_c3/TSOPF_FS_b300_c3.mtx,10.063718
/data/UFget/MM/TSOPF/TSOPF_RS_b2383/TSOPF_RS_b2383.mtx,9.770922
/data/UFget/MM/TSOPF/TSOPF_RS_b2383_c1/TSOPF_RS_b2383_c1.mtx,9.644405
/data/UFget/MM/Um/2cubes_sphere/2cubes_sphere.mtx,16.305993
/data/UFget/MM/Um/offshore/offshore.mtx,8.179632
/data/UFget/MM/UTEP/Dubcova1/Dubcova1.mtx,9.337331
/data/UFget/MM/UTEP/Dubcova2/Dubcova2.mtx,18.506925
/data/UFget/MM/UTEP/Dubcova3/Dubcova3.mtx,7.931277
/data/UFget/MM/vanHeukelum/cage10/cage10.mtx,6.241506
/data/UFget/MM/vanHeukelum/cage11/cage11.mtx,16.765422
/data/UFget/MM/vanHeukelum/cage12/cage12.mtx,13.710608
/data/UFget/MM/vanHeukelum/cage13/cage13.mtx,8.534809
/data/UFget/MM/vanHeukelum/cage14/cage14.mtx,7.702349
/data/UFget/MM/vanHeukelum/cage15/cage15.mtx,7.292667
/data/UFget/MM/VanVelzen/std1_Jac2_db/std1_Jac2_db.mtx,14.804280
/data/UFget/MM/VanVelzen/std1_Jac3_db/std1_Jac3_db.mtx,14.602781
/data/UFget/MM/VanVelzen/Zd_Jac6_db/Zd_Jac6_db.mtx,12.518377
/data/UFget/MM/VanVelzen/Zd_Jac2_db/Zd_Jac2_db.mtx,18.620833
/data/UFget/MM/VanVelzen/Zd_Jac3_db/Zd_Jac3_db.mtx,18.596171
/data/UFget/MM/VanVelzen/std1_Jac2/std1_Jac2.mtx,28.035540
/data/UFget/MM/VanVelzen/std1_Jac3/std1_Jac3.mtx,29.467625
/data/UFget/MM/VanVelzen/Zd_Jac2/Zd_Jac2.mtx,29.458609
/data/UFget/MM/VanVelzen/Zd_Jac6/Zd_Jac6.mtx,29.216472
/data/UFget/MM/VanVelzen/Zd_Jac3/Zd_Jac3.mtx,29.083502
/data/UFget/MM/Vavasis/av41092/av41092.mtx,26.839155
/data/UFget/MM/VDOL/hangGlider_4/hangGlider_4.mtx,6.024658
/data/UFget/MM/VDOL/hangGlider_5/hangGlider_5.mtx,6.331661
/data/UFget/MM/VDOL/lowThrust_4/lowThrust_4.mtx,6.143367
/data/UFget/MM/VDOL/lowThrust_5/lowThrust_5.mtx,7.594525
/data/UFget/MM/VDOL/lowThrust_6/lowThrust_6.mtx,7.563203
/data/UFget/MM/VDOL/lowThrust_7/lowThrust_7.mtx,7.624369
/data/UFget/MM/VDOL/lowThrust_8/lowThrust_8.mtx,7.630169
/data/UFget/MM/VDOL/lowThrust_9/lowThrust_9.mtx,7.927687
/data/UFget/MM/VDOL/lowThrust_10/lowThrust_10.mtx,8.040018
/data/UFget/MM/VDOL/lowThrust_11/lowThrust_11.mtx,8.313404
/data/UFget/MM/VDOL/lowThrust_12/lowThrust_12.mtx,8.179957
/data/UFget/MM/VDOL/lowThrust_13/lowThrust_13.mtx,8.146671
/data/UFget/MM/Wang/wang3/wang3.mtx,6.884588
/data/UFget/MM/Wang/wang4/wang4.mtx,6.480015
/data/UFget/MM/Watson/chem_master1/chem_master1.mtx,7.324124
/data/UFget/MM/Watson/Baumann/Baumann.mtx,19.013874
/data/UFget/MM/Williams/mac_econ_fwd500/mac_econ_fwd500.mtx,22.679353
/data/UFget/MM/Williams/mc2depi/mc2depi.mtx,12.166225
/data/UFget/MM/Williams/cop20k_A/cop20k_A.mtx,9.433948
/data/UFget/MM/Williams/webbase-1M/webbase-1M.mtx,5.801232
/data/UFget/MM/Williams/cant/cant.mtx,11.644275
/data/UFget/MM/Williams/pdb1HYS/pdb1HYS.mtx,11.578090
/data/UFget/MM/Williams/consph/consph.mtx,9.996981
/data/UFget/MM/Wissgott/parabolic_fem/parabolic_fem.mtx,6.835710
/data/UFget/MM/Zaoui/kkt_power/kkt_power.mtx,6.442387
/data/UFget/MM/Zhao/Zhao1/Zhao1.mtx,6.111619
/data/UFget/MM/Zhao/Zhao2/Zhao2.mtx,6.099078
/data/UFget-large/sk-2005/sk-2005.mtx,8.27073628809863
/data/UFget-large/it-2004/it-2004.mtx,9.2718383739081
/data/UFget-large/webbase-2001/webbase-2001.mtx,8.103164
/data/UFget-large/uk-2005/uk-2005.mtx,9.393339
/data/UFget-large/nlpkkt240/nlpkkt240.mtx,8.922893
/data/UFget-large/arabic-2005/arabic-2005.mtx,9.809630
/data/UFget-large/nlpkkt200/nlpkkt200.mtx,9.862135
/data/UFget-large/Queen_4147/Queen_4147.mtx,14.679367
/data/UFget-large/uk-2002/uk-2002.mtx,18.881891
/data/UFget-large/HV15R/HV15R.mtx,9.833734
/data/UFget-large/rgg_n_2_24_s0/rgg_n_2_24_s0.mtx,9.915021
/data/UFget-large/nlpkkt160/nlpkkt160.mtx,12.371121
