/data/UFget/MM/ACUSIM/Pres_Poisson/Pres_Poisson.mtx,15.497786
/data/UFget/MM/AG-Monien/cca/cca.mtx,5.106108
/data/UFget/MM/AG-Monien/shock-9/shock-9.mtx,5.644050
/data/UFget/MM/AG-Monien/ccc/ccc.mtx,5.199069
/data/UFget/MM/AG-Monien/bfly/bfly.mtx,7.242881
/data/UFget/MM/AG-Monien/brack2/brack2.mtx,18.841135
/data/UFget/MM/AG-Monien/wave/wave.mtx,22.901607
/data/UFget/MM/AG-Monien/debr/debr.mtx,22.567947
/data/UFget/MM/AMD/G2_circuit/G2_circuit.mtx,17.469595
/data/UFget/MM/AMD/G3_circuit/G3_circuit.mtx,12.333493
/data/UFget/MM/Andrews/Andrews/Andrews.mtx,8.753652
/data/UFget/MM/Andrianov/lpl1/lpl1.mtx,11.583601
/data/UFget/MM/Andrianov/net25/net25.mtx,14.316045
/data/UFget/MM/Andrianov/fxm4_6/fxm4_6.mtx,15.176089
/data/UFget/MM/Andrianov/ex3sta1/ex3sta1.mtx,19.817237
/data/UFget/MM/Andrianov/pf2177/pf2177.mtx,20.733209
/data/UFget/MM/Andrianov/net50/net50.mtx,22.925333
/data/UFget/MM/Andrianov/net75/net75.mtx,25.814951
/data/UFget/MM/Andrianov/lp1/lp1.mtx,16.917882
/data/UFget/MM/Andrianov/net100/net100.mtx,25.881679
/data/UFget/MM/Andrianov/net4-1/net4-1.mtx,16.016628
/data/UFget/MM/Andrianov/net125/net125.mtx,24.917576
/data/UFget/MM/Andrianov/ins2/ins2.mtx,9.746960
/data/UFget/MM/Andrianov/net150/net150.mtx,24.844483
/data/UFget/MM/Andrianov/pattern1/pattern1.mtx,33.281093
/data/UFget/MM/Andrianov/mip1/mip1.mtx,32.257450
/data/UFget/MM/ATandT/onetone2/onetone2.mtx,8.012108
/data/UFget/MM/ATandT/onetone1/onetone1.mtx,10.717275
/data/UFget/MM/ATandT/twotone/twotone.mtx,23.627282
/data/UFget/MM/ATandT/pre2/pre2.mtx,26.679211
/data/UFget/MM/Averous/epb2/epb2.mtx,6.804300
/data/UFget/MM/Averous/epb3/epb3.mtx,13.969658
/data/UFget/MM/Bai/mhd4800a/mhd4800a.mtx,5.056098
/data/UFget/MM/Bai/af23560/af23560.mtx,16.082896
/data/UFget/MM/Bai/qc2534/qc2534.mtx,20.039789
/data/UFget/MM/Barabasi/NotreDame_www/NotreDame_www.mtx,15.837461
/data/UFget/MM/Belcastro/human_gene2/human_gene2.mtx,40.931120
/data/UFget/MM/Belcastro/human_gene1/human_gene1.mtx,39.720812
/data/UFget/MM/Belcastro/mouse_gene/mouse_gene.mtx,33.845137
/data/UFget/MM/BenElechi/BenElechi1/BenElechi1.mtx,39.118182
/data/UFget/MM/Bindel/ted_B/ted_B.mtx,6.229034
/data/UFget/MM/Bindel/ted_B_unscaled/ted_B_unscaled.mtx,6.280446
/data/UFget/MM/Bindel/ted_A/ted_A.mtx,15.275112
/data/UFget/MM/Bindel/ted_A_unscaled/ted_A_unscaled.mtx,15.357990
/data/UFget/MM/Bindel/ted_AB/ted_AB.mtx,18.999691
/data/UFget/MM/Bindel/ted_AB_unscaled/ted_AB_unscaled.mtx,18.899674
/data/UFget/MM/Bodendiek/CurlCurl_0/CurlCurl_0.mtx,4.559435
/data/UFget/MM/Bodendiek/CurlCurl_1/CurlCurl_1.mtx,25.607630
/data/UFget/MM/Bodendiek/CurlCurl_2/CurlCurl_2.mtx,31.337400
/data/UFget/MM/Bodendiek/CurlCurl_3/CurlCurl_3.mtx,32.582166
/data/UFget/MM/Bodendiek/CurlCurl_4/CurlCurl_4.mtx,26.229818
/data/UFget/MM/Boeing/nasa4704/nasa4704.mtx,5.013568
/data/UFget/MM/Boeing/crystm01/crystm01.mtx,5.221393
/data/UFget/MM/Boeing/nasa2910/nasa2910.mtx,8.680944
/data/UFget/MM/Boeing/crystk01/crystk01.mtx,13.590217
/data/UFget/MM/Boeing/bcsstm36/bcsstm36.mtx,11.592429
/data/UFget/MM/Boeing/crystm02/crystm02.mtx,12.051617
/data/UFget/MM/Boeing/bcsstk38/bcsstk38.mtx,12.439110
/data/UFget/MM/Boeing/crystm03/crystm03.mtx,18.533263
/data/UFget/MM/Boeing/crystk02/crystk02.mtx,22.343837
/data/UFget/MM/Boeing/pcrystk02/pcrystk02.mtx,26.989425
/data/UFget/MM/Boeing/bcsstk37/bcsstk37.mtx,28.606311
/data/UFget/MM/Boeing/msc23052/msc23052.mtx,27.561193
/data/UFget/MM/Boeing/bcsstk36/bcsstk36.mtx,28.537121
/data/UFget/MM/Boeing/msc10848/msc10848.mtx,30.664339
/data/UFget/MM/Boeing/bcsstk35/bcsstk35.mtx,32.282159
/data/UFget/MM/Boeing/crystk03/crystk03.mtx,33.860126
/data/UFget/MM/Boeing/pcrystk03/pcrystk03.mtx,32.886589
/data/UFget/MM/Boeing/bcsstk39/bcsstk39.mtx,33.077553
/data/UFget/MM/Boeing/ct20stif/ct20stif.mtx,27.832549
/data/UFget/MM/Boeing/pct20stif/pct20stif.mtx,28.002086
/data/UFget/MM/Boeing/pwtk/pwtk.mtx,38.118844
/data/UFget/MM/Bomhof/circuit_4/circuit_4.mtx,10.357037
/data/UFget/MM/Botonakis/FEM_3D_thermal1/FEM_3D_thermal1.mtx,14.614484
/data/UFget/MM/Botonakis/thermomech_TC/thermomech_TC.mtx,10.094024
/data/UFget/MM/Botonakis/thermomech_TK/thermomech_TK.mtx,9.617988
/data/UFget/MM/Botonakis/thermomech_dM/thermomech_dM.mtx,10.527369
/data/UFget/MM/Botonakis/thermomech_dK/thermomech_dK.mtx,7.853505
/data/UFget/MM/Botonakis/FEM_3D_thermal2/FEM_3D_thermal2.mtx,27.080956
/data/UFget/MM/Bourchtein/atmosmodd/atmosmodd.mtx,28.277473
/data/UFget/MM/Bourchtein/atmosmodj/atmosmodj.mtx,28.980491
/data/UFget/MM/Bourchtein/atmosmodl/atmosmodl.mtx,26.536416
/data/UFget/MM/Bourchtein/atmosmodm/atmosmodm.mtx,28.635972
/data/UFget/MM/Bova/rma10/rma10.mtx,32.082178
/data/UFget/MM/Brethour/coater2/coater2.mtx,7.952280
/data/UFget/MM/Castrillon/denormal/denormal.mtx,25.989862
/data/UFget/MM/CEMW/vfem/vfem.mtx,26.195981
/data/UFget/MM/CEMW/tmt_unsym/tmt_unsym.mtx,24.627951
/data/UFget/MM/CEMW/t2em/t2em.mtx,25.258840
/data/UFget/MM/CEMW/tmt_sym/tmt_sym.mtx,24.258934
/data/UFget/MM/Chen/pkustk02/pkustk02.mtx,24.782389
/data/UFget/MM/Chen/pkustk01/pkustk01.mtx,27.267108
/data/UFget/MM/Chen/pkustk09/pkustk09.mtx,32.088669
/data/UFget/MM/Chen/pkustk05/pkustk05.mtx,30.970471
/data/UFget/MM/Chen/pkustk07/pkustk07.mtx,32.380674
/data/UFget/MM/Chen/pkustk06/pkustk06.mtx,31.500937
/data/UFget/MM/Chen/pkustk03/pkustk03.mtx,28.440358
/data/UFget/MM/Chen/pkustk08/pkustk08.mtx,29.267255
/data/UFget/MM/Chen/pkustk04/pkustk04.mtx,29.174084
/data/UFget/MM/Chen/pkustk10/pkustk10.mtx,30.887335
/data/UFget/MM/Chen/pkustk11/pkustk11.mtx,32.389676
/data/UFget/MM/Chen/pkustk13/pkustk13.mtx,31.529269
/data/UFget/MM/Chen/pkustk12/pkustk12.mtx,30.216851
/data/UFget/MM/Chen/pkustk14/pkustk14.mtx,35.888979
/data/UFget/MM/Chevron/Chevron1/Chevron1.mtx,11.977287
/data/UFget/MM/Chevron/Chevron2/Chevron2.mtx,21.111132
/data/UFget/MM/Chevron/Chevron3/Chevron3.mtx,25.510019
/data/UFget/MM/Chevron/Chevron4/Chevron4.mtx,30.335048
/data/UFget/MM/Cote/mplate/mplate.mtx,6.575716
/data/UFget/MM/Cote/vibrobox/vibrobox.mtx,12.153143
/data/UFget/MM/CPM/cz10228/cz10228.mtx,4.411492
/data/UFget/MM/CPM/cz20468/cz20468.mtx,7.805318
/data/UFget/MM/CPM/cz40948/cz40948.mtx,13.806841
/data/UFget/MM/Cunningham/k3plates/k3plates.mtx,13.790949
/data/UFget/MM/Cunningham/qa8fk/qa8fk.mtx,29.610895
/data/UFget/MM/Cunningham/qa8fm/qa8fm.mtx,30.157253
/data/UFget/MM/Cylshell/s3rmt3m3/s3rmt3m3.mtx,9.412444
/data/UFget/MM/Cylshell/s1rmt3m1/s1rmt3m1.mtx,9.530096
/data/UFget/MM/Cylshell/s3rmt3m1/s3rmt3m1.mtx,9.874767
/data/UFget/MM/Cylshell/s2rmt3m1/s2rmt3m1.mtx,9.900598
/data/UFget/MM/Cylshell/s1rmq4m1/s1rmq4m1.mtx,12.124954
/data/UFget/MM/Cylshell/s3rmq4m1/s3rmq4m1.mtx,12.267286
/data/UFget/MM/Cylshell/s2rmq4m1/s2rmq4m1.mtx,12.213721
/data/UFget/MM/Dehghani/light_in_tissue/light_in_tissue.mtx,14.325214
/data/UFget/MM/DIMACS10/vsp_p0291_seymourl_iiasa/vsp_p0291_seymourl_iiasa.mtx,4.636299
/data/UFget/MM/DIMACS10/vsp_data_and_seymourl/vsp_data_and_seymourl.mtx,4.716022
/data/UFget/MM/DIMACS10/de2010/de2010.mtx,4.310183
/data/UFget/MM/DIMACS10/hi2010/hi2010.mtx,4.723391
/data/UFget/MM/DIMACS10/vsp_c-30_data_data/vsp_c-30_data_data.mtx,5.283599
/data/UFget/MM/DIMACS10/ri2010/ri2010.mtx,4.755422
/data/UFget/MM/DIMACS10/wing_nodal/wing_nodal.mtx,5.966488
/data/UFget/MM/DIMACS10/vt2010/vt2010.mtx,5.807738
/data/UFget/MM/DIMACS10/t60k/t60k.mtx,6.913905
/data/UFget/MM/DIMACS10/vsp_befref_fxm_2_4_air02/vsp_befref_fxm_2_4_air02.mtx,7.674499
/data/UFget/MM/DIMACS10/delaunay_n15/delaunay_n15.mtx,7.312462
/data/UFget/MM/DIMACS10/vsp_barth5_1Ksep_50in_5Kout/vsp_barth5_1Ksep_50in_5Kout.mtx,6.225939
/data/UFget/MM/DIMACS10/ak2010/ak2010.mtx,7.571909
/data/UFget/MM/DIMACS10/nh2010/nh2010.mtx,8.115355
/data/UFget/MM/DIMACS10/luxembourg_osm/luxembourg_osm.mtx,7.683950
/data/UFget/MM/DIMACS10/wing/wing.mtx,5.368729
/data/UFget/MM/DIMACS10/vsp_sctap1-2b_and_seymourl/vsp_sctap1-2b_and_seymourl.mtx,9.012319
/data/UFget/MM/DIMACS10/rgg_n_2_15_s0/rgg_n_2_15_s0.mtx,11.222860
/data/UFget/MM/DIMACS10/fe_body/fe_body.mtx,11.263840
/data/UFget/MM/DIMACS10/me2010/me2010.mtx,10.180130
/data/UFget/MM/DIMACS10/ct2010/ct2010.mtx,9.592653
/data/UFget/MM/DIMACS10/vsp_south31_slptsk/vsp_south31_slptsk.mtx,11.171905
/data/UFget/MM/DIMACS10/vsp_model1_crew1_cr42_south31/vsp_model1_crew1_cr42_south31.mtx,10.012042
/data/UFget/MM/DIMACS10/delaunay_n16/delaunay_n16.mtx,12.042454
/data/UFget/MM/DIMACS10/sd2010/sd2010.mtx,11.370254
/data/UFget/MM/DIMACS10/nv2010/nv2010.mtx,10.123153
/data/UFget/MM/DIMACS10/wy2010/wy2010.mtx,11.646243
/data/UFget/MM/DIMACS10/vsp_c-60_data_cti_cs4/vsp_c-60_data_cti_cs4.mtx,10.624126
/data/UFget/MM/DIMACS10/ut2010/ut2010.mtx,10.708635
/data/UFget/MM/DIMACS10/vsp_bump2_e18_aa01_model1_crew1/vsp_bump2_e18_aa01_model1_crew1.mtx,12.846646
/data/UFget/MM/DIMACS10/nd2010/nd2010.mtx,14.653666
/data/UFget/MM/DIMACS10/mt2010/mt2010.mtx,13.747360
/data/UFget/MM/DIMACS10/wv2010/wv2010.mtx,14.914720
/data/UFget/MM/DIMACS10/rgg_n_2_16_s0/rgg_n_2_16_s0.mtx,18.381572
/data/UFget/MM/DIMACS10/md2010/md2010.mtx,14.021722
/data/UFget/MM/DIMACS10/id2010/id2010.mtx,15.243462
/data/UFget/MM/DIMACS10/ma2010/ma2010.mtx,8.902097
/data/UFget/MM/DIMACS10/vsp_mod2_pgp2_slptsk/vsp_mod2_pgp2_slptsk.mtx,10.796734
/data/UFget/MM/DIMACS10/delaunay_n17/delaunay_n17.mtx,11.861228
/data/UFget/MM/DIMACS10/ky2010/ky2010.mtx,16.614181
/data/UFget/MM/DIMACS10/fe_ocean/fe_ocean.mtx,19.090127
/data/UFget/MM/DIMACS10/nj2010/nj2010.mtx,13.381577
/data/UFget/MM/DIMACS10/nm2010/nm2010.mtx,12.637270
/data/UFget/MM/DIMACS10/ms2010/ms2010.mtx,16.605974
/data/UFget/MM/DIMACS10/vsp_vibrobox_scagr7-2c_rlfddd/vsp_vibrobox_scagr7-2c_rlfddd.mtx,11.172524
/data/UFget/MM/DIMACS10/sc2010/sc2010.mtx,15.987828
/data/UFget/MM/DIMACS10/ar2010/ar2010.mtx,17.500629
/data/UFget/MM/DIMACS10/fe_tooth/fe_tooth.mtx,19.099286
/data/UFget/MM/DIMACS10/ne2010/ne2010.mtx,16.986923
/data/UFget/MM/DIMACS10/wa2010/wa2010.mtx,12.257510
/data/UFget/MM/DIMACS10/co2010/co2010.mtx,15.282521
/data/UFget/MM/DIMACS10/or2010/or2010.mtx,13.586501
/data/UFget/MM/DIMACS10/la2010/la2010.mtx,15.728269
/data/UFget/MM/DIMACS10/preferentialAttachment/preferentialAttachment.mtx,7.163212
/data/UFget/MM/DIMACS10/smallworld/smallworld.mtx,14.183636
/data/UFget/MM/DIMACS10/G_n_pin_pout/G_n_pin_pout.mtx,9.416192
/data/UFget/MM/DIMACS10/ia2010/ia2010.mtx,19.158013
/data/UFget/MM/DIMACS10/vsp_finan512_scagr7-2c_rlfddd/vsp_finan512_scagr7-2c_rlfddd.mtx,12.627558
/data/UFget/MM/DIMACS10/ks2010/ks2010.mtx,18.490617
/data/UFget/MM/DIMACS10/tn2010/tn2010.mtx,16.686689
/data/UFget/MM/DIMACS10/az2010/az2010.mtx,9.163856
/data/UFget/MM/DIMACS10/wi2010/wi2010.mtx,16.304739
/data/UFget/MM/DIMACS10/caidaRouterLevel/caidaRouterLevel.mtx,7.061062
/data/UFget/MM/DIMACS10/mn2010/mn2010.mtx,17.087225
/data/UFget/MM/DIMACS10/al2010/al2010.mtx,13.579980
/data/UFget/MM/DIMACS10/ok2010/ok2010.mtx,14.577185
/data/UFget/MM/DIMACS10/in2010/in2010.mtx,15.323466
/data/UFget/MM/DIMACS10/fe_rotor/fe_rotor.mtx,15.152190
/data/UFget/MM/DIMACS10/va2010/va2010.mtx,16.115395
/data/UFget/MM/DIMACS10/nc2010/nc2010.mtx,14.860482
/data/UFget/MM/DIMACS10/ga2010/ga2010.mtx,18.122585
/data/UFget/MM/DIMACS10/rgg_n_2_17_s0/rgg_n_2_17_s0.mtx,24.374437
/data/UFget/MM/DIMACS10/598a/598a.mtx,8.419969
/data/UFget/MM/DIMACS10/delaunay_n18/delaunay_n18.mtx,9.427089
/data/UFget/MM/DIMACS10/mi2010/mi2010.mtx,13.624367
/data/UFget/MM/DIMACS10/coAuthorsCiteseer/coAuthorsCiteseer.mtx,9.559406
/data/UFget/MM/DIMACS10/mo2010/mo2010.mtx,15.591008
/data/UFget/MM/DIMACS10/ny2010/ny2010.mtx,12.458372
/data/UFget/MM/DIMACS10/oh2010/oh2010.mtx,13.926494
/data/UFget/MM/DIMACS10/coAuthorsDBLP/coAuthorsDBLP.mtx,8.829429
/data/UFget/MM/DIMACS10/pa2010/pa2010.mtx,13.110430
/data/UFget/MM/DIMACS10/144/144.mtx,10.754765
/data/UFget/MM/DIMACS10/il2010/il2010.mtx,11.127863
/data/UFget/MM/DIMACS10/citationCiteseer/citationCiteseer.mtx,6.739385
/data/UFget/MM/DIMACS10/fl2010/fl2010.mtx,11.716005
/data/UFget/MM/DIMACS10/vsp_msc10848_300sep_100in_1Kout/vsp_msc10848_300sep_100in_1Kout.mtx,22.951223
/data/UFget/MM/DIMACS10/rgg_n_2_18_s0/rgg_n_2_18_s0.mtx,24.537555
/data/UFget/MM/DIMACS10/belgium_osm/belgium_osm.mtx,7.562775
/data/UFget/MM/DIMACS10/delaunay_n19/delaunay_n19.mtx,10.453013
/data/UFget/MM/DIMACS10/m14b/m14b.mtx,9.685529
/data/UFget/MM/DIMACS10/ca2010/ca2010.mtx,10.457771
/data/UFget/MM/DIMACS10/vsp_bcsstk30_500sep_10in_1Kout/vsp_bcsstk30_500sep_10in_1Kout.mtx,11.537940
/data/UFget/MM/DIMACS10/tx2010/tx2010.mtx,12.023036
/data/UFget/MM/DIMACS10/netherlands_osm/netherlands_osm.mtx,12.746864
/data/UFget/MM/DIMACS10/kron_g500-logn16/kron_g500-logn16.mtx,16.692443
/data/UFget/MM/DIMACS10/NACA0015/NACA0015.mtx,7.538131
/data/UFget/MM/DIMACS10/delaunay_n20/delaunay_n20.mtx,10.831795
/data/UFget/MM/DIMACS10/rgg_n_2_19_s0/rgg_n_2_19_s0.mtx,28.847716
/data/UFget/MM/DIMACS10/auto/auto.mtx,7.119178
/data/UFget/MM/DIMACS10/kron_g500-logn17/kron_g500-logn17.mtx,12.623522
/data/UFget/MM/DIMACS10/delaunay_n21/delaunay_n21.mtx,11.267817
/data/UFget/MM/DIMACS10/hugetrace-00000/hugetrace-00000.mtx,10.676239
/data/UFget/MM/DIMACS10/rgg_n_2_20_s0/rgg_n_2_20_s0.mtx,29.674273
/data/UFget/MM/DIMACS10/italy_osm/italy_osm.mtx,15.846787
/data/UFget/MM/DIMACS10/venturiLevel3/venturiLevel3.mtx,19.576750
/data/UFget/MM/DIMACS10/great-britain_osm/great-britain_osm.mtx,14.023079
/data/UFget/MM/DIMACS10/hugetric-00000/hugetric-00000.mtx,11.670832
/data/UFget/MM/DIMACS10/hugetric-00010/hugetric-00010.mtx,7.179241
/data/UFget/MM/DIMACS10/M6/M6.mtx,6.954751
/data/UFget/MM/DIMACS10/kron_g500-logn18/kron_g500-logn18.mtx,7.869322
/data/UFget/MM/DIMACS10/hugetric-00020/hugetric-00020.mtx,7.238634
/data/UFget/MM/DIMACS10/333SP/333SP.mtx,8.176205
/data/UFget/MM/DIMACS10/AS365/AS365.mtx,6.967606
/data/UFget/MM/DIMACS10/germany_osm/germany_osm.mtx,13.892996
/data/UFget/MM/DIMACS10/NLR/NLR.mtx,6.493783
/data/UFget/MM/DIMACS10/delaunay_n22/delaunay_n22.mtx,12.208898
/data/UFget/MM/DIMACS10/asia_osm/asia_osm.mtx,16.308970
/data/UFget/MM/DIMACS10/adaptive/adaptive.mtx,17.917207
/data/UFget/MM/DIMACS10/rgg_n_2_21_s0/rgg_n_2_21_s0.mtx,30.940544
/data/UFget/MM/DIMACS10/coPapersDBLP/coPapersDBLP.mtx,14.992495
/data/UFget/MM/DIMACS10/coPapersCiteseer/coPapersCiteseer.mtx,17.033612
/data/UFget/MM/DIMACS10/road_central/road_central.mtx,7.127190
/data/UFget/MM/DIMACS10/packing-500x100x100-b050/packing-500x100x100-b050.mtx,37.873834
/data/UFget/MM/DIMACS10/hugetrace-00010/hugetrace-00010.mtx,8.963926
/data/UFget/MM/DIMACS10/kron_g500-logn19/kron_g500-logn19.mtx,6.025203
/data/UFget/MM/DIMACS10/hugetrace-00020/hugetrace-00020.mtx,7.829416
/data/UFget/MM/DIMACS10/delaunay_n23/delaunay_n23.mtx,12.540871
/data/UFget/MM/DIMACS10/hugebubbles-00000/hugebubbles-00000.mtx,11.713683
/data/UFget/MM/DIMACS10/road_usa/road_usa.mtx,12.439914
/data/UFget/MM/DIMACS10/hugebubbles-00010/hugebubbles-00010.mtx,7.058635
/data/UFget/MM/DIMACS10/rgg_n_2_22_s0/rgg_n_2_22_s0.mtx,24.699745
/data/UFget/MM/DIMACS10/hugebubbles-00020/hugebubbles-00020.mtx,7.571217
/data/UFget/MM/DIMACS10/channel-500x100x100-b050/channel-500x100x100-b050.mtx,41.426531
/data/UFget/MM/DIMACS10/kron_g500-logn20/kron_g500-logn20.mtx,5.087964
/data/UFget/MM/DIMACS10/delaunay_n24/delaunay_n24.mtx,12.722010
/data/UFget/MM/DIMACS10/europe_osm/europe_osm.mtx,14.863254
/data/UFget/MM/DIMACS10/rgg_n_2_23_s0/rgg_n_2_23_s0.mtx,18.022994
/data/UFget/MM/DIMACS10/kron_g500-logn21/kron_g500-logn21.mtx,4.826339
/data/UFget/MM/DNVS/crplat2/crplat2.mtx,27.343103
/data/UFget/MM/DNVS/trdheim/trdheim.mtx,36.962938
/data/UFget/MM/DNVS/tsyl201/tsyl201.mtx,32.139045
/data/UFget/MM/DNVS/shipsec8/shipsec8.mtx,35.545174
/data/UFget/MM/DNVS/shipsec1/shipsec1.mtx,36.775883
/data/UFget/MM/DNVS/ship_003/ship_003.mtx,32.717972
/data/UFget/MM/DNVS/ship_001/ship_001.mtx,32.322640
/data/UFget/MM/DNVS/thread/thread.mtx,32.252243
/data/UFget/MM/DNVS/shipsec5/shipsec5.mtx,38.515076
/data/UFget/MM/DNVS/x104/x104.mtx,39.458642
/data/UFget/MM/DNVS/m_t1/m_t1.mtx,39.239752
/data/UFget/MM/DNVS/fcondp2/fcondp2.mtx,36.860142
/data/UFget/MM/DNVS/fullb/fullb.mtx,38.411066
/data/UFget/MM/DNVS/troll/troll.mtx,39.594024
/data/UFget/MM/DNVS/halfb/halfb.mtx,39.258244
/data/UFget/MM/DRIVCAV/cavity17/cavity17.mtx,6.644564
/data/UFget/MM/DRIVCAV/cavity19/cavity19.mtx,6.692026
/data/UFget/MM/DRIVCAV/cavity21/cavity21.mtx,6.573916
/data/UFget/MM/DRIVCAV/cavity23/cavity23.mtx,6.623385
/data/UFget/MM/DRIVCAV/cavity25/cavity25.mtx,6.814795
/data/UFget/MM/DRIVCAV/cavity16/cavity16.mtx,6.753348
/data/UFget/MM/DRIVCAV/cavity18/cavity18.mtx,6.688302
/data/UFget/MM/DRIVCAV/cavity20/cavity20.mtx,6.804895
/data/UFget/MM/DRIVCAV/cavity22/cavity22.mtx,6.618310
/data/UFget/MM/DRIVCAV/cavity24/cavity24.mtx,6.730979
/data/UFget/MM/DRIVCAV/cavity26/cavity26.mtx,6.625767
/data/UFget/MM/Dziekonski/gsm_106857/gsm_106857.mtx,12.769580
/data/UFget/MM/Dziekonski/dielFilterV2clx/dielFilterV2clx.mtx,32.815295
/data/UFget/MM/Dziekonski/dielFilterV3clx/dielFilterV3clx.mtx,31.401273
/data/UFget/MM/Dziekonski/dielFilterV2real/dielFilterV2real.mtx,30.815731
/data/UFget/MM/Dziekonski/dielFilterV3real/dielFilterV3real.mtx,32.821536
/data/UFget/MM/Engwirda/airfoil_2d/airfoil_2d.mtx,9.799917
/data/UFget/MM/FEMLAB/waveguide3D/waveguide3D.mtx,9.488564
/data/UFget/MM/FEMLAB/poisson3Da/poisson3Da.mtx,11.946290
/data/UFget/MM/FEMLAB/sme3Da/sme3Da.mtx,11.447879
/data/UFget/MM/FEMLAB/ns3Da/ns3Da.mtx,24.383537
/data/UFget/MM/FEMLAB/sme3Db/sme3Db.mtx,19.878621
/data/UFget/MM/FEMLAB/poisson3Db/poisson3Db.mtx,12.037095
/data/UFget/MM/FEMLAB/sme3Dc/sme3Dc.mtx,19.069184
/data/UFget/MM/FIDAP/ex35/ex35.mtx,8.567653
/data/UFget/MM/FIDAP/ex19/ex19.mtx,9.409258
/data/UFget/MM/FIDAP/ex40/ex40.mtx,16.251934
/data/UFget/MM/FIDAP/ex11/ex11.mtx,28.313816
/data/UFget/MM/Fluorem/GT01R/GT01R.mtx,15.564429
/data/UFget/MM/Fluorem/PR02R/PR02R.mtx,36.341233
/data/UFget/MM/Fluorem/RM07R/RM07R.mtx,43.345092
/data/UFget/MM/FreeFieldTechnologies/mono_500Hz/mono_500Hz.mtx,18.076415
/data/UFget/MM/Freescale/transient/transient.mtx,14.571472
/data/UFget/MM/Freescale/memchip/memchip.mtx,14.950082
/data/UFget/MM/Freescale/Freescale2/Freescale2.mtx,13.981197
/data/UFget/MM/Freescale/circuit5M_dc/circuit5M_dc.mtx,14.804554
/data/UFget/MM/Freescale/Freescale1/Freescale1.mtx,15.787848
/data/UFget/MM/Freescale/FullChip/FullChip.mtx,15.725579
/data/UFget/MM/Freescale/circuit5M/circuit5M.mtx,29.315213
/data/UFget/MM/Garon/garon2/garon2.mtx,13.750620
/data/UFget/MM/GHS_indef/bloweybl/bloweybl.mtx,4.709669
/data/UFget/MM/GHS_indef/cvxqp3/cvxqp3.mtx,4.639239
/data/UFget/MM/GHS_indef/aug3dcqp/aug3dcqp.mtx,5.206551
/data/UFget/MM/GHS_indef/stokes64/stokes64.mtx,5.609438
/data/UFget/MM/GHS_indef/stokes64s/stokes64s.mtx,5.597218
/data/UFget/MM/GHS_indef/bloweya/bloweya.mtx,6.128319
/data/UFget/MM/GHS_indef/bratu3d/bratu3d.mtx,6.671888
/data/UFget/MM/GHS_indef/brainpc2/brainpc2.mtx,7.149632
/data/UFget/MM/GHS_indef/mario001/mario001.mtx,7.224292
/data/UFget/MM/GHS_indef/spmsrtls/spmsrtls.mtx,8.643649
/data/UFget/MM/GHS_indef/a5esindl/a5esindl.mtx,9.014883
/data/UFget/MM/GHS_indef/dixmaanl/dixmaanl.mtx,10.086170
/data/UFget/MM/GHS_indef/a2nnsnsl/a2nnsnsl.mtx,10.883849
/data/UFget/MM/GHS_indef/ncvxbqp1/ncvxbqp1.mtx,11.137674
/data/UFget/MM/GHS_indef/a0nsdsil/a0nsdsil.mtx,11.513994
/data/UFget/MM/GHS_indef/c-55/c-55.mtx,13.277059
/data/UFget/MM/GHS_indef/ncvxqp5/ncvxqp5.mtx,12.071869
/data/UFget/MM/GHS_indef/helm3d01/helm3d01.mtx,12.182087
/data/UFget/MM/GHS_indef/c-63/c-63.mtx,14.216931
/data/UFget/MM/GHS_indef/cont-201/cont-201.mtx,12.692942
/data/UFget/MM/GHS_indef/c-59/c-59.mtx,14.878197
/data/UFget/MM/GHS_indef/ncvxqp3/ncvxqp3.mtx,13.735463
/data/UFget/MM/GHS_indef/c-58/c-58.mtx,16.214716
/data/UFget/MM/GHS_indef/stokes128/stokes128.mtx,17.100951
/data/UFget/MM/GHS_indef/c-62ghs/c-62ghs.mtx,15.454453
/data/UFget/MM/GHS_indef/k1_san/k1_san.mtx,15.339006
/data/UFget/MM/GHS_indef/c-68/c-68.mtx,11.218036
/data/UFget/MM/GHS_indef/ncvxqp7/ncvxqp7.mtx,13.908464
/data/UFget/MM/GHS_indef/c-69/c-69.mtx,17.639975
/data/UFget/MM/GHS_indef/blockqp1/blockqp1.mtx,20.825933
/data/UFget/MM/GHS_indef/c-70/c-70.mtx,17.962384
/data/UFget/MM/GHS_indef/c-72/c-72.mtx,16.816789
/data/UFget/MM/GHS_indef/olesnik0/olesnik0.mtx,18.942337
/data/UFget/MM/GHS_indef/copter2/copter2.mtx,18.664014
/data/UFget/MM/GHS_indef/c-71/c-71.mtx,19.259772
/data/UFget/MM/GHS_indef/cont-300/cont-300.mtx,20.619184
/data/UFget/MM/GHS_indef/dawson5/dawson5.mtx,23.916074
/data/UFget/MM/GHS_indef/boyd1/boyd1.mtx,19.313412
/data/UFget/MM/GHS_indef/boyd2/boyd2.mtx,20.449456
/data/UFget/MM/GHS_indef/sparsine/sparsine.mtx,13.373405
/data/UFget/MM/GHS_indef/d_pretok/d_pretok.mtx,24.639741
/data/UFget/MM/GHS_indef/turon_m/turon_m.mtx,22.831472
/data/UFget/MM/GHS_indef/darcy003/darcy003.mtx,4.453817
/data/UFget/MM/GHS_indef/mario002/mario002.mtx,10.814783
/data/UFget/MM/GHS_indef/exdata_1/exdata_1.mtx,31.138108
/data/UFget/MM/GHS_indef/helm2d03/helm2d03.mtx,7.814107
/data/UFget/MM/GHS_indef/bmw3_2/bmw3_2.mtx,37.661218
/data/UFget/MM/GHS_psdef/ford1/ford1.mtx,4.370082
/data/UFget/MM/GHS_psdef/pds10/pds10.mtx,6.054371
/data/UFget/MM/GHS_psdef/obstclae/obstclae.mtx,7.094166
/data/UFget/MM/GHS_psdef/torsion1/torsion1.mtx,6.987059
/data/UFget/MM/GHS_psdef/jnlbrng1/jnlbrng1.mtx,7.252999
/data/UFget/MM/GHS_psdef/minsurfo/minsurfo.mtx,7.429562
/data/UFget/MM/GHS_psdef/copter1/copter1.mtx,7.975815
/data/UFget/MM/GHS_psdef/finance256/finance256.mtx,10.637587
/data/UFget/MM/GHS_psdef/pwt/pwt.mtx,11.192964
/data/UFget/MM/GHS_psdef/cvxbqp1/cvxbqp1.mtx,11.030779
/data/UFget/MM/GHS_psdef/wathen100/wathen100.mtx,15.905062
/data/UFget/MM/GHS_psdef/gridgena/gridgena.mtx,15.680201
/data/UFget/MM/GHS_psdef/apache1/apache1.mtx,15.462476
/data/UFget/MM/GHS_psdef/ford2/ford2.mtx,15.002906
/data/UFget/MM/GHS_psdef/wathen120/wathen120.mtx,17.584963
/data/UFget/MM/GHS_psdef/copter2/copter2.mtx,18.255789
/data/UFget/MM/GHS_psdef/opt1/opt1.mtx,33.432124
/data/UFget/MM/GHS_psdef/oilpan/oilpan.mtx,29.818034
/data/UFget/MM/GHS_psdef/vanbody/vanbody.mtx,30.265407
/data/UFget/MM/GHS_psdef/ramage02/ramage02.mtx,30.789703
/data/UFget/MM/GHS_psdef/srb1/srb1.mtx,29.913173
/data/UFget/MM/GHS_psdef/s3dkt3m2/s3dkt3m2.mtx,29.924508
/data/UFget/MM/GHS_psdef/s3dkq4m2/s3dkq4m2.mtx,31.908469
/data/UFget/MM/GHS_psdef/apache2/apache2.mtx,27.924501
/data/UFget/MM/GHS_psdef/bmw7st_1/bmw7st_1.mtx,33.352269
/data/UFget/MM/GHS_psdef/hood/hood.mtx,30.758479
/data/UFget/MM/GHS_psdef/crankseg_1/crankseg_1.mtx,34.158014
/data/UFget/MM/GHS_psdef/bmwcra_1/bmwcra_1.mtx,34.602038
/data/UFget/MM/GHS_psdef/crankseg_2/crankseg_2.mtx,36.853662
/data/UFget/MM/GHS_psdef/inline_1/inline_1.mtx,33.886311
/data/UFget/MM/GHS_psdef/ldoor/ldoor.mtx,40.177538
/data/UFget/MM/GHS_psdef/audikw_1/audikw_1.mtx,38.431720
/data/UFget/MM/Gleich/usroads-48/usroads-48.mtx,9.434484
/data/UFget/MM/Gleich/usroads/usroads.mtx,9.452483
/data/UFget/MM/Gleich/flickr/flickr.mtx,8.312400
/data/UFget/MM/Gleich/wikipedia-20051105/wikipedia-20051105.mtx,7.775344
/data/UFget/MM/Gleich/wikipedia-20060925/wikipedia-20060925.mtx,7.014398
/data/UFget/MM/Gleich/wikipedia-20061104/wikipedia-20061104.mtx,7.102930
/data/UFget/MM/Gleich/wikipedia-20070206/wikipedia-20070206.mtx,6.845683
/data/UFget/MM/Gleich/wb-edu/wb-edu.mtx,30.102620
/data/UFget/MM/Goodwin/goodwin/goodwin.mtx,12.905666
/data/UFget/MM/Goodwin/rim/rim.mtx,27.283996
/data/UFget/MM/Graham/graham1/graham1.mtx,11.973092
/data/UFget/MM/Grund/bayer01/bayer01.mtx,9.816897
/data/UFget/MM/Gupta/gupta1/gupta1.mtx,27.808137
/data/UFget/MM/Gupta/gupta2/gupta2.mtx,28.354230
/data/UFget/MM/Gupta/gupta3/gupta3.mtx,37.957663
/data/UFget/MM/Hamm/bcircuit/bcircuit.mtx,12.074073
/data/UFget/MM/Hamm/hcircuit/hcircuit.mtx,14.198165
/data/UFget/MM/Hamm/scircuit/scircuit.mtx,16.223455
/data/UFget/MM/Hamrle/Hamrle3/Hamrle3.mtx,19.641321
/data/UFget/MM/HB/bcsstk15/bcsstk15.mtx,6.072051
/data/UFget/MM/HB/bcsstk18/bcsstk18.mtx,6.237553
/data/UFget/MM/HB/bcsstk24/bcsstk24.mtx,7.951568
/data/UFget/MM/HB/lock3491/lock3491.mtx,7.504397
/data/UFget/MM/HB/bcsstk28/bcsstk28.mtx,10.275581
/data/UFget/MM/HB/man_5976/man_5976.mtx,9.686689
/data/UFget/MM/HB/bcsstk25/bcsstk25.mtx,9.416897
/data/UFget/MM/HB/cegb2802/cegb2802.mtx,13.281712
/data/UFget/MM/HB/bcsstk16/bcsstk16.mtx,12.643821
/data/UFget/MM/HB/cegb2919/cegb2919.mtx,14.572866
/data/UFget/MM/HB/bcsstk17/bcsstk17.mtx,14.796852
/data/UFget/MM/HB/psmigr_2/psmigr_2.mtx,21.379390
/data/UFget/MM/HB/psmigr_1/psmigr_1.mtx,21.285446
/data/UFget/MM/HB/psmigr_3/psmigr_3.mtx,21.505404
/data/UFget/MM/HB/bcsstk33/bcsstk33.mtx,19.218598
/data/UFget/MM/HB/bcsstk29/bcsstk29.mtx,19.349628
/data/UFget/MM/HB/bcsstk31/bcsstk31.mtx,28.333357
/data/UFget/MM/HB/bcsstk32/bcsstk32.mtx,30.652330
/data/UFget/MM/HB/bcsstk30/bcsstk30.mtx,32.602238
/data/UFget/MM/Hohn/sinc12/sinc12.mtx,12.068569
/data/UFget/MM/Hohn/sinc15/sinc15.mtx,19.120079
/data/UFget/MM/Hohn/sinc18/sinc18.mtx,25.701399
/data/UFget/MM/Hollinger/mark3jac040/mark3jac040.mtx,4.633026
/data/UFget/MM/Hollinger/mark3jac040sc/mark3jac040sc.mtx,4.601079
/data/UFget/MM/Hollinger/g7jac040/g7jac040.mtx,4.509635
/data/UFget/MM/Hollinger/g7jac040sc/g7jac040sc.mtx,4.476975
/data/UFget/MM/Hollinger/jan99jac060/jan99jac060.mtx,5.026361
/data/UFget/MM/Hollinger/jan99jac060sc/jan99jac060sc.mtx,4.967077
/data/UFget/MM/Hollinger/g7jac050sc/g7jac050sc.mtx,5.867127
/data/UFget/MM/Hollinger/jan99jac080/jan99jac080.mtx,6.130274
/data/UFget/MM/Hollinger/jan99jac080sc/jan99jac080sc.mtx,6.293000
/data/UFget/MM/Hollinger/mark3jac060/mark3jac060.mtx,6.598821
/data/UFget/MM/Hollinger/mark3jac060sc/mark3jac060sc.mtx,6.544050
/data/UFget/MM/Hollinger/g7jac060/g7jac060.mtx,7.503404
/data/UFget/MM/Hollinger/g7jac060sc/g7jac060sc.mtx,7.381901
/data/UFget/MM/Hollinger/jan99jac100/jan99jac100.mtx,7.564020
/data/UFget/MM/Hollinger/jan99jac100sc/jan99jac100sc.mtx,7.623726
/data/UFget/MM/Hollinger/mark3jac080/mark3jac080.mtx,8.148671
/data/UFget/MM/Hollinger/mark3jac080sc/mark3jac080sc.mtx,8.267926
/data/UFget/MM/Hollinger/jan99jac120/jan99jac120.mtx,8.778745
/data/UFget/MM/Hollinger/jan99jac120sc/jan99jac120sc.mtx,8.906300
/data/UFget/MM/Hollinger/g7jac080/g7jac080.mtx,10.081654
/data/UFget/MM/Hollinger/g7jac080sc/g7jac080sc.mtx,10.027151
/data/UFget/MM/Hollinger/mark3jac100/mark3jac100.mtx,9.959494
/data/UFget/MM/Hollinger/mark3jac100sc/mark3jac100sc.mtx,9.993168
/data/UFget/MM/Hollinger/mark3jac120/mark3jac120.mtx,11.211595
/data/UFget/MM/Hollinger/mark3jac120sc/mark3jac120sc.mtx,11.267478
/data/UFget/MM/Hollinger/g7jac100/g7jac100.mtx,12.235332
/data/UFget/MM/Hollinger/g7jac100sc/g7jac100sc.mtx,12.119482
/data/UFget/MM/Hollinger/mark3jac140/mark3jac140.mtx,12.509701
/data/UFget/MM/Hollinger/mark3jac140sc/mark3jac140sc.mtx,12.568307
/data/UFget/MM/Hollinger/g7jac120/g7jac120.mtx,14.579185
/data/UFget/MM/Hollinger/g7jac120sc/g7jac120sc.mtx,14.337089
/data/UFget/MM/Hollinger/g7jac140/g7jac140.mtx,7.474573
/data/UFget/MM/Hollinger/g7jac140sc/g7jac140sc.mtx,16.060045
/data/UFget/MM/Hollinger/g7jac160/g7jac160.mtx,17.115867
/data/UFget/MM/Hollinger/g7jac160sc/g7jac160sc.mtx,17.009455
/data/UFget/MM/Hollinger/g7jac180/g7jac180.mtx,19.302225
/data/UFget/MM/Hollinger/g7jac180sc/g7jac180sc.mtx,18.429417
/data/UFget/MM/Hollinger/g7jac200/g7jac200.mtx,20.037927
/data/UFget/MM/Hollinger/g7jac200sc/g7jac200sc.mtx,20.129144
/data/UFget/MM/HVDC/hvdc1/hvdc1.mtx,6.338768
/data/UFget/MM/HVDC/hvdc2/hvdc2.mtx,25.174203
/data/UFget/MM/IBM_EDA/ckt11752_tr_0/ckt11752_tr_0.mtx,11.108558
/data/UFget/MM/IBM_EDA/ckt11752_dc_1/ckt11752_dc_1.mtx,11.254212
/data/UFget/MM/IBM_EDA/trans4/trans4.mtx,17.225866
/data/UFget/MM/IBM_EDA/trans5/trans5.mtx,18.295440
/data/UFget/MM/IBM_EDA/dc1/dc1.mtx,16.894552
/data/UFget/MM/IBM_EDA/dc2/dc2.mtx,18.408820
/data/UFget/MM/IBM_EDA/dc3/dc3.mtx,16.917674
/data/UFget/MM/INPRO/msdoor/msdoor.mtx,31.846601
/data/UFget/MM/IPSO/OPF_3754/OPF_3754.mtx,6.027496
/data/UFget/MM/IPSO/OPF_6000/OPF_6000.mtx,10.348098
/data/UFget/MM/IPSO/OPF_10000/OPF_10000.mtx,13.950071
/data/UFget/MM/IPSO/HTC_336_9129/HTC_336_9129.mtx,19.153196
/data/UFget/MM/IPSO/HTC_336_4438/HTC_336_4438.mtx,10.712897
/data/UFget/MM/IPSO/TSC_OPF_300/TSC_OPF_300.mtx,24.101244
/data/UFget/MM/IPSO/TSC_OPF_1047/TSC_OPF_1047.mtx,28.602048
/data/UFget/MM/Janna/CoupCons3D/CoupCons3D.mtx,41.424613
/data/UFget/MM/Janna/StocF-1465/StocF-1465.mtx,31.160943
/data/UFget/MM/Janna/Transport/Transport.mtx,35.215212
/data/UFget/MM/Janna/Fault_639/Fault_639.mtx,29.412087
/data/UFget/MM/Janna/ML_Laplace/ML_Laplace.mtx,40.025429
/data/UFget/MM/Janna/PFlow_742/PFlow_742.mtx,41.392146
/data/UFget/MM/Janna/Emilia_923/Emilia_923.mtx,37.843286
/data/UFget/MM/Janna/Hook_1498/Hook_1498.mtx,41.898659
/data/UFget/MM/Janna/Geo_1438/Geo_1438.mtx,40.491586
/data/UFget/MM/Janna/Serena/Serena.mtx,41.426052
/data/UFget/MM/Janna/Long_Coup_dt0/Long_Coup_dt0.mtx,42.923458
/data/UFget/MM/Janna/Long_Coup_dt6/Long_Coup_dt6.mtx,43.853554
/data/UFget/MM/Janna/ML_Geer/ML_Geer.mtx,39.687196
/data/UFget/MM/Janna/Flan_1565/Flan_1565.mtx,45.882697
/data/UFget/MM/Janna/Cube_Coup_dt0/Cube_Coup_dt0.mtx,43.950687
/data/UFget/MM/Janna/Cube_Coup_dt6/Cube_Coup_dt6.mtx,44.289227
/data/UFget/MM/Janna/Bump_2911/Bump_2911.mtx,44.056650
/data/UFget/MM/JGD_CAG/CAG_mat1916/CAG_mat1916.mtx,9.781399
/data/UFget/MM/JGD_Homology/m133-b3/m133-b3.mtx,15.999361
/data/UFget/MM/JGD_Homology/shar_te2-b3/shar_te2-b3.mtx,15.506758
/data/UFget/MM/JGD_Homology/ch7-8-b5/ch7-8-b5.mtx,18.701299
/data/UFget/MM/JGD_SPG/EX5/EX5.mtx,11.701757
/data/UFget/MM/JGD_SPG/EX6/EX6.mtx,11.490751
/data/UFget/MM/JGD_Trefethen/Trefethen_20000b/Trefethen_20000b.mtx,17.243379
/data/UFget/MM/JGD_Trefethen/Trefethen_20000/Trefethen_20000.mtx,17.065481
/data/UFget/MM/Kamvar/Stanford/Stanford.mtx,4.854373
/data/UFget/MM/Kamvar/Stanford_Berkeley/Stanford_Berkeley.mtx,23.313487
/data/UFget/MM/Kim/kim1/kim1.mtx,25.382701
/data/UFget/MM/Kim/kim2/kim2.mtx,37.020825
/data/UFget/MM/Koutsovasilis/F2/F2.mtx,27.382368
/data/UFget/MM/Koutsovasilis/F1/F1.mtx,28.781505
/data/UFget/MM/LAW/enron/enron.mtx,8.353794
/data/UFget/MM/LAW/dblp-2010/dblp-2010.mtx,13.664990
/data/UFget/MM/LAW/cnr-2000/cnr-2000.mtx,18.866437
/data/UFget/MM/LAW/amazon-2008/amazon-2008.mtx,14.082990
/data/UFget/MM/LAW/in-2004/in-2004.mtx,28.458759
/data/UFget/MM/LAW/eu-2005/eu-2005.mtx,24.428770
/data/UFget/MM/LAW/ljournal-2008/ljournal-2008.mtx,10.464184
/data/UFget/MM/LAW/hollywood-2009/hollywood-2009.mtx,17.514131
/data/UFget/MM/LAW/indochina-2004/indochina-2004.mtx,11.732897
/data/UFget/MM/Lee/fem_filter/fem_filter.mtx,25.087397
/data/UFget/MM/Lee/fem_hifreq_circuit/fem_hifreq_circuit.mtx,31.510812
/data/UFget/MM/LeGresley/LeGresley_87936/LeGresley_87936.mtx,16.089713
/data/UFget/MM/Li/li/li.mtx,30.899873
/data/UFget/MM/Li/pli/pli.mtx,31.065153
/data/UFget/MM/Lin/Lin/Lin.mtx,24.261403
/data/UFget/MM/Lourakis/bundle1/bundle1.mtx,24.728180
/data/UFget/MM/Mallya/lhr07/lhr07.mtx,6.704277
/data/UFget/MM/Mallya/lhr07c/lhr07c.mtx,6.752292
/data/UFget/MM/Mallya/lhr10/lhr10.mtx,8.825228
/data/UFget/MM/Mallya/lhr11/lhr11.mtx,8.890026
/data/UFget/MM/Mallya/lhr10c/lhr10c.mtx,8.930421
/data/UFget/MM/Mallya/lhr11c/lhr11c.mtx,8.654510
/data/UFget/MM/Mallya/lhr14/lhr14.mtx,11.027618
/data/UFget/MM/Mallya/lhr14c/lhr14c.mtx,11.072436
/data/UFget/MM/Mallya/lhr17/lhr17.mtx,12.196271
/data/UFget/MM/Mallya/lhr17c/lhr17c.mtx,12.534250
/data/UFget/MM/Mallya/lhr34/lhr34.mtx,21.320924
/data/UFget/MM/Mallya/lhr34c/lhr34c.mtx,21.023183
/data/UFget/MM/Mallya/lhr71/lhr71.mtx,28.618367
/data/UFget/MM/Mallya/lhr71c/lhr71c.mtx,28.954572
/data/UFget/MM/Mancktelow/viscorocks/viscorocks.mtx,29.080819
/data/UFget/MM/MathWorks/Muu/Muu.mtx,7.199763
/data/UFget/MM/MathWorks/Kuu/Kuu.mtx,12.902492
/data/UFget/MM/MaxPlanck/shallow_water1/shallow_water1.mtx,12.001172
/data/UFget/MM/MaxPlanck/shallow_water2/shallow_water2.mtx,11.709967
/data/UFget/MM/Mazaheri/bundle_adj/bundle_adj.mtx,36.397229
/data/UFget/MM/McRae/ecology2/ecology2.mtx,25.681444
/data/UFget/MM/McRae/ecology1/ecology1.mtx,25.574872
/data/UFget/MM/Meng/iChem_Jacobian/iChem_Jacobian.mtx,26.325337
/data/UFget/MM/MKS/fp/fp.mtx,25.060262
/data/UFget/MM/Muite/Chebyshev4/Chebyshev4.mtx,30.240682
/data/UFget/MM/Mulvey/finan512/finan512.mtx,16.879678
/data/UFget/MM/Mulvey/pfinan512/pfinan512.mtx,16.581960
/data/UFget/MM/Nasa/shuttle_eddy/shuttle_eddy.mtx,4.670935
/data/UFget/MM/Nasa/nasa4704/nasa4704.mtx,5.271538
/data/UFget/MM/Nasa/nasa2910/nasa2910.mtx,8.809502
/data/UFget/MM/Nasa/skirt/skirt.mtx,7.523305
/data/UFget/MM/Nasa/pwt/pwt.mtx,11.291012
/data/UFget/MM/Nasa/nasasrb/nasasrb.mtx,30.545276
/data/UFget/MM/ND/nd3k/nd3k.mtx,33.075395
/data/UFget/MM/ND/nd6k/nd6k.mtx,38.107876
/data/UFget/MM/ND/nd12k/nd12k.mtx,43.180202
/data/UFget/MM/ND/nd24k/nd24k.mtx,44.707719
/data/UFget/MM/Nemeth/nemeth02/nemeth02.mtx,14.269481
/data/UFget/MM/Nemeth/nemeth03/nemeth03.mtx,14.466071
/data/UFget/MM/Nemeth/nemeth04/nemeth04.mtx,14.582821
/data/UFget/MM/Nemeth/nemeth05/nemeth05.mtx,14.034624
/data/UFget/MM/Nemeth/nemeth06/nemeth06.mtx,14.547625
/data/UFget/MM/Nemeth/nemeth07/nemeth07.mtx,14.533046
/data/UFget/MM/Nemeth/nemeth08/nemeth08.mtx,14.397258
/data/UFget/MM/Nemeth/nemeth09/nemeth09.mtx,14.112110
/data/UFget/MM/Nemeth/nemeth10/nemeth10.mtx,13.963652
/data/UFget/MM/Nemeth/nemeth11/nemeth11.mtx,14.124338
/data/UFget/MM/Nemeth/nemeth12/nemeth12.mtx,15.692967
/data/UFget/MM/Nemeth/nemeth13/nemeth13.mtx,16.684143
/data/UFget/MM/Nemeth/nemeth14/nemeth14.mtx,17.221542
/data/UFget/MM/Nemeth/nemeth15/nemeth15.mtx,18.309545
/data/UFget/MM/Nemeth/nemeth16/nemeth16.mtx,19.452298
/data/UFget/MM/Nemeth/nemeth17/nemeth17.mtx,20.302464
/data/UFget/MM/Nemeth/nemeth18/nemeth18.mtx,21.886449
/data/UFget/MM/Nemeth/nemeth01/nemeth01.mtx,23.166885
/data/UFget/MM/Nemeth/nemeth19/nemeth19.mtx,23.949368
/data/UFget/MM/Nemeth/nemeth20/nemeth20.mtx,26.597791
/data/UFget/MM/Nemeth/nemeth21/nemeth21.mtx,32.551611
/data/UFget/MM/Nemeth/nemeth22/nemeth22.mtx,34.922436
/data/UFget/MM/Nemeth/nemeth24/nemeth24.mtx,36.429254
/data/UFget/MM/Nemeth/nemeth23/nemeth23.mtx,36.508371
/data/UFget/MM/Nemeth/nemeth25/nemeth25.mtx,35.907035
/data/UFget/MM/Nemeth/nemeth26/nemeth26.mtx,34.984322
/data/UFget/MM/Newman/cond-mat-2003/cond-mat-2003.mtx,7.472390
/data/UFget/MM/Newman/astro-ph/astro-ph.mtx,8.213446
/data/UFget/MM/Newman/cond-mat-2005/cond-mat-2005.mtx,9.571160
/data/UFget/MM/Norris/lung2/lung2.mtx,14.048371
/data/UFget/MM/Norris/heart2/heart2.mtx,25.682577
/data/UFget/MM/Norris/heart3/heart3.mtx,26.163812
/data/UFget/MM/Norris/torso2/torso2.mtx,24.753548
/data/UFget/MM/Norris/heart1/heart1.mtx,36.813884
/data/UFget/MM/Norris/stomach/stomach.mtx,24.347120
/data/UFget/MM/Norris/torso3/torso3.mtx,27.294864
/data/UFget/MM/Norris/torso1/torso1.mtx,33.152774
/data/UFget/MM/Oberwolfach/piston/piston.mtx,5.433236
/data/UFget/MM/Oberwolfach/rail_20209/rail_20209.mtx,5.387753
/data/UFget/MM/Oberwolfach/t2dah_a/t2dah_a.mtx,7.155737
/data/UFget/MM/Oberwolfach/t2dah_e/t2dah_e.mtx,7.288706
/data/UFget/MM/Oberwolfach/t2dah/t2dah.mtx,7.243440
/data/UFget/MM/Oberwolfach/chipcool0/chipcool0.mtx,10.103134
/data/UFget/MM/Oberwolfach/chipcool1/chipcool1.mtx,9.978350
/data/UFget/MM/Oberwolfach/inlet/inlet.mtx,12.216215
/data/UFget/MM/Oberwolfach/gyro_m/gyro_m.mtx,11.856750
/data/UFget/MM/Oberwolfach/t3dl_a/t3dl_a.mtx,17.253765
/data/UFget/MM/Oberwolfach/t3dl/t3dl.mtx,17.036136
/data/UFget/MM/Oberwolfach/rail_79841/rail_79841.mtx,15.782124
/data/UFget/MM/Oberwolfach/gyro_k/gyro_k.mtx,26.905529
/data/UFget/MM/Oberwolfach/gyro/gyro.mtx,27.181256
/data/UFget/MM/Oberwolfach/windscreen/windscreen.mtx,31.724485
/data/UFget/MM/Oberwolfach/gas_sensor/gas_sensor.mtx,31.798182
/data/UFget/MM/Oberwolfach/filter3D/filter3D.mtx,23.493394
/data/UFget/MM/Oberwolfach/t3dh_a/t3dh_a.mtx,31.097571
/data/UFget/MM/Oberwolfach/t3dh_e/t3dh_e.mtx,31.111131
/data/UFget/MM/Oberwolfach/t3dh/t3dh.mtx,19.052748
/data/UFget/MM/Oberwolfach/boneS01/boneS01.mtx,35.221576
/data/UFget/MM/Oberwolfach/boneS10/boneS10.mtx,43.497208
/data/UFget/MM/Oberwolfach/bone010/bone010.mtx,45.110128
/data/UFget/MM/Okunbor/aft01/aft01.mtx,5.250774
/data/UFget/MM/Okunbor/aft02/aft02.mtx,2.767328
/data/UFget/MM/Pajek/foldoc/foldoc.mtx,1.622459
/data/UFget/MM/Pajek/Wordnet3/Wordnet3.mtx,0.429016
/data/UFget/MM/Pajek/dictionary28/dictionary28.mtx,1.916207
/data/UFget/MM/Pajek/internet/internet.mtx,5.675075
/data/UFget/MM/Pajek/Reuters911/Reuters911.mtx,9.788931
/data/UFget/MM/Pajek/EAT_SR/EAT_SR.mtx,9.134212
/data/UFget/MM/Pajek/EAT_RS/EAT_RS.mtx,8.303377
/data/UFget/MM/Pajek/HEP-th/HEP-th.mtx,9.759933
/data/UFget/MM/Pajek/HEP-th-new/HEP-th-new.mtx,10.189960
/data/UFget/MM/Pajek/patents_main/patents_main.mtx,6.708440
/data/UFget/MM/Pajek/patents/patents.mtx,4.726401
/data/UFget/MM/PARSEC/SiH4/SiH4.mtx,4.076477
/data/UFget/MM/PARSEC/SiNa/SiNa.mtx,8.586726
/data/UFget/MM/PARSEC/benzene/benzene.mtx,9.140247
/data/UFget/MM/PARSEC/Na5/Na5.mtx,12.707580
/data/UFget/MM/PARSEC/Si5H12/Si5H12.mtx,21.825537
/data/UFget/MM/PARSEC/Si10H16/Si10H16.mtx,23.439516
/data/UFget/MM/PARSEC/SiO/SiO.mtx,26.383705
/data/UFget/MM/PARSEC/H2O/H2O.mtx,25.664538
/data/UFget/MM/PARSEC/GaAsH6/GaAsH6.mtx,26.115767
/data/UFget/MM/PARSEC/Si34H36/Si34H36.mtx,27.422224
/data/UFget/MM/PARSEC/Ga3As3H12/Ga3As3H12.mtx,26.798801
/data/UFget/MM/PARSEC/Ga10As10H30/Ga10As10H30.mtx,27.086811
/data/UFget/MM/PARSEC/CO/CO.mtx,25.119953
/data/UFget/MM/PARSEC/Ge87H76/Ge87H76.mtx,29.237011
/data/UFget/MM/PARSEC/Ge99H100/Ge99H100.mtx,30.693114
/data/UFget/MM/PARSEC/Ga19As19H42/Ga19As19H42.mtx,30.734242
/data/UFget/MM/PARSEC/Si87H76/Si87H76.mtx,27.342914
/data/UFget/MM/PARSEC/SiO2/SiO2.mtx,29.099005
/data/UFget/MM/PARSEC/Si41Ge41H72/Si41Ge41H72.mtx,32.019694
/data/UFget/MM/PARSEC/Ga41As41H72/Ga41As41H72.mtx,30.965107
/data/UFget/MM/POLYFLOW/invextr1_new/invextr1_new.mtx,27.705368
/data/UFget/MM/POLYFLOW/mixtank_new/mixtank_new.mtx,27.264529
/data/UFget/MM/Pothen/shuttle_eddy/shuttle_eddy.mtx,4.631986
/data/UFget/MM/Pothen/barth5/barth5.mtx,4.522505
/data/UFget/MM/Pothen/bodyy4/bodyy4.mtx,4.911903
/data/UFget/MM/Pothen/bodyy5/bodyy5.mtx,5.195138
/data/UFget/MM/Pothen/bodyy6/bodyy6.mtx,5.310057
/data/UFget/MM/Pothen/skirt/skirt.mtx,7.665184
/data/UFget/MM/Pothen/tandem_vtx/tandem_vtx.mtx,9.335618
/data/UFget/MM/Pothen/pwt/pwt.mtx,11.402143
/data/UFget/MM/Pothen/onera_dual/onera_dual.mtx,11.969989
/data/UFget/MM/Pothen/tandem_dual/tandem_dual.mtx,13.273561
/data/UFget/MM/Puri/ABACUS_shell_ud/ABACUS_shell_ud.mtx,8.395320
/data/UFget/MM/Puri/ABACUS_shell_ld/ABACUS_shell_ld.mtx,8.261983
/data/UFget/MM/Puri/ABACUS_shell_md/ABACUS_shell_md.mtx,8.242502
/data/UFget/MM/Puri/ABACUS_shell_hd/ABACUS_shell_hd.mtx,8.224816
/data/UFget/MM/QCD/conf5_0-4x4-10/conf5_0-4x4-10.mtx,5.809718
/data/UFget/MM/QCD/conf5_0-4x4-14/conf5_0-4x4-14.mtx,5.954968
/data/UFget/MM/QCD/conf5_0-4x4-18/conf5_0-4x4-18.mtx,5.981726
/data/UFget/MM/QCD/conf5_0-4x4-22/conf5_0-4x4-22.mtx,6.080081
/data/UFget/MM/QCD/conf5_0-4x4-26/conf5_0-4x4-26.mtx,5.980383
/data/UFget/MM/QCD/conf6_0-4x4-20/conf6_0-4x4-20.mtx,6.038101
/data/UFget/MM/QCD/conf6_0-4x4-30/conf6_0-4x4-30.mtx,5.928448
/data/UFget/MM/QCD/conf5_4-8x8-05/conf5_4-8x8-05.mtx,31.028545
/data/UFget/MM/QCD/conf5_4-8x8-10/conf5_4-8x8-10.mtx,32.394768
/data/UFget/MM/QCD/conf5_4-8x8-15/conf5_4-8x8-15.mtx,32.881540
/data/UFget/MM/QCD/conf5_4-8x8-20/conf5_4-8x8-20.mtx,32.730234
/data/UFget/MM/QCD/conf6_0-8x8-20/conf6_0-8x8-20.mtx,32.221880
/data/UFget/MM/QCD/conf6_0-8x8-30/conf6_0-8x8-30.mtx,30.598391
/data/UFget/MM/QCD/conf6_0-8x8-80/conf6_0-8x8-80.mtx,31.805411
/data/UFget/MM/QLi/crashbasis/crashbasis.mtx,27.191773
/data/UFget/MM/QLi/majorbasis/majorbasis.mtx,26.318879
/data/UFget/MM/QLi/largebasis/largebasis.mtx,27.922381
/data/UFget/MM/Quaglino/viscoplastic2/viscoplastic2.mtx,12.748475
/data/UFget/MM/QY/case9/case9.mtx,6.484028
/data/UFget/MM/QY/case39/case39.mtx,25.941802
/data/UFget/MM/Rajat/rajat09/rajat09.mtx,3.795883
/data/UFget/MM/Rajat/rajat10/rajat10.mtx,4.887309
/data/UFget/MM/Rajat/rajat22/rajat22.mtx,6.951790
/data/UFget/MM/Rajat/rajat26/rajat26.mtx,8.265570
/data/UFget/MM/Rajat/rajat15/rajat15.mtx,13.597566
/data/UFget/MM/Rajat/rajat16/rajat16.mtx,13.173868
/data/UFget/MM/Rajat/rajat18/rajat18.mtx,13.201170
/data/UFget/MM/Rajat/rajat17/rajat17.mtx,15.715452
/data/UFget/MM/Rajat/rajat23/rajat23.mtx,14.716290
/data/UFget/MM/Rajat/rajat20/rajat20.mtx,14.512953
/data/UFget/MM/Rajat/rajat25/rajat25.mtx,14.395766
/data/UFget/MM/Rajat/rajat28/rajat28.mtx,15.912658
/data/UFget/MM/Rajat/Raj1/Raj1.mtx,19.238901
/data/UFget/MM/Rajat/rajat21/rajat21.mtx,12.806323
/data/UFget/MM/Rajat/rajat24/rajat24.mtx,12.892101
/data/UFget/MM/Rajat/rajat29/rajat29.mtx,19.427042
/data/UFget/MM/Rajat/rajat30/rajat30.mtx,17.766626
/data/UFget/MM/Rajat/rajat31/rajat31.mtx,29.433927
/data/UFget/MM/Raju/laminar_duct3D/laminar_duct3D.mtx,27.107178
/data/UFget/MM/Rommes/juba40k/juba40k.mtx,5.488366
/data/UFget/MM/Rommes/bauru5727/bauru5727.mtx,5.612299
/data/UFget/MM/Ronis/xenon1/xenon1.mtx,28.445301
/data/UFget/MM/Ronis/xenon2/xenon2.mtx,28.821897
/data/UFget/MM/Rost/RFdevice/RFdevice.mtx,11.718434
/data/UFget/MM/Rothberg/struct4/struct4.mtx,11.088222
/data/UFget/MM/Rothberg/struct3/struct3.mtx,27.672978
/data/UFget/MM/Rothberg/cfd1/cfd1.mtx,29.999491
/data/UFget/MM/Rothberg/cfd2/cfd2.mtx,27.235665
/data/UFget/MM/Rothberg/3dtube/3dtube.mtx,28.820135
/data/UFget/MM/Rothberg/gearbox/gearbox.mtx,37.596358
/data/UFget/MM/Rudnyi/water_tank/water_tank.mtx,24.072491
/data/UFget/MM/Sandia/mult_dcop_03/mult_dcop_03.mtx,6.064247
/data/UFget/MM/Sandia/mult_dcop_01/mult_dcop_01.mtx,6.658261
/data/UFget/MM/Sandia/mult_dcop_02/mult_dcop_02.mtx,6.757548
/data/UFget/MM/Sandia/ASIC_100ks/ASIC_100ks.mtx,15.647579
/data/UFget/MM/Sandia/ASIC_100k/ASIC_100k.mtx,17.743452
/data/UFget/MM/Sandia/ASIC_320ks/ASIC_320ks.mtx,11.822049
/data/UFget/MM/Sandia/ASIC_680ks/ASIC_680ks.mtx,12.755724
/data/UFget/MM/Sandia/ASIC_320k/ASIC_320k.mtx,12.529335
/data/UFget/MM/Sandia/ASIC_680k/ASIC_680k.mtx,14.395911
/data/UFget/MM/Sanghavi/ecl32/ecl32.mtx,11.442257
/data/UFget/MM/Schenk/nlpkkt80/nlpkkt80.mtx,38.548285
/data/UFget/MM/Schenk/nlpkkt120/nlpkkt120.mtx,42.555437
/data/UFget/MM/Schenk_AFE/af_0_k101/af_0_k101.mtx,38.421422
/data/UFget/MM/Schenk_AFE/af_1_k101/af_1_k101.mtx,39.722283
/data/UFget/MM/Schenk_AFE/af_2_k101/af_2_k101.mtx,39.780490
/data/UFget/MM/Schenk_AFE/af_3_k101/af_3_k101.mtx,39.094980
/data/UFget/MM/Schenk_AFE/af_4_k101/af_4_k101.mtx,39.529972
/data/UFget/MM/Schenk_AFE/af_5_k101/af_5_k101.mtx,40.021834
/data/UFget/MM/Schenk_AFE/af_shell1/af_shell1.mtx,39.766664
/data/UFget/MM/Schenk_AFE/af_shell2/af_shell2.mtx,39.192688
/data/UFget/MM/Schenk_AFE/af_shell3/af_shell3.mtx,40.685981
/data/UFget/MM/Schenk_AFE/af_shell4/af_shell4.mtx,40.798663
/data/UFget/MM/Schenk_AFE/af_shell5/af_shell5.mtx,39.059308
/data/UFget/MM/Schenk_AFE/af_shell6/af_shell6.mtx,40.772844
/data/UFget/MM/Schenk_AFE/af_shell7/af_shell7.mtx,40.447910
/data/UFget/MM/Schenk_AFE/af_shell8/af_shell8.mtx,29.641241
/data/UFget/MM/Schenk_AFE/af_shell9/af_shell9.mtx,40.243939
/data/UFget/MM/Schenk_AFE/af_shell10/af_shell10.mtx,44.281194
/data/UFget/MM/Schenk_IBMNA/c-41/c-41.mtx,4.667630
/data/UFget/MM/Schenk_IBMNA/c-42/c-42.mtx,5.055466
/data/UFget/MM/Schenk_IBMNA/c-39/c-39.mtx,6.470594
/data/UFget/MM/Schenk_IBMNA/c-43/c-43.mtx,5.620824
/data/UFget/MM/Schenk_IBMNA/c-46/c-46.mtx,5.552471
/data/UFget/MM/Schenk_IBMNA/c-49/c-49.mtx,6.416294
/data/UFget/MM/Schenk_IBMNA/c-48/c-48.mtx,6.794861
/data/UFget/MM/Schenk_IBMNA/c-45/c-45.mtx,7.656945
/data/UFget/MM/Schenk_IBMNA/c-50/c-50.mtx,7.615386
/data/UFget/MM/Schenk_IBMNA/c-52/c-52.mtx,7.787335
/data/UFget/MM/Schenk_IBMNA/c-51/c-51.mtx,8.032994
/data/UFget/MM/Schenk_IBMNA/c-47/c-47.mtx,9.000383
/data/UFget/MM/Schenk_IBMNA/c-60/c-60.mtx,10.605360
/data/UFget/MM/Schenk_IBMNA/c-61/c-61.mtx,10.753989
/data/UFget/MM/Schenk_IBMNA/c-53/c-53.mtx,12.573702
/data/UFget/MM/Schenk_IBMNA/c-65/c-65.mtx,11.961183
/data/UFget/MM/Schenk_IBMNA/c-56/c-56.mtx,13.031132
/data/UFget/MM/Schenk_IBMNA/c-54/c-54.mtx,13.670227
/data/UFget/MM/Schenk_IBMNA/c-57/c-57.mtx,13.895883
/data/UFget/MM/Schenk_IBMNA/c-66b/c-66b.mtx,15.323415
/data/UFget/MM/Schenk_IBMNA/c-66/c-66.mtx,15.400500
/data/UFget/MM/Schenk_IBMNA/c-67/c-67.mtx,16.356159
/data/UFget/MM/Schenk_IBMNA/c-67b/c-67b.mtx,16.574798
/data/UFget/MM/Schenk_IBMNA/c-62/c-62.mtx,16.231424
/data/UFget/MM/Schenk_IBMNA/c-64b/c-64b.mtx,20.481654
/data/UFget/MM/Schenk_IBMNA/c-64/c-64.mtx,20.760050
/data/UFget/MM/Schenk_IBMNA/c-73/c-73.mtx,19.996780
/data/UFget/MM/Schenk_IBMNA/c-73b/c-73b.mtx,21.993879
/data/UFget/MM/Schenk_IBMNA/c-big/c-big.mtx,7.795990
/data/UFget/MM/Schenk_IBMSDS/2D_27628_bjtcai/2D_27628_bjtcai.mtx,15.383477
/data/UFget/MM/Schenk_IBMSDS/3D_28984_Tetra/3D_28984_Tetra.mtx,18.967078
/data/UFget/MM/Schenk_IBMSDS/2D_54019_highK/2D_54019_highK.mtx,26.352490
/data/UFget/MM/Schenk_IBMSDS/3D_51448_3D/3D_51448_3D.mtx,24.855563
/data/UFget/MM/Schenk_IBMSDS/ibm_matrix_2/ibm_matrix_2.mtx,26.596104
/data/UFget/MM/Schenk_IBMSDS/matrix-new_3/matrix-new_3.mtx,10.484898
/data/UFget/MM/Schenk_IBMSDS/matrix_9/matrix_9.mtx,12.597380
/data/UFget/MM/Schenk_ISEI/igbt3/igbt3.mtx,8.648151
/data/UFget/MM/Schenk_ISEI/nmos3/nmos3.mtx,13.370247
/data/UFget/MM/Schenk_ISEI/para-10/para-10.mtx,9.260085
/data/UFget/MM/Schenk_ISEI/para-5/para-5.mtx,9.257244
/data/UFget/MM/Schenk_ISEI/para-6/para-6.mtx,9.307057
/data/UFget/MM/Schenk_ISEI/para-7/para-7.mtx,9.271807
/data/UFget/MM/Schenk_ISEI/para-8/para-8.mtx,9.289108
/data/UFget/MM/Schenk_ISEI/para-9/para-9.mtx,9.369516
/data/UFget/MM/Schenk_ISEI/barrier2-1/barrier2-1.mtx,9.419196
/data/UFget/MM/Schenk_ISEI/barrier2-2/barrier2-2.mtx,9.387789
/data/UFget/MM/Schenk_ISEI/barrier2-3/barrier2-3.mtx,9.475915
/data/UFget/MM/Schenk_ISEI/barrier2-4/barrier2-4.mtx,9.498138
/data/UFget/MM/Schenk_ISEI/barrier2-10/barrier2-10.mtx,9.350651
/data/UFget/MM/Schenk_ISEI/barrier2-11/barrier2-11.mtx,9.458712
/data/UFget/MM/Schenk_ISEI/barrier2-12/barrier2-12.mtx,9.323050
/data/UFget/MM/Schenk_ISEI/barrier2-9/barrier2-9.mtx,9.288589
/data/UFget/MM/Schenk_ISEI/para-4/para-4.mtx,9.175953
/data/UFget/MM/Schenk_ISEI/ohne2/ohne2.mtx,9.635144
/data/UFget/MM/Schmid/thermal1/thermal1.mtx,15.669458
/data/UFget/MM/Schmid/thermal2/thermal2.mtx,7.201110
/data/UFget/MM/Shen/shermanACb/shermanACb.mtx,5.575363
/data/UFget/MM/Shen/e40r0100/e40r0100.mtx,18.359656
/data/UFget/MM/Shyy/shyy161/shyy161.mtx,11.519466
/data/UFget/MM/Simon/raefsky6/raefsky6.mtx,6.721359
/data/UFget/MM/Simon/raefsky5/raefsky5.mtx,7.044882
/data/UFget/MM/Simon/raefsky1/raefsky1.mtx,13.436340
/data/UFget/MM/Simon/raefsky2/raefsky2.mtx,13.815126
/data/UFget/MM/Simon/olafu/olafu.mtx,27.759256
/data/UFget/MM/Simon/raefsky4/raefsky4.mtx,31.200869
/data/UFget/MM/Simon/raefsky3/raefsky3.mtx,34.155064
/data/UFget/MM/Simon/venkat25/venkat25.mtx,30.021619
/data/UFget/MM/Simon/venkat50/venkat50.mtx,30.906935
/data/UFget/MM/Simon/venkat01/venkat01.mtx,32.143710
/data/UFget/MM/Simon/bbmat/bbmat.mtx,31.466233
/data/UFget/MM/Simon/appu/appu.mtx,25.752578
/data/UFget/MM/Sinclair/3Dspectralwave2/3Dspectralwave2.mtx,10.197735
/data/UFget/MM/Sinclair/3Dspectralwave/3Dspectralwave.mtx,10.225154
/data/UFget/MM/SNAP/wiki-Vote/wiki-Vote.mtx,4.380886
/data/UFget/MM/SNAP/as-caida/as-caida.mtx,3.983359
/data/UFget/MM/SNAP/p2p-Gnutella31/p2p-Gnutella31.mtx,4.600277
/data/UFget/MM/SNAP/ca-CondMat/ca-CondMat.mtx,6.410150
/data/UFget/MM/SNAP/ca-HepPh/ca-HepPh.mtx,8.044190
/data/UFget/MM/SNAP/cit-HepTh/cit-HepTh.mtx,10.163541
/data/UFget/MM/SNAP/email-Enron/email-Enron.mtx,11.011141
/data/UFget/MM/SNAP/ca-AstroPh/ca-AstroPh.mtx,11.347388
/data/UFget/MM/SNAP/email-EuAll/email-EuAll.mtx,8.029150
/data/UFget/MM/SNAP/cit-HepPh/cit-HepPh.mtx,10.630339
/data/UFget/MM/SNAP/soc-Epinions1/soc-Epinions1.mtx,9.838588
/data/UFget/MM/SNAP/soc-sign-Slashdot081106/soc-sign-Slashdot081106.mtx,9.518611
/data/UFget/MM/SNAP/soc-sign-Slashdot090216/soc-sign-Slashdot090216.mtx,10.023531
/data/UFget/MM/SNAP/soc-sign-Slashdot090221/soc-sign-Slashdot090221.mtx,10.032186
/data/UFget/MM/SNAP/soc-sign-epinions/soc-sign-epinions.mtx,9.758998
/data/UFget/MM/SNAP/soc-Slashdot0811/soc-Slashdot0811.mtx,9.355651
/data/UFget/MM/SNAP/soc-Slashdot0902/soc-Slashdot0902.mtx,11.674481
/data/UFget/MM/SNAP/amazon0302/amazon0302.mtx,6.627828
/data/UFget/MM/SNAP/web-NotreDame/web-NotreDame.mtx,15.164459
/data/UFget/MM/SNAP/web-Stanford/web-Stanford.mtx,6.444081
/data/UFget/MM/SNAP/roadNet-PA/roadNet-PA.mtx,5.708878
/data/UFget/MM/SNAP/amazon0312/amazon0312.mtx,7.188075
/data/UFget/MM/SNAP/amazon0505/amazon0505.mtx,7.357052
/data/UFget/MM/SNAP/amazon0601/amazon0601.mtx,7.602251
/data/UFget/MM/SNAP/roadNet-TX/roadNet-TX.mtx,5.416403
/data/UFget/MM/SNAP/wiki-Talk/wiki-Talk.mtx,3.138011
/data/UFget/MM/SNAP/web-Google/web-Google.mtx,5.614190
/data/UFget/MM/SNAP/roadNet-CA/roadNet-CA.mtx,5.229251
/data/UFget/MM/SNAP/web-BerkStan/web-BerkStan.mtx,8.750226
/data/UFget/MM/SNAP/cit-Patents/cit-Patents.mtx,3.246417
/data/UFget/MM/SNAP/as-Skitter/as-Skitter.mtx,6.675277
/data/UFget/MM/SNAP/soc-LiveJournal1/soc-LiveJournal1.mtx,4.287719
/data/UFget/MM/Sorensen/Linux_call_graph/Linux_call_graph.mtx,9.896954
/data/UFget/MM/Szczerba/Ill_Stokes/Ill_Stokes.mtx,6.848145
/data/UFget/MM/TKK/g3rmt3m3/g3rmt3m3.mtx,9.142713
/data/UFget/MM/TKK/t520/t520.mtx,12.489521
/data/UFget/MM/TKK/cbuckle/cbuckle.mtx,21.562575
/data/UFget/MM/TKK/cyl6/cyl6.mtx,22.766830
/data/UFget/MM/TKK/tube1/tube1.mtx,25.859956
/data/UFget/MM/TKK/tube2/tube2.mtx,25.103359
/data/UFget/MM/TKK/smt/smt.mtx,12.672077
/data/UFget/MM/TKK/s4dkt3m2/s4dkt3m2.mtx,12.311617
/data/UFget/MM/TKK/engine/engine.mtx,10.087861
/data/UFget/MM/Tromble/language/language.mtx,6.957119
/data/UFget/MM/TSOPF/TSOPF_FS_b9_c6/TSOPF_FS_b9_c6.mtx,6.382505
/data/UFget/MM/TSOPF/TSOPF_RS_b162_c1/TSOPF_RS_b162_c1.mtx,9.781603
/data/UFget/MM/TSOPF/TSOPF_RS_b39_c7/TSOPF_RS_b39_c7.mtx,10.136562
/data/UFget/MM/TSOPF/TSOPF_FS_b162_c1/TSOPF_FS_b162_c1.mtx,21.161824
/data/UFget/MM/TSOPF/TSOPF_RS_b162_c3/TSOPF_RS_b162_c3.mtx,20.408949
/data/UFget/MM/TSOPF/TSOPF_RS_b39_c19/TSOPF_RS_b39_c19.mtx,20.543334
/data/UFget/MM/TSOPF/TSOPF_FS_b39_c7/TSOPF_FS_b39_c7.mtx,22.001959
/data/UFget/MM/TSOPF/TSOPF_RS_b162_c4/TSOPF_RS_b162_c4.mtx,23.668395
/data/UFget/MM/TSOPF/TSOPF_RS_b39_c30/TSOPF_RS_b39_c30.mtx,17.867990
/data/UFget/MM/TSOPF/TSOPF_RS_b300_c1/TSOPF_RS_b300_c1.mtx,31.608370
/data/UFget/MM/TSOPF/TSOPF_FS_b162_c3/TSOPF_FS_b162_c3.mtx,27.825536
/data/UFget/MM/TSOPF/TSOPF_FS_b39_c19/TSOPF_FS_b39_c19.mtx,23.459075
/data/UFget/MM/TSOPF/TSOPF_FS_b162_c4/TSOPF_FS_b162_c4.mtx,17.741004
/data/UFget/MM/TSOPF/TSOPF_RS_b300_c2/TSOPF_RS_b300_c2.mtx,7.576364
/data/UFget/MM/TSOPF/TSOPF_FS_b39_c30/TSOPF_FS_b39_c30.mtx,11.577862
/data/UFget/MM/TSOPF/TSOPF_RS_b678_c1/TSOPF_RS_b678_c1.mtx,11.837328
/data/UFget/MM/TSOPF/TSOPF_FS_b300/TSOPF_FS_b300.mtx,11.399634
/data/UFget/MM/TSOPF/TSOPF_FS_b300_c1/TSOPF_FS_b300_c1.mtx,11.426781
/data/UFget/MM/TSOPF/TSOPF_RS_b300_c3/TSOPF_RS_b300_c3.mtx,11.809460
/data/UFget/MM/TSOPF/TSOPF_RS_b2052_c1/TSOPF_RS_b2052_c1.mtx,10.424980
/data/UFget/MM/TSOPF/TSOPF_FS_b300_c2/TSOPF_FS_b300_c2.mtx,10.879983
/data/UFget/MM/TSOPF/TSOPF_RS_b678_c2/TSOPF_RS_b678_c2.mtx,10.715731
/data/UFget/MM/TSOPF/TSOPF_FS_b300_c3/TSOPF_FS_b300_c3.mtx,10.992976
/data/UFget/MM/TSOPF/TSOPF_RS_b2383/TSOPF_RS_b2383.mtx,10.978390
/data/UFget/MM/TSOPF/TSOPF_RS_b2383_c1/TSOPF_RS_b2383_c1.mtx,10.782652
/data/UFget/MM/Um/2cubes_sphere/2cubes_sphere.mtx,16.754365
/data/UFget/MM/Um/offshore/offshore.mtx,9.200142
/data/UFget/MM/UTEP/Dubcova1/Dubcova1.mtx,9.212555
/data/UFget/MM/UTEP/Dubcova2/Dubcova2.mtx,14.961914
/data/UFget/MM/UTEP/Dubcova3/Dubcova3.mtx,9.036668
/data/UFget/MM/vanHeukelum/cage10/cage10.mtx,6.130384
/data/UFget/MM/vanHeukelum/cage11/cage11.mtx,16.909775
/data/UFget/MM/vanHeukelum/cage12/cage12.mtx,15.349625
/data/UFget/MM/vanHeukelum/cage13/cage13.mtx,9.752360
/data/UFget/MM/vanHeukelum/cage14/cage14.mtx,8.816869
/data/UFget/MM/vanHeukelum/cage15/cage15.mtx,7.533596
/data/UFget/MM/VanVelzen/std1_Jac2_db/std1_Jac2_db.mtx,14.685068
/data/UFget/MM/VanVelzen/std1_Jac3_db/std1_Jac3_db.mtx,14.632110
/data/UFget/MM/VanVelzen/Zd_Jac6_db/Zd_Jac6_db.mtx,17.212444
/data/UFget/MM/VanVelzen/Zd_Jac2_db/Zd_Jac2_db.mtx,18.665793
/data/UFget/MM/VanVelzen/Zd_Jac3_db/Zd_Jac3_db.mtx,18.545447
/data/UFget/MM/VanVelzen/std1_Jac2/std1_Jac2.mtx,28.145808
/data/UFget/MM/VanVelzen/std1_Jac3/std1_Jac3.mtx,28.735638
/data/UFget/MM/VanVelzen/Zd_Jac2/Zd_Jac2.mtx,27.385342
/data/UFget/MM/VanVelzen/Zd_Jac6/Zd_Jac6.mtx,29.740257
/data/UFget/MM/VanVelzen/Zd_Jac3/Zd_Jac3.mtx,28.381971
/data/UFget/MM/Vavasis/av41092/av41092.mtx,27.390987
/data/UFget/MM/VDOL/hangGlider_4/hangGlider_4.mtx,6.159030
/data/UFget/MM/VDOL/hangGlider_5/hangGlider_5.mtx,6.374689
/data/UFget/MM/VDOL/lowThrust_4/lowThrust_4.mtx,6.235356
/data/UFget/MM/VDOL/lowThrust_5/lowThrust_5.mtx,7.527807
/data/UFget/MM/VDOL/lowThrust_6/lowThrust_6.mtx,7.568863
/data/UFget/MM/VDOL/lowThrust_7/lowThrust_7.mtx,7.679305
/data/UFget/MM/VDOL/lowThrust_8/lowThrust_8.mtx,7.842352
/data/UFget/MM/VDOL/lowThrust_9/lowThrust_9.mtx,8.134734
/data/UFget/MM/VDOL/lowThrust_10/lowThrust_10.mtx,8.303443
/data/UFget/MM/VDOL/lowThrust_11/lowThrust_11.mtx,8.368270
/data/UFget/MM/VDOL/lowThrust_12/lowThrust_12.mtx,8.281911
/data/UFget/MM/VDOL/lowThrust_13/lowThrust_13.mtx,8.185514
/data/UFget/MM/Wang/wang3/wang3.mtx,6.792080
/data/UFget/MM/Wang/wang4/wang4.mtx,6.541253
/data/UFget/MM/Watson/chem_master1/chem_master1.mtx,7.325857
/data/UFget/MM/Watson/Baumann/Baumann.mtx,19.373457
/data/UFget/MM/Williams/mac_econ_fwd500/mac_econ_fwd500.mtx,23.219018
/data/UFget/MM/Williams/mc2depi/mc2depi.mtx,13.214946
/data/UFget/MM/Williams/cop20k_A/cop20k_A.mtx,9.771461
/data/UFget/MM/Williams/webbase-1M/webbase-1M.mtx,6.494376
/data/UFget/MM/Williams/cant/cant.mtx,7.222898
/data/UFget/MM/Williams/pdb1HYS/pdb1HYS.mtx,11.929662
/data/UFget/MM/Williams/consph/consph.mtx,11.177079
/data/UFget/MM/Wissgott/parabolic_fem/parabolic_fem.mtx,7.611441
/data/UFget/MM/Zaoui/kkt_power/kkt_power.mtx,7.015243
/data/UFget/MM/Zhao/Zhao1/Zhao1.mtx,6.198905
/data/UFget/MM/Zhao/Zhao2/Zhao2.mtx,6.151825
/data/UFget-large/sk-2005/sk-2005.mtx,15.64012365068903
/data/UFget-large/it-2004/it-2004.mtx,26.40187207551296
/data/UFget-large/webbase-2001/webbase-2001.mtx,17.674464
/data/UFget-large/uk-2005/uk-2005.mtx,15.071821
/data/UFget-large/nlpkkt240/nlpkkt240.mtx,13.520542
/data/UFget-large/arabic-2005/arabic-2005.mtx,11.588576
/data/UFget-large/nlpkkt200/nlpkkt200.mtx,28.808211
/data/UFget-large/Queen_4147/Queen_4147.mtx,43.906370
/data/UFget-large/uk-2002/uk-2002.mtx,11.539628
/data/UFget-large/HV15R/HV15R.mtx,11.971797
/data/UFget-large/rgg_n_2_24_s0/rgg_n_2_24_s0.mtx,12.715803
/data/UFget-large/nlpkkt160/nlpkkt160.mtx,13.896965
