/data/UFget/MM/ACUSIM/Pres_Poisson/Pres_Poisson.mtx,13.653113
/data/UFget/MM/AG-Monien/cca/cca.mtx,8.029404
/data/UFget/MM/AG-Monien/shock-9/shock-9.mtx,10.082222
/data/UFget/MM/AG-Monien/ccc/ccc.mtx,10.432921
/data/UFget/MM/AG-Monien/bfly/bfly.mtx,7.045582
/data/UFget/MM/AG-Monien/brack2/brack2.mtx,6.298527
/data/UFget/MM/AG-Monien/wave/wave.mtx,11.815030
/data/UFget/MM/AG-Monien/debr/debr.mtx,6.997875
/data/UFget/MM/AMD/G2_circuit/G2_circuit.mtx,10.439102
/data/UFget/MM/AMD/G3_circuit/G3_circuit.mtx,6.454629
/data/UFget/MM/Andrews/Andrews/Andrews.mtx,6.693420
/data/UFget/MM/Andrianov/lpl1/lpl1.mtx,8.730739
/data/UFget/MM/Andrianov/net25/net25.mtx,11.726074
/data/UFget/MM/Andrianov/fxm4_6/fxm4_6.mtx,14.917549
/data/UFget/MM/Andrianov/ex3sta1/ex3sta1.mtx,9.572487
/data/UFget/MM/Andrianov/pf2177/pf2177.mtx,9.339168
/data/UFget/MM/Andrianov/net50/net50.mtx,11.044753
/data/UFget/MM/Andrianov/net75/net75.mtx,10.898453
/data/UFget/MM/Andrianov/lp1/lp1.mtx,8.405649
/data/UFget/MM/Andrianov/net100/net100.mtx,10.440035
/data/UFget/MM/Andrianov/net4-1/net4-1.mtx,7.719125
/data/UFget/MM/Andrianov/net125/net125.mtx,9.303692
/data/UFget/MM/Andrianov/ins2/ins2.mtx,6.612359
/data/UFget/MM/Andrianov/net150/net150.mtx,8.700891
/data/UFget/MM/Andrianov/pattern1/pattern1.mtx,6.750203
/data/UFget/MM/Andrianov/mip1/mip1.mtx,7.769769
/data/UFget/MM/ATandT/onetone2/onetone2.mtx,14.073618
/data/UFget/MM/ATandT/onetone1/onetone1.mtx,12.342005
/data/UFget/MM/ATandT/twotone/twotone.mtx,13.323229
/data/UFget/MM/ATandT/pre2/pre2.mtx,8.984785
/data/UFget/MM/Averous/epb2/epb2.mtx,14.494954
/data/UFget/MM/Averous/epb3/epb3.mtx,12.211756
/data/UFget/MM/Bai/mhd4800a/mhd4800a.mtx,21.755824
/data/UFget/MM/Bai/af23560/af23560.mtx,14.266374
/data/UFget/MM/Bai/qc2534/qc2534.mtx,12.440241
/data/UFget/MM/Barabasi/NotreDame_www/NotreDame_www.mtx,8.879655
/data/UFget/MM/Belcastro/human_gene2/human_gene2.mtx,6.498561
/data/UFget/MM/Belcastro/human_gene1/human_gene1.mtx,6.234528
/data/UFget/MM/Belcastro/mouse_gene/mouse_gene.mtx,5.317855
/data/UFget/MM/BenElechi/BenElechi1/BenElechi1.mtx,8.137497
/data/UFget/MM/Bindel/ted_B/ted_B.mtx,17.245993
/data/UFget/MM/Bindel/ted_B_unscaled/ted_B_unscaled.mtx,16.388483
/data/UFget/MM/Bindel/ted_A/ted_A.mtx,15.517535
/data/UFget/MM/Bindel/ted_A_unscaled/ted_A_unscaled.mtx,16.237257
/data/UFget/MM/Bindel/ted_AB/ted_AB.mtx,14.650157
/data/UFget/MM/Bindel/ted_AB_unscaled/ted_AB_unscaled.mtx,14.543391
/data/UFget/MM/Bodendiek/CurlCurl_0/CurlCurl_0.mtx,13.942738
/data/UFget/MM/Bodendiek/CurlCurl_1/CurlCurl_1.mtx,11.662471
/data/UFget/MM/Bodendiek/CurlCurl_2/CurlCurl_2.mtx,7.070117
/data/UFget/MM/Bodendiek/CurlCurl_3/CurlCurl_3.mtx,6.986062
/data/UFget/MM/Bodendiek/CurlCurl_4/CurlCurl_4.mtx,6.572049
/data/UFget/MM/Boeing/nasa4704/nasa4704.mtx,17.510355
/data/UFget/MM/Boeing/crystm01/crystm01.mtx,15.165524
/data/UFget/MM/Boeing/nasa2910/nasa2910.mtx,14.562296
/data/UFget/MM/Boeing/crystk01/crystk01.mtx,13.396607
/data/UFget/MM/Boeing/bcsstm36/bcsstm36.mtx,13.718658
/data/UFget/MM/Boeing/crystm02/crystm02.mtx,9.807685
/data/UFget/MM/Boeing/bcsstk38/bcsstk38.mtx,16.211590
/data/UFget/MM/Boeing/crystm03/crystm03.mtx,12.135962
/data/UFget/MM/Boeing/crystk02/crystk02.mtx,15.558381
/data/UFget/MM/Boeing/pcrystk02/pcrystk02.mtx,14.637043
/data/UFget/MM/Boeing/bcsstk37/bcsstk37.mtx,9.856667
/data/UFget/MM/Boeing/msc23052/msc23052.mtx,12.310471
/data/UFget/MM/Boeing/bcsstk36/bcsstk36.mtx,16.209697
/data/UFget/MM/Boeing/msc10848/msc10848.mtx,13.164017
/data/UFget/MM/Boeing/bcsstk35/bcsstk35.mtx,16.079787
/data/UFget/MM/Boeing/crystk03/crystk03.mtx,15.227551
/data/UFget/MM/Boeing/pcrystk03/pcrystk03.mtx,15.175671
/data/UFget/MM/Boeing/bcsstk39/bcsstk39.mtx,16.588946
/data/UFget/MM/Boeing/ct20stif/ct20stif.mtx,15.528338
/data/UFget/MM/Boeing/pct20stif/pct20stif.mtx,15.606546
/data/UFget/MM/Boeing/pwtk/pwtk.mtx,8.227914
/data/UFget/MM/Bomhof/circuit_4/circuit_4.mtx,8.559669
/data/UFget/MM/Botonakis/FEM_3D_thermal1/FEM_3D_thermal1.mtx,15.699351
/data/UFget/MM/Botonakis/thermomech_TC/thermomech_TC.mtx,6.904232
/data/UFget/MM/Botonakis/thermomech_TK/thermomech_TK.mtx,6.920586
/data/UFget/MM/Botonakis/thermomech_dM/thermomech_dM.mtx,5.932613
/data/UFget/MM/Botonakis/thermomech_dK/thermomech_dK.mtx,7.477320
/data/UFget/MM/Botonakis/FEM_3D_thermal2/FEM_3D_thermal2.mtx,14.533918
/data/UFget/MM/Bourchtein/atmosmodd/atmosmodd.mtx,6.520026
/data/UFget/MM/Bourchtein/atmosmodj/atmosmodj.mtx,6.720421
/data/UFget/MM/Bourchtein/atmosmodl/atmosmodl.mtx,6.546939
/data/UFget/MM/Bourchtein/atmosmodm/atmosmodm.mtx,6.518346
/data/UFget/MM/Bova/rma10/rma10.mtx,15.971614
/data/UFget/MM/Brethour/coater2/coater2.mtx,14.448140
/data/UFget/MM/Castrillon/denormal/denormal.mtx,14.676022
/data/UFget/MM/CEMW/vfem/vfem.mtx,12.645884
/data/UFget/MM/CEMW/tmt_unsym/tmt_unsym.mtx,9.306764
/data/UFget/MM/CEMW/t2em/t2em.mtx,9.253437
/data/UFget/MM/CEMW/tmt_sym/tmt_sym.mtx,9.233499
/data/UFget/MM/Chen/pkustk02/pkustk02.mtx,15.109050
/data/UFget/MM/Chen/pkustk01/pkustk01.mtx,14.719508
/data/UFget/MM/Chen/pkustk09/pkustk09.mtx,15.436034
/data/UFget/MM/Chen/pkustk05/pkustk05.mtx,15.307666
/data/UFget/MM/Chen/pkustk07/pkustk07.mtx,13.232568
/data/UFget/MM/Chen/pkustk06/pkustk06.mtx,15.483320
/data/UFget/MM/Chen/pkustk03/pkustk03.mtx,15.636702
/data/UFget/MM/Chen/pkustk08/pkustk08.mtx,12.903887
/data/UFget/MM/Chen/pkustk04/pkustk04.mtx,12.169554
/data/UFget/MM/Chen/pkustk10/pkustk10.mtx,12.978112
/data/UFget/MM/Chen/pkustk11/pkustk11.mtx,10.964820
/data/UFget/MM/Chen/pkustk13/pkustk13.mtx,9.309095
/data/UFget/MM/Chen/pkustk12/pkustk12.mtx,8.159780
/data/UFget/MM/Chen/pkustk14/pkustk14.mtx,7.579467
/data/UFget/MM/Chevron/Chevron1/Chevron1.mtx,14.683727
/data/UFget/MM/Chevron/Chevron2/Chevron2.mtx,13.662086
/data/UFget/MM/Chevron/Chevron3/Chevron3.mtx,13.243568
/data/UFget/MM/Chevron/Chevron4/Chevron4.mtx,8.958265
/data/UFget/MM/Cote/mplate/mplate.mtx,12.461561
/data/UFget/MM/Cote/vibrobox/vibrobox.mtx,9.956777
/data/UFget/MM/CPM/cz10228/cz10228.mtx,17.753113
/data/UFget/MM/CPM/cz20468/cz20468.mtx,16.322438
/data/UFget/MM/CPM/cz40948/cz40948.mtx,13.291639
/data/UFget/MM/Cunningham/k3plates/k3plates.mtx,16.749862
/data/UFget/MM/Cunningham/qa8fk/qa8fk.mtx,8.730262
/data/UFget/MM/Cunningham/qa8fm/qa8fm.mtx,9.326374
/data/UFget/MM/Cylshell/s3rmt3m3/s3rmt3m3.mtx,11.946166
/data/UFget/MM/Cylshell/s1rmt3m1/s1rmt3m1.mtx,15.308256
/data/UFget/MM/Cylshell/s3rmt3m1/s3rmt3m1.mtx,12.563526
/data/UFget/MM/Cylshell/s2rmt3m1/s2rmt3m1.mtx,15.780727
/data/UFget/MM/Cylshell/s1rmq4m1/s1rmq4m1.mtx,11.558441
/data/UFget/MM/Cylshell/s3rmq4m1/s3rmq4m1.mtx,16.331764
/data/UFget/MM/Cylshell/s2rmq4m1/s2rmq4m1.mtx,15.085661
/data/UFget/MM/Dehghani/light_in_tissue/light_in_tissue.mtx,10.231305
/data/UFget/MM/DIMACS10/vsp_p0291_seymourl_iiasa/vsp_p0291_seymourl_iiasa.mtx,7.680916
/data/UFget/MM/DIMACS10/vsp_data_and_seymourl/vsp_data_and_seymourl.mtx,5.075138
/data/UFget/MM/DIMACS10/de2010/de2010.mtx,7.105674
/data/UFget/MM/DIMACS10/hi2010/hi2010.mtx,6.835433
/data/UFget/MM/DIMACS10/vsp_c-30_data_data/vsp_c-30_data_data.mtx,5.779892
/data/UFget/MM/DIMACS10/ri2010/ri2010.mtx,6.969274
/data/UFget/MM/DIMACS10/wing_nodal/wing_nodal.mtx,8.055677
/data/UFget/MM/DIMACS10/vt2010/vt2010.mtx,8.315381
/data/UFget/MM/DIMACS10/t60k/t60k.mtx,9.522530
/data/UFget/MM/DIMACS10/vsp_befref_fxm_2_4_air02/vsp_befref_fxm_2_4_air02.mtx,8.052630
/data/UFget/MM/DIMACS10/delaunay_n15/delaunay_n15.mtx,8.695500
/data/UFget/MM/DIMACS10/vsp_barth5_1Ksep_50in_5Kout/vsp_barth5_1Ksep_50in_5Kout.mtx,6.322008
/data/UFget/MM/DIMACS10/ak2010/ak2010.mtx,8.571928
/data/UFget/MM/DIMACS10/nh2010/nh2010.mtx,8.712314
/data/UFget/MM/DIMACS10/luxembourg_osm/luxembourg_osm.mtx,3.977326
/data/UFget/MM/DIMACS10/wing/wing.mtx,5.547365
/data/UFget/MM/DIMACS10/vsp_sctap1-2b_and_seymourl/vsp_sctap1-2b_and_seymourl.mtx,7.284039
/data/UFget/MM/DIMACS10/rgg_n_2_15_s0/rgg_n_2_15_s0.mtx,11.672887
/data/UFget/MM/DIMACS10/fe_body/fe_body.mtx,6.401196
/data/UFget/MM/DIMACS10/me2010/me2010.mtx,8.687808
/data/UFget/MM/DIMACS10/ct2010/ct2010.mtx,7.518795
/data/UFget/MM/DIMACS10/vsp_south31_slptsk/vsp_south31_slptsk.mtx,8.175327
/data/UFget/MM/DIMACS10/vsp_model1_crew1_cr42_south31/vsp_model1_crew1_cr42_south31.mtx,7.818280
/data/UFget/MM/DIMACS10/delaunay_n16/delaunay_n16.mtx,8.054486
/data/UFget/MM/DIMACS10/sd2010/sd2010.mtx,9.618610
/data/UFget/MM/DIMACS10/nv2010/nv2010.mtx,7.490081
/data/UFget/MM/DIMACS10/wy2010/wy2010.mtx,9.124215
/data/UFget/MM/DIMACS10/vsp_c-60_data_cti_cs4/vsp_c-60_data_cti_cs4.mtx,8.569403
/data/UFget/MM/DIMACS10/ut2010/ut2010.mtx,8.597394
/data/UFget/MM/DIMACS10/vsp_bump2_e18_aa01_model1_crew1/vsp_bump2_e18_aa01_model1_crew1.mtx,7.414783
/data/UFget/MM/DIMACS10/nd2010/nd2010.mtx,9.249224
/data/UFget/MM/DIMACS10/mt2010/mt2010.mtx,8.839088
/data/UFget/MM/DIMACS10/wv2010/wv2010.mtx,9.157254
/data/UFget/MM/DIMACS10/rgg_n_2_16_s0/rgg_n_2_16_s0.mtx,12.094458
/data/UFget/MM/DIMACS10/md2010/md2010.mtx,5.418616
/data/UFget/MM/DIMACS10/id2010/id2010.mtx,9.105530
/data/UFget/MM/DIMACS10/ma2010/ma2010.mtx,7.772676
/data/UFget/MM/DIMACS10/vsp_mod2_pgp2_slptsk/vsp_mod2_pgp2_slptsk.mtx,6.803459
/data/UFget/MM/DIMACS10/delaunay_n17/delaunay_n17.mtx,8.065114
/data/UFget/MM/DIMACS10/ky2010/ky2010.mtx,8.283091
/data/UFget/MM/DIMACS10/fe_ocean/fe_ocean.mtx,9.866459
/data/UFget/MM/DIMACS10/nj2010/nj2010.mtx,8.402855
/data/UFget/MM/DIMACS10/nm2010/nm2010.mtx,7.884700
/data/UFget/MM/DIMACS10/ms2010/ms2010.mtx,9.060720
/data/UFget/MM/DIMACS10/vsp_vibrobox_scagr7-2c_rlfddd/vsp_vibrobox_scagr7-2c_rlfddd.mtx,7.310713
/data/UFget/MM/DIMACS10/sc2010/sc2010.mtx,8.817636
/data/UFget/MM/DIMACS10/ar2010/ar2010.mtx,9.026094
/data/UFget/MM/DIMACS10/fe_tooth/fe_tooth.mtx,9.617181
/data/UFget/MM/DIMACS10/ne2010/ne2010.mtx,9.255998
/data/UFget/MM/DIMACS10/wa2010/wa2010.mtx,7.218589
/data/UFget/MM/DIMACS10/co2010/co2010.mtx,8.648682
/data/UFget/MM/DIMACS10/or2010/or2010.mtx,8.412481
/data/UFget/MM/DIMACS10/la2010/la2010.mtx,5.729543
/data/UFget/MM/DIMACS10/preferentialAttachment/preferentialAttachment.mtx,5.782573
/data/UFget/MM/DIMACS10/smallworld/smallworld.mtx,10.086739
/data/UFget/MM/DIMACS10/G_n_pin_pout/G_n_pin_pout.mtx,7.083012
/data/UFget/MM/DIMACS10/ia2010/ia2010.mtx,5.497341
/data/UFget/MM/DIMACS10/vsp_finan512_scagr7-2c_rlfddd/vsp_finan512_scagr7-2c_rlfddd.mtx,7.308364
/data/UFget/MM/DIMACS10/ks2010/ks2010.mtx,9.114995
/data/UFget/MM/DIMACS10/tn2010/tn2010.mtx,9.019345
/data/UFget/MM/DIMACS10/az2010/az2010.mtx,6.816243
/data/UFget/MM/DIMACS10/wi2010/wi2010.mtx,9.058267
/data/UFget/MM/DIMACS10/caidaRouterLevel/caidaRouterLevel.mtx,5.286503
/data/UFget/MM/DIMACS10/mn2010/mn2010.mtx,9.025469
/data/UFget/MM/DIMACS10/al2010/al2010.mtx,8.341451
/data/UFget/MM/DIMACS10/ok2010/ok2010.mtx,8.854807
/data/UFget/MM/DIMACS10/in2010/in2010.mtx,6.087713
/data/UFget/MM/DIMACS10/fe_rotor/fe_rotor.mtx,8.248858
/data/UFget/MM/DIMACS10/va2010/va2010.mtx,8.052454
/data/UFget/MM/DIMACS10/nc2010/nc2010.mtx,8.926844
/data/UFget/MM/DIMACS10/ga2010/ga2010.mtx,9.176760
/data/UFget/MM/DIMACS10/rgg_n_2_17_s0/rgg_n_2_17_s0.mtx,11.456404
/data/UFget/MM/DIMACS10/598a/598a.mtx,5.529474
/data/UFget/MM/DIMACS10/delaunay_n18/delaunay_n18.mtx,7.369686
/data/UFget/MM/DIMACS10/mi2010/mi2010.mtx,8.435550
/data/UFget/MM/DIMACS10/coAuthorsCiteseer/coAuthorsCiteseer.mtx,6.944401
/data/UFget/MM/DIMACS10/mo2010/mo2010.mtx,8.897705
/data/UFget/MM/DIMACS10/ny2010/ny2010.mtx,8.557645
/data/UFget/MM/DIMACS10/oh2010/oh2010.mtx,8.910319
/data/UFget/MM/DIMACS10/coAuthorsDBLP/coAuthorsDBLP.mtx,6.011460
/data/UFget/MM/DIMACS10/pa2010/pa2010.mtx,8.387434
/data/UFget/MM/DIMACS10/144/144.mtx,5.865233
/data/UFget/MM/DIMACS10/il2010/il2010.mtx,7.226632
/data/UFget/MM/DIMACS10/citationCiteseer/citationCiteseer.mtx,4.160440
/data/UFget/MM/DIMACS10/fl2010/fl2010.mtx,8.074894
/data/UFget/MM/DIMACS10/vsp_msc10848_300sep_100in_1Kout/vsp_msc10848_300sep_100in_1Kout.mtx,7.086816
/data/UFget/MM/DIMACS10/rgg_n_2_18_s0/rgg_n_2_18_s0.mtx,12.047251
/data/UFget/MM/DIMACS10/belgium_osm/belgium_osm.mtx,5.114962
/data/UFget/MM/DIMACS10/delaunay_n19/delaunay_n19.mtx,6.746302
/data/UFget/MM/DIMACS10/m14b/m14b.mtx,5.427117
/data/UFget/MM/DIMACS10/ca2010/ca2010.mtx,6.462083
/data/UFget/MM/DIMACS10/vsp_bcsstk30_500sep_10in_1Kout/vsp_bcsstk30_500sep_10in_1Kout.mtx,5.333073
/data/UFget/MM/DIMACS10/tx2010/tx2010.mtx,5.720305
/data/UFget/MM/DIMACS10/netherlands_osm/netherlands_osm.mtx,5.106226
/data/UFget/MM/DIMACS10/kron_g500-logn16/kron_g500-logn16.mtx,6.276185
/data/UFget/MM/DIMACS10/NACA0015/NACA0015.mtx,3.230127
/data/UFget/MM/DIMACS10/delaunay_n20/delaunay_n20.mtx,5.228684
/data/UFget/MM/DIMACS10/rgg_n_2_19_s0/rgg_n_2_19_s0.mtx,8.474500
/data/UFget/MM/DIMACS10/auto/auto.mtx,3.855472
/data/UFget/MM/DIMACS10/kron_g500-logn17/kron_g500-logn17.mtx,4.240346
/data/UFget/MM/DIMACS10/delaunay_n21/delaunay_n21.mtx,4.275285
/data/UFget/MM/DIMACS10/hugetrace-00000/hugetrace-00000.mtx,3.792989
/data/UFget/MM/DIMACS10/rgg_n_2_20_s0/rgg_n_2_20_s0.mtx,6.944456
/data/UFget/MM/DIMACS10/italy_osm/italy_osm.mtx,4.657345
/data/UFget/MM/DIMACS10/venturiLevel3/venturiLevel3.mtx,5.243538
/data/UFget/MM/DIMACS10/great-britain_osm/great-britain_osm.mtx,3.953566
/data/UFget/MM/DIMACS10/hugetric-00000/hugetric-00000.mtx,3.713510
/data/UFget/MM/DIMACS10/hugetric-00010/hugetric-00010.mtx,2.848798
/data/UFget/MM/DIMACS10/M6/M6.mtx,2.072992
/data/UFget/MM/DIMACS10/kron_g500-logn18/kron_g500-logn18.mtx,3.367510
/data/UFget/MM/DIMACS10/hugetric-00020/hugetric-00020.mtx,2.801039
/data/UFget/MM/DIMACS10/333SP/333SP.mtx,2.980078
/data/UFget/MM/DIMACS10/AS365/AS365.mtx,2.158985
/data/UFget/MM/DIMACS10/germany_osm/germany_osm.mtx,3.684052
/data/UFget/MM/DIMACS10/NLR/NLR.mtx,2.080871
/data/UFget/MM/DIMACS10/delaunay_n22/delaunay_n22.mtx,4.082505
/data/UFget/MM/DIMACS10/asia_osm/asia_osm.mtx,4.428031
/data/UFget/MM/DIMACS10/adaptive/adaptive.mtx,3.639445
/data/UFget/MM/DIMACS10/rgg_n_2_21_s0/rgg_n_2_21_s0.mtx,6.593143
/data/UFget/MM/DIMACS10/coPapersDBLP/coPapersDBLP.mtx,5.511534
/data/UFget/MM/DIMACS10/coPapersCiteseer/coPapersCiteseer.mtx,6.396979
/data/UFget/MM/DIMACS10/road_central/road_central.mtx,1.933948
/data/UFget/MM/DIMACS10/packing-500x100x100-b050/packing-500x100x100-b050.mtx,7.250332
/data/UFget/MM/DIMACS10/hugetrace-00010/hugetrace-00010.mtx,3.094669
/data/UFget/MM/DIMACS10/kron_g500-logn19/kron_g500-logn19.mtx,2.516985
/data/UFget/MM/DIMACS10/hugetrace-00020/hugetrace-00020.mtx,2.837636
/data/UFget/MM/DIMACS10/delaunay_n23/delaunay_n23.mtx,3.966480
/data/UFget/MM/DIMACS10/hugebubbles-00000/hugebubbles-00000.mtx,2.980873
/data/UFget/MM/DIMACS10/road_usa/road_usa.mtx,3.630490
/data/UFget/MM/DIMACS10/hugebubbles-00010/hugebubbles-00010.mtx,2.208004
/data/UFget/MM/DIMACS10/rgg_n_2_22_s0/rgg_n_2_22_s0.mtx,6.386342
/data/UFget/MM/DIMACS10/hugebubbles-00020/hugebubbles-00020.mtx,2.224708
/data/UFget/MM/DIMACS10/channel-500x100x100-b050/channel-500x100x100-b050.mtx,7.090172
/data/UFget/MM/DIMACS10/kron_g500-logn20/kron_g500-logn20.mtx,2.006412
/data/UFget/MM/DIMACS10/delaunay_n24/delaunay_n24.mtx,3.915823
/data/UFget/MM/DIMACS10/europe_osm/europe_osm.mtx,3.692287
/data/UFget/MM/DIMACS10/rgg_n_2_23_s0/rgg_n_2_23_s0.mtx,6.463811
/data/UFget/MM/DIMACS10/kron_g500-logn21/kron_g500-logn21.mtx,1.689349
/data/UFget/MM/DNVS/crplat2/crplat2.mtx,15.513184
/data/UFget/MM/DNVS/trdheim/trdheim.mtx,15.844738
/data/UFget/MM/DNVS/tsyl201/tsyl201.mtx,14.249476
/data/UFget/MM/DNVS/shipsec8/shipsec8.mtx,7.988511
/data/UFget/MM/DNVS/shipsec1/shipsec1.mtx,8.652262
/data/UFget/MM/DNVS/ship_003/ship_003.mtx,8.633792
/data/UFget/MM/DNVS/ship_001/ship_001.mtx,12.143162
/data/UFget/MM/DNVS/thread/thread.mtx,11.701786
/data/UFget/MM/DNVS/shipsec5/shipsec5.mtx,7.995020
/data/UFget/MM/DNVS/x104/x104.mtx,8.056046
/data/UFget/MM/DNVS/m_t1/m_t1.mtx,7.289208
/data/UFget/MM/DNVS/fcondp2/fcondp2.mtx,7.967477
/data/UFget/MM/DNVS/fullb/fullb.mtx,7.757887
/data/UFget/MM/DNVS/troll/troll.mtx,8.191438
/data/UFget/MM/DNVS/halfb/halfb.mtx,7.757526
/data/UFget/MM/DRIVCAV/cavity17/cavity17.mtx,19.178036
/data/UFget/MM/DRIVCAV/cavity19/cavity19.mtx,15.014630
/data/UFget/MM/DRIVCAV/cavity21/cavity21.mtx,18.933296
/data/UFget/MM/DRIVCAV/cavity23/cavity23.mtx,16.393243
/data/UFget/MM/DRIVCAV/cavity25/cavity25.mtx,17.976582
/data/UFget/MM/DRIVCAV/cavity16/cavity16.mtx,19.133168
/data/UFget/MM/DRIVCAV/cavity18/cavity18.mtx,16.203508
/data/UFget/MM/DRIVCAV/cavity20/cavity20.mtx,12.810147
/data/UFget/MM/DRIVCAV/cavity22/cavity22.mtx,19.047844
/data/UFget/MM/DRIVCAV/cavity24/cavity24.mtx,18.694202
/data/UFget/MM/DRIVCAV/cavity26/cavity26.mtx,17.639435
/data/UFget/MM/Dziekonski/gsm_106857/gsm_106857.mtx,2.893251
/data/UFget/MM/Dziekonski/dielFilterV2clx/dielFilterV2clx.mtx,6.018283
/data/UFget/MM/Dziekonski/dielFilterV3clx/dielFilterV3clx.mtx,6.303944
/data/UFget/MM/Dziekonski/dielFilterV2real/dielFilterV2real.mtx,5.822361
/data/UFget/MM/Dziekonski/dielFilterV3real/dielFilterV3real.mtx,5.898792
/data/UFget/MM/Engwirda/airfoil_2d/airfoil_2d.mtx,12.866940
/data/UFget/MM/FEMLAB/waveguide3D/waveguide3D.mtx,8.230459
/data/UFget/MM/FEMLAB/poisson3Da/poisson3Da.mtx,8.838320
/data/UFget/MM/FEMLAB/sme3Da/sme3Da.mtx,9.149817
/data/UFget/MM/FEMLAB/ns3Da/ns3Da.mtx,7.723170
/data/UFget/MM/FEMLAB/sme3Db/sme3Db.mtx,7.414969
/data/UFget/MM/FEMLAB/poisson3Db/poisson3Db.mtx,6.165098
/data/UFget/MM/FEMLAB/sme3Dc/sme3Dc.mtx,6.294904
/data/UFget/MM/FIDAP/ex35/ex35.mtx,15.154247
/data/UFget/MM/FIDAP/ex19/ex19.mtx,14.949530
/data/UFget/MM/FIDAP/ex40/ex40.mtx,17.127830
/data/UFget/MM/FIDAP/ex11/ex11.mtx,15.773888
/data/UFget/MM/Fluorem/GT01R/GT01R.mtx,15.374685
/data/UFget/MM/Fluorem/PR02R/PR02R.mtx,8.134736
/data/UFget/MM/Fluorem/RM07R/RM07R.mtx,7.481132
/data/UFget/MM/FreeFieldTechnologies/mono_500Hz/mono_500Hz.mtx,5.835246
/data/UFget/MM/Freescale/transient/transient.mtx,7.781621
/data/UFget/MM/Freescale/memchip/memchip.mtx,5.059697
/data/UFget/MM/Freescale/Freescale2/Freescale2.mtx,5.722263
/data/UFget/MM/Freescale/circuit5M_dc/circuit5M_dc.mtx,4.756896
/data/UFget/MM/Freescale/Freescale1/Freescale1.mtx,4.406848
/data/UFget/MM/Freescale/FullChip/FullChip.mtx,4.058048
/data/UFget/MM/Freescale/circuit5M/circuit5M.mtx,4.467728
/data/UFget/MM/Garon/garon2/garon2.mtx,11.066338
/data/UFget/MM/GHS_indef/bloweybl/bloweybl.mtx,10.464288
/data/UFget/MM/GHS_indef/cvxqp3/cvxqp3.mtx,7.015244
/data/UFget/MM/GHS_indef/aug3dcqp/aug3dcqp.mtx,5.094465
/data/UFget/MM/GHS_indef/stokes64/stokes64.mtx,10.949501
/data/UFget/MM/GHS_indef/stokes64s/stokes64s.mtx,11.727686
/data/UFget/MM/GHS_indef/bloweya/bloweya.mtx,11.580291
/data/UFget/MM/GHS_indef/bratu3d/bratu3d.mtx,12.270145
/data/UFget/MM/GHS_indef/brainpc2/brainpc2.mtx,5.044039
/data/UFget/MM/GHS_indef/mario001/mario001.mtx,8.219828
/data/UFget/MM/GHS_indef/spmsrtls/spmsrtls.mtx,15.189639
/data/UFget/MM/GHS_indef/a5esindl/a5esindl.mtx,10.062382
/data/UFget/MM/GHS_indef/dixmaanl/dixmaanl.mtx,10.118458
/data/UFget/MM/GHS_indef/a2nnsnsl/a2nnsnsl.mtx,9.455356
/data/UFget/MM/GHS_indef/ncvxbqp1/ncvxbqp1.mtx,6.891258
/data/UFget/MM/GHS_indef/a0nsdsil/a0nsdsil.mtx,9.688029
/data/UFget/MM/GHS_indef/c-55/c-55.mtx,9.699552
/data/UFget/MM/GHS_indef/ncvxqp5/ncvxqp5.mtx,6.510440
/data/UFget/MM/GHS_indef/helm3d01/helm3d01.mtx,8.062040
/data/UFget/MM/GHS_indef/c-63/c-63.mtx,9.844913
/data/UFget/MM/GHS_indef/cont-201/cont-201.mtx,12.512425
/data/UFget/MM/GHS_indef/c-59/c-59.mtx,9.533211
/data/UFget/MM/GHS_indef/ncvxqp3/ncvxqp3.mtx,7.626300
/data/UFget/MM/GHS_indef/c-58/c-58.mtx,10.330970
/data/UFget/MM/GHS_indef/stokes128/stokes128.mtx,12.318531
/data/UFget/MM/GHS_indef/c-62ghs/c-62ghs.mtx,9.553598
/data/UFget/MM/GHS_indef/k1_san/k1_san.mtx,6.445994
/data/UFget/MM/GHS_indef/c-68/c-68.mtx,9.064582
/data/UFget/MM/GHS_indef/ncvxqp7/ncvxqp7.mtx,7.018958
/data/UFget/MM/GHS_indef/c-69/c-69.mtx,9.531796
/data/UFget/MM/GHS_indef/blockqp1/blockqp1.mtx,8.925982
/data/UFget/MM/GHS_indef/c-70/c-70.mtx,9.418782
/data/UFget/MM/GHS_indef/c-72/c-72.mtx,8.650232
/data/UFget/MM/GHS_indef/olesnik0/olesnik0.mtx,6.273795
/data/UFget/MM/GHS_indef/copter2/copter2.mtx,10.252778
/data/UFget/MM/GHS_indef/c-71/c-71.mtx,8.796137
/data/UFget/MM/GHS_indef/cont-300/cont-300.mtx,7.084875
/data/UFget/MM/GHS_indef/dawson5/dawson5.mtx,15.179369
/data/UFget/MM/GHS_indef/boyd1/boyd1.mtx,5.779160
/data/UFget/MM/GHS_indef/boyd2/boyd2.mtx,9.483303
/data/UFget/MM/GHS_indef/sparsine/sparsine.mtx,6.686845
/data/UFget/MM/GHS_indef/d_pretok/d_pretok.mtx,11.095070
/data/UFget/MM/GHS_indef/turon_m/turon_m.mtx,10.677487
/data/UFget/MM/GHS_indef/darcy003/darcy003.mtx,6.774651
/data/UFget/MM/GHS_indef/mario002/mario002.mtx,6.684965
/data/UFget/MM/GHS_indef/exdata_1/exdata_1.mtx,12.396348
/data/UFget/MM/GHS_indef/helm2d03/helm2d03.mtx,7.918662
/data/UFget/MM/GHS_indef/bmw3_2/bmw3_2.mtx,7.951395
/data/UFget/MM/GHS_psdef/ford1/ford1.mtx,10.829958
/data/UFget/MM/GHS_psdef/pds10/pds10.mtx,11.831887
/data/UFget/MM/GHS_psdef/obstclae/obstclae.mtx,13.253920
/data/UFget/MM/GHS_psdef/torsion1/torsion1.mtx,13.143124
/data/UFget/MM/GHS_psdef/jnlbrng1/jnlbrng1.mtx,13.588204
/data/UFget/MM/GHS_psdef/minsurfo/minsurfo.mtx,10.737180
/data/UFget/MM/GHS_psdef/copter1/copter1.mtx,11.869564
/data/UFget/MM/GHS_psdef/finance256/finance256.mtx,12.362787
/data/UFget/MM/GHS_psdef/pwt/pwt.mtx,6.491010
/data/UFget/MM/GHS_psdef/cvxbqp1/cvxbqp1.mtx,8.366364
/data/UFget/MM/GHS_psdef/wathen100/wathen100.mtx,14.231287
/data/UFget/MM/GHS_psdef/gridgena/gridgena.mtx,12.271841
/data/UFget/MM/GHS_psdef/apache1/apache1.mtx,12.868323
/data/UFget/MM/GHS_psdef/ford2/ford2.mtx,10.068279
/data/UFget/MM/GHS_psdef/wathen120/wathen120.mtx,14.621953
/data/UFget/MM/GHS_psdef/copter2/copter2.mtx,9.885870
/data/UFget/MM/GHS_psdef/opt1/opt1.mtx,14.157650
/data/UFget/MM/GHS_psdef/oilpan/oilpan.mtx,14.133723
/data/UFget/MM/GHS_psdef/vanbody/vanbody.mtx,14.809177
/data/UFget/MM/GHS_psdef/ramage02/ramage02.mtx,13.671576
/data/UFget/MM/GHS_psdef/srb1/srb1.mtx,16.526017
/data/UFget/MM/GHS_psdef/s3dkt3m2/s3dkt3m2.mtx,14.474434
/data/UFget/MM/GHS_psdef/s3dkq4m2/s3dkq4m2.mtx,11.395099
/data/UFget/MM/GHS_psdef/apache2/apache2.mtx,9.517954
/data/UFget/MM/GHS_psdef/bmw7st_1/bmw7st_1.mtx,8.931323
/data/UFget/MM/GHS_psdef/hood/hood.mtx,6.815508
/data/UFget/MM/GHS_psdef/crankseg_1/crankseg_1.mtx,7.497477
/data/UFget/MM/GHS_psdef/bmwcra_1/bmwcra_1.mtx,8.057086
/data/UFget/MM/GHS_psdef/crankseg_2/crankseg_2.mtx,7.339621
/data/UFget/MM/GHS_psdef/inline_1/inline_1.mtx,6.267172
/data/UFget/MM/GHS_psdef/ldoor/ldoor.mtx,6.661518
/data/UFget/MM/GHS_psdef/audikw_1/audikw_1.mtx,6.284743
/data/UFget/MM/Gleich/usroads-48/usroads-48.mtx,8.828241
/data/UFget/MM/Gleich/usroads/usroads.mtx,8.570815
/data/UFget/MM/Gleich/flickr/flickr.mtx,4.227379
/data/UFget/MM/Gleich/wikipedia-20051105/wikipedia-20051105.mtx,2.740431
/data/UFget/MM/Gleich/wikipedia-20060925/wikipedia-20060925.mtx,2.184307
/data/UFget/MM/Gleich/wikipedia-20061104/wikipedia-20061104.mtx,2.152941
/data/UFget/MM/Gleich/wikipedia-20070206/wikipedia-20070206.mtx,2.075137
/data/UFget/MM/Gleich/wb-edu/wb-edu.mtx,6.323619
/data/UFget/MM/Goodwin/goodwin/goodwin.mtx,17.414620
/data/UFget/MM/Goodwin/rim/rim.mtx,14.399653
/data/UFget/MM/Graham/graham1/graham1.mtx,16.905549
/data/UFget/MM/Grund/bayer01/bayer01.mtx,5.870165
/data/UFget/MM/Gupta/gupta1/gupta1.mtx,8.781889
/data/UFget/MM/Gupta/gupta2/gupta2.mtx,7.952280
/data/UFget/MM/Gupta/gupta3/gupta3.mtx,6.388631
/data/UFget/MM/Hamm/bcircuit/bcircuit.mtx,9.784673
/data/UFget/MM/Hamm/hcircuit/hcircuit.mtx,9.260644
/data/UFget/MM/Hamm/scircuit/scircuit.mtx,8.355650
/data/UFget/MM/Hamrle/Hamrle3/Hamrle3.mtx,6.273947
/data/UFget/MM/HB/bcsstk15/bcsstk15.mtx,16.855368
/data/UFget/MM/HB/bcsstk18/bcsstk18.mtx,13.865570
/data/UFget/MM/HB/bcsstk24/bcsstk24.mtx,14.654957
/data/UFget/MM/HB/lock3491/lock3491.mtx,16.802807
/data/UFget/MM/HB/bcsstk28/bcsstk28.mtx,15.905574
/data/UFget/MM/HB/man_5976/man_5976.mtx,14.826186
/data/UFget/MM/HB/bcsstk25/bcsstk25.mtx,7.658638
/data/UFget/MM/HB/cegb2802/cegb2802.mtx,14.091251
/data/UFget/MM/HB/bcsstk16/bcsstk16.mtx,16.639723
/data/UFget/MM/HB/cegb2919/cegb2919.mtx,7.306047
/data/UFget/MM/HB/bcsstk17/bcsstk17.mtx,15.277375
/data/UFget/MM/HB/psmigr_2/psmigr_2.mtx,11.177812
/data/UFget/MM/HB/psmigr_1/psmigr_1.mtx,11.196708
/data/UFget/MM/HB/psmigr_3/psmigr_3.mtx,12.388623
/data/UFget/MM/HB/bcsstk33/bcsstk33.mtx,14.294835
/data/UFget/MM/HB/bcsstk29/bcsstk29.mtx,13.343182
/data/UFget/MM/HB/bcsstk31/bcsstk31.mtx,14.580744
/data/UFget/MM/HB/bcsstk32/bcsstk32.mtx,16.395164
/data/UFget/MM/HB/bcsstk30/bcsstk30.mtx,15.830884
/data/UFget/MM/Hohn/sinc12/sinc12.mtx,12.172731
/data/UFget/MM/Hohn/sinc15/sinc15.mtx,11.127131
/data/UFget/MM/Hohn/sinc18/sinc18.mtx,11.962862
/data/UFget/MM/Hollinger/mark3jac040/mark3jac040.mtx,13.490842
/data/UFget/MM/Hollinger/mark3jac040sc/mark3jac040sc.mtx,13.233203
/data/UFget/MM/Hollinger/g7jac040/g7jac040.mtx,11.412662
/data/UFget/MM/Hollinger/g7jac040sc/g7jac040sc.mtx,10.744294
/data/UFget/MM/Hollinger/jan99jac060/jan99jac060.mtx,12.663248
/data/UFget/MM/Hollinger/jan99jac060sc/jan99jac060sc.mtx,12.672725
/data/UFget/MM/Hollinger/g7jac050sc/g7jac050sc.mtx,11.886023
/data/UFget/MM/Hollinger/jan99jac080/jan99jac080.mtx,11.305253
/data/UFget/MM/Hollinger/jan99jac080sc/jan99jac080sc.mtx,13.048133
/data/UFget/MM/Hollinger/mark3jac060/mark3jac060.mtx,13.618603
/data/UFget/MM/Hollinger/mark3jac060sc/mark3jac060sc.mtx,13.304400
/data/UFget/MM/Hollinger/g7jac060/g7jac060.mtx,10.143692
/data/UFget/MM/Hollinger/g7jac060sc/g7jac060sc.mtx,11.546840
/data/UFget/MM/Hollinger/jan99jac100/jan99jac100.mtx,13.320788
/data/UFget/MM/Hollinger/jan99jac100sc/jan99jac100sc.mtx,13.463771
/data/UFget/MM/Hollinger/mark3jac080/mark3jac080.mtx,11.356458
/data/UFget/MM/Hollinger/mark3jac080sc/mark3jac080sc.mtx,14.328009
/data/UFget/MM/Hollinger/jan99jac120/jan99jac120.mtx,13.429828
/data/UFget/MM/Hollinger/jan99jac120sc/jan99jac120sc.mtx,10.262095
/data/UFget/MM/Hollinger/g7jac080/g7jac080.mtx,11.499944
/data/UFget/MM/Hollinger/g7jac080sc/g7jac080sc.mtx,11.347470
/data/UFget/MM/Hollinger/mark3jac100/mark3jac100.mtx,11.777429
/data/UFget/MM/Hollinger/mark3jac100sc/mark3jac100sc.mtx,14.081722
/data/UFget/MM/Hollinger/mark3jac120/mark3jac120.mtx,14.032980
/data/UFget/MM/Hollinger/mark3jac120sc/mark3jac120sc.mtx,12.155573
/data/UFget/MM/Hollinger/g7jac100/g7jac100.mtx,12.104902
/data/UFget/MM/Hollinger/g7jac100sc/g7jac100sc.mtx,11.928155
/data/UFget/MM/Hollinger/mark3jac140/mark3jac140.mtx,11.924346
/data/UFget/MM/Hollinger/mark3jac140sc/mark3jac140sc.mtx,12.607970
/data/UFget/MM/Hollinger/g7jac120/g7jac120.mtx,8.000542
/data/UFget/MM/Hollinger/g7jac120sc/g7jac120sc.mtx,12.188498
/data/UFget/MM/Hollinger/g7jac140/g7jac140.mtx,11.562533
/data/UFget/MM/Hollinger/g7jac140sc/g7jac140sc.mtx,11.530197
/data/UFget/MM/Hollinger/g7jac160/g7jac160.mtx,12.280685
/data/UFget/MM/Hollinger/g7jac160sc/g7jac160sc.mtx,10.220669
/data/UFget/MM/Hollinger/g7jac180/g7jac180.mtx,12.159391
/data/UFget/MM/Hollinger/g7jac180sc/g7jac180sc.mtx,11.869353
/data/UFget/MM/Hollinger/g7jac200/g7jac200.mtx,11.702744
/data/UFget/MM/Hollinger/g7jac200sc/g7jac200sc.mtx,12.265615
/data/UFget/MM/HVDC/hvdc1/hvdc1.mtx,9.551409
/data/UFget/MM/HVDC/hvdc2/hvdc2.mtx,12.393922
/data/UFget/MM/IBM_EDA/ckt11752_tr_0/ckt11752_tr_0.mtx,10.384573
/data/UFget/MM/IBM_EDA/ckt11752_dc_1/ckt11752_dc_1.mtx,9.664041
/data/UFget/MM/IBM_EDA/trans4/trans4.mtx,9.204690
/data/UFget/MM/IBM_EDA/trans5/trans5.mtx,8.781211
/data/UFget/MM/IBM_EDA/dc1/dc1.mtx,8.728627
/data/UFget/MM/IBM_EDA/dc2/dc2.mtx,8.947346
/data/UFget/MM/IBM_EDA/dc3/dc3.mtx,9.038750
/data/UFget/MM/INPRO/msdoor/msdoor.mtx,6.687420
/data/UFget/MM/IPSO/OPF_3754/OPF_3754.mtx,11.669439
/data/UFget/MM/IPSO/OPF_6000/OPF_6000.mtx,10.537254
/data/UFget/MM/IPSO/OPF_10000/OPF_10000.mtx,6.296905
/data/UFget/MM/IPSO/HTC_336_9129/HTC_336_9129.mtx,8.970475
/data/UFget/MM/IPSO/HTC_336_4438/HTC_336_4438.mtx,9.207008
/data/UFget/MM/IPSO/TSC_OPF_300/TSC_OPF_300.mtx,13.747595
/data/UFget/MM/IPSO/TSC_OPF_1047/TSC_OPF_1047.mtx,12.784468
/data/UFget/MM/Janna/CoupCons3D/CoupCons3D.mtx,6.995427
/data/UFget/MM/Janna/StocF-1465/StocF-1465.mtx,6.511578
/data/UFget/MM/Janna/Transport/Transport.mtx,5.654608
/data/UFget/MM/Janna/Fault_639/Fault_639.mtx,7.049898
/data/UFget/MM/Janna/ML_Laplace/ML_Laplace.mtx,7.821402
/data/UFget/MM/Janna/PFlow_742/PFlow_742.mtx,7.807871
/data/UFget/MM/Janna/Emilia_923/Emilia_923.mtx,6.902720
/data/UFget/MM/Janna/Hook_1498/Hook_1498.mtx,6.914268
/data/UFget/MM/Janna/Geo_1438/Geo_1438.mtx,6.539153
/data/UFget/MM/Janna/Serena/Serena.mtx,6.544734
/data/UFget/MM/Janna/Long_Coup_dt0/Long_Coup_dt0.mtx,6.980383
/data/UFget/MM/Janna/Long_Coup_dt6/Long_Coup_dt6.mtx,7.035962
/data/UFget/MM/Janna/ML_Geer/ML_Geer.mtx,7.688856
/data/UFget/MM/Janna/Flan_1565/Flan_1565.mtx,7.376160
/data/UFget/MM/Janna/Cube_Coup_dt0/Cube_Coup_dt0.mtx,7.110154
/data/UFget/MM/Janna/Cube_Coup_dt6/Cube_Coup_dt6.mtx,7.137967
/data/UFget/MM/Janna/Bump_2911/Bump_2911.mtx,6.599016
/data/UFget/MM/JGD_CAG/CAG_mat1916/CAG_mat1916.mtx,9.619962
/data/UFget/MM/JGD_Homology/m133-b3/m133-b3.mtx,8.567793
/data/UFget/MM/JGD_Homology/shar_te2-b3/shar_te2-b3.mtx,8.475819
/data/UFget/MM/JGD_Homology/ch7-8-b5/ch7-8-b5.mtx,9.718219
/data/UFget/MM/JGD_SPG/EX5/EX5.mtx,9.467709
/data/UFget/MM/JGD_SPG/EX6/EX6.mtx,9.342248
/data/UFget/MM/JGD_Trefethen/Trefethen_20000b/Trefethen_20000b.mtx,6.575972
/data/UFget/MM/JGD_Trefethen/Trefethen_20000/Trefethen_20000.mtx,9.664917
/data/UFget/MM/Kamvar/Stanford/Stanford.mtx,4.295392
/data/UFget/MM/Kamvar/Stanford_Berkeley/Stanford_Berkeley.mtx,6.199287
/data/UFget/MM/Kim/kim1/kim1.mtx,14.362444
/data/UFget/MM/Kim/kim2/kim2.mtx,7.713709
/data/UFget/MM/Koutsovasilis/F2/F2.mtx,8.555328
/data/UFget/MM/Koutsovasilis/F1/F1.mtx,5.301075
/data/UFget/MM/LAW/enron/enron.mtx,8.416023
/data/UFget/MM/LAW/dblp-2010/dblp-2010.mtx,8.542111
/data/UFget/MM/LAW/cnr-2000/cnr-2000.mtx,12.876944
/data/UFget/MM/LAW/amazon-2008/amazon-2008.mtx,6.133238
/data/UFget/MM/LAW/in-2004/in-2004.mtx,7.279485
/data/UFget/MM/LAW/eu-2005/eu-2005.mtx,7.247485
/data/UFget/MM/LAW/ljournal-2008/ljournal-2008.mtx,3.185783
/data/UFget/MM/LAW/hollywood-2009/hollywood-2009.mtx,3.824532
/data/UFget/MM/LAW/indochina-2004/indochina-2004.mtx,5.676993
/data/UFget/MM/Lee/fem_filter/fem_filter.mtx,12.262933
/data/UFget/MM/Lee/fem_hifreq_circuit/fem_hifreq_circuit.mtx,5.952480
/data/UFget/MM/LeGresley/LeGresley_87936/LeGresley_87936.mtx,9.980143
/data/UFget/MM/Li/li/li.mtx,12.060234
/data/UFget/MM/Li/pli/pli.mtx,9.030609
/data/UFget/MM/Lin/Lin/Lin.mtx,10.976530
/data/UFget/MM/Lourakis/bundle1/bundle1.mtx,10.240770
/data/UFget/MM/Mallya/lhr07/lhr07.mtx,18.043732
/data/UFget/MM/Mallya/lhr07c/lhr07c.mtx,16.775779
/data/UFget/MM/Mallya/lhr10/lhr10.mtx,16.109630
/data/UFget/MM/Mallya/lhr11/lhr11.mtx,14.851754
/data/UFget/MM/Mallya/lhr10c/lhr10c.mtx,16.128193
/data/UFget/MM/Mallya/lhr11c/lhr11c.mtx,14.913566
/data/UFget/MM/Mallya/lhr14/lhr14.mtx,14.543051
/data/UFget/MM/Mallya/lhr14c/lhr14c.mtx,15.626192
/data/UFget/MM/Mallya/lhr17/lhr17.mtx,14.078524
/data/UFget/MM/Mallya/lhr17c/lhr17c.mtx,14.834319
/data/UFget/MM/Mallya/lhr34/lhr34.mtx,16.983183
/data/UFget/MM/Mallya/lhr34c/lhr34c.mtx,16.235772
/data/UFget/MM/Mallya/lhr71/lhr71.mtx,16.449717
/data/UFget/MM/Mallya/lhr71c/lhr71c.mtx,16.074252
/data/UFget/MM/Mancktelow/viscorocks/viscorocks.mtx,16.459027
/data/UFget/MM/MathWorks/Muu/Muu.mtx,15.633411
/data/UFget/MM/MathWorks/Kuu/Kuu.mtx,15.562121
/data/UFget/MM/MaxPlanck/shallow_water1/shallow_water1.mtx,10.694057
/data/UFget/MM/MaxPlanck/shallow_water2/shallow_water2.mtx,12.353282
/data/UFget/MM/Mazaheri/bundle_adj/bundle_adj.mtx,5.850487
/data/UFget/MM/McRae/ecology2/ecology2.mtx,6.655402
/data/UFget/MM/McRae/ecology1/ecology1.mtx,8.780018
/data/UFget/MM/Meng/iChem_Jacobian/iChem_Jacobian.mtx,8.177358
/data/UFget/MM/MKS/fp/fp.mtx,11.329684
/data/UFget/MM/Muite/Chebyshev4/Chebyshev4.mtx,5.781146
/data/UFget/MM/Mulvey/finan512/finan512.mtx,10.829239
/data/UFget/MM/Mulvey/pfinan512/pfinan512.mtx,11.767866
/data/UFget/MM/Nasa/shuttle_eddy/shuttle_eddy.mtx,14.210047
/data/UFget/MM/Nasa/nasa4704/nasa4704.mtx,15.935702
/data/UFget/MM/Nasa/nasa2910/nasa2910.mtx,14.327192
/data/UFget/MM/Nasa/skirt/skirt.mtx,11.681492
/data/UFget/MM/Nasa/pwt/pwt.mtx,6.607952
/data/UFget/MM/Nasa/nasasrb/nasasrb.mtx,16.636813
/data/UFget/MM/ND/nd3k/nd3k.mtx,13.321976
/data/UFget/MM/ND/nd6k/nd6k.mtx,8.955007
/data/UFget/MM/ND/nd12k/nd12k.mtx,7.459874
/data/UFget/MM/ND/nd24k/nd24k.mtx,7.115976
/data/UFget/MM/Nemeth/nemeth02/nemeth02.mtx,15.022960
/data/UFget/MM/Nemeth/nemeth03/nemeth03.mtx,15.506604
/data/UFget/MM/Nemeth/nemeth04/nemeth04.mtx,15.260464
/data/UFget/MM/Nemeth/nemeth05/nemeth05.mtx,15.511011
/data/UFget/MM/Nemeth/nemeth06/nemeth06.mtx,17.026665
/data/UFget/MM/Nemeth/nemeth07/nemeth07.mtx,14.971893
/data/UFget/MM/Nemeth/nemeth08/nemeth08.mtx,17.120089
/data/UFget/MM/Nemeth/nemeth09/nemeth09.mtx,15.472260
/data/UFget/MM/Nemeth/nemeth10/nemeth10.mtx,15.230609
/data/UFget/MM/Nemeth/nemeth11/nemeth11.mtx,17.242576
/data/UFget/MM/Nemeth/nemeth12/nemeth12.mtx,17.304835
/data/UFget/MM/Nemeth/nemeth13/nemeth13.mtx,15.260705
/data/UFget/MM/Nemeth/nemeth14/nemeth14.mtx,17.231059
/data/UFget/MM/Nemeth/nemeth15/nemeth15.mtx,16.796381
/data/UFget/MM/Nemeth/nemeth16/nemeth16.mtx,15.204483
/data/UFget/MM/Nemeth/nemeth17/nemeth17.mtx,12.479866
/data/UFget/MM/Nemeth/nemeth18/nemeth18.mtx,17.033267
/data/UFget/MM/Nemeth/nemeth01/nemeth01.mtx,16.962704
/data/UFget/MM/Nemeth/nemeth19/nemeth19.mtx,17.269737
/data/UFget/MM/Nemeth/nemeth20/nemeth20.mtx,14.619098
/data/UFget/MM/Nemeth/nemeth21/nemeth21.mtx,16.689145
/data/UFget/MM/Nemeth/nemeth22/nemeth22.mtx,15.982683
/data/UFget/MM/Nemeth/nemeth24/nemeth24.mtx,15.226136
/data/UFget/MM/Nemeth/nemeth23/nemeth23.mtx,15.233079
/data/UFget/MM/Nemeth/nemeth25/nemeth25.mtx,14.014855
/data/UFget/MM/Nemeth/nemeth26/nemeth26.mtx,14.180137
/data/UFget/MM/Newman/cond-mat-2003/cond-mat-2003.mtx,7.421447
/data/UFget/MM/Newman/astro-ph/astro-ph.mtx,8.596972
/data/UFget/MM/Newman/cond-mat-2005/cond-mat-2005.mtx,7.651663
/data/UFget/MM/Norris/lung2/lung2.mtx,12.458763
/data/UFget/MM/Norris/heart2/heart2.mtx,14.049230
/data/UFget/MM/Norris/heart3/heart3.mtx,12.779628
/data/UFget/MM/Norris/torso2/torso2.mtx,14.465343
/data/UFget/MM/Norris/heart1/heart1.mtx,13.873289
/data/UFget/MM/Norris/stomach/stomach.mtx,14.103835
/data/UFget/MM/Norris/torso3/torso3.mtx,11.357751
/data/UFget/MM/Norris/torso1/torso1.mtx,7.086033
/data/UFget/MM/Oberwolfach/piston/piston.mtx,21.472970
/data/UFget/MM/Oberwolfach/rail_20209/rail_20209.mtx,10.943450
/data/UFget/MM/Oberwolfach/t2dah_a/t2dah_a.mtx,16.203734
/data/UFget/MM/Oberwolfach/t2dah_e/t2dah_e.mtx,16.652692
/data/UFget/MM/Oberwolfach/t2dah/t2dah.mtx,16.561048
/data/UFget/MM/Oberwolfach/chipcool0/chipcool0.mtx,9.685546
/data/UFget/MM/Oberwolfach/chipcool1/chipcool1.mtx,9.920607
/data/UFget/MM/Oberwolfach/inlet/inlet.mtx,15.750943
/data/UFget/MM/Oberwolfach/gyro_m/gyro_m.mtx,8.693310
/data/UFget/MM/Oberwolfach/t3dl_a/t3dl_a.mtx,13.621822
/data/UFget/MM/Oberwolfach/t3dl/t3dl.mtx,12.569358
/data/UFget/MM/Oberwolfach/rail_79841/rail_79841.mtx,12.441813
/data/UFget/MM/Oberwolfach/gyro_k/gyro_k.mtx,14.176835
/data/UFget/MM/Oberwolfach/gyro/gyro.mtx,14.625610
/data/UFget/MM/Oberwolfach/windscreen/windscreen.mtx,13.932375
/data/UFget/MM/Oberwolfach/gas_sensor/gas_sensor.mtx,13.625556
/data/UFget/MM/Oberwolfach/filter3D/filter3D.mtx,11.045856
/data/UFget/MM/Oberwolfach/t3dh_a/t3dh_a.mtx,11.953489
/data/UFget/MM/Oberwolfach/t3dh_e/t3dh_e.mtx,12.091019
/data/UFget/MM/Oberwolfach/t3dh/t3dh.mtx,11.648776
/data/UFget/MM/Oberwolfach/boneS01/boneS01.mtx,9.123511
/data/UFget/MM/Oberwolfach/boneS10/boneS10.mtx,7.815816
/data/UFget/MM/Oberwolfach/bone010/bone010.mtx,7.423133
/data/UFget/MM/Okunbor/aft01/aft01.mtx,16.696974
/data/UFget/MM/Okunbor/aft02/aft02.mtx,17.223131
/data/UFget/MM/Pajek/foldoc/foldoc.mtx,10.229952
/data/UFget/MM/Pajek/Wordnet3/Wordnet3.mtx,5.584472
/data/UFget/MM/Pajek/dictionary28/dictionary28.mtx,6.110161
/data/UFget/MM/Pajek/internet/internet.mtx,5.718646
/data/UFget/MM/Pajek/Reuters911/Reuters911.mtx,8.769356
/data/UFget/MM/Pajek/EAT_SR/EAT_SR.mtx,8.696437
/data/UFget/MM/Pajek/EAT_RS/EAT_RS.mtx,8.215206
/data/UFget/MM/Pajek/HEP-th/HEP-th.mtx,7.901300
/data/UFget/MM/Pajek/HEP-th-new/HEP-th-new.mtx,8.576328
/data/UFget/MM/Pajek/patents_main/patents_main.mtx,5.352443
/data/UFget/MM/Pajek/patents/patents.mtx,1.863970
/data/UFget/MM/PARSEC/SiH4/SiH4.mtx,11.418883
/data/UFget/MM/PARSEC/SiNa/SiNa.mtx,7.213646
/data/UFget/MM/PARSEC/benzene/benzene.mtx,11.069418
/data/UFget/MM/PARSEC/Na5/Na5.mtx,11.871828
/data/UFget/MM/PARSEC/Si5H12/Si5H12.mtx,10.784159
/data/UFget/MM/PARSEC/Si10H16/Si10H16.mtx,11.265514
/data/UFget/MM/PARSEC/SiO/SiO.mtx,10.215233
/data/UFget/MM/PARSEC/H2O/H2O.mtx,8.920228
/data/UFget/MM/PARSEC/GaAsH6/GaAsH6.mtx,10.336055
/data/UFget/MM/PARSEC/Si34H36/Si34H36.mtx,8.431758
/data/UFget/MM/PARSEC/Ga3As3H12/Ga3As3H12.mtx,8.520997
/data/UFget/MM/PARSEC/Ga10As10H30/Ga10As10H30.mtx,7.751918
/data/UFget/MM/PARSEC/CO/CO.mtx,5.866024
/data/UFget/MM/PARSEC/Ge87H76/Ge87H76.mtx,7.499218
/data/UFget/MM/PARSEC/Ge99H100/Ge99H100.mtx,7.049247
/data/UFget/MM/PARSEC/Ga19As19H42/Ga19As19H42.mtx,6.952362
/data/UFget/MM/PARSEC/Si87H76/Si87H76.mtx,6.125349
/data/UFget/MM/PARSEC/SiO2/SiO2.mtx,6.471951
/data/UFget/MM/PARSEC/Si41Ge41H72/Si41Ge41H72.mtx,6.573368
/data/UFget/MM/PARSEC/Ga41As41H72/Ga41As41H72.mtx,6.065182
/data/UFget/MM/POLYFLOW/invextr1_new/invextr1_new.mtx,10.765614
/data/UFget/MM/POLYFLOW/mixtank_new/mixtank_new.mtx,11.037567
/data/UFget/MM/Pothen/shuttle_eddy/shuttle_eddy.mtx,13.233514
/data/UFget/MM/Pothen/barth5/barth5.mtx,12.601955
/data/UFget/MM/Pothen/bodyy4/bodyy4.mtx,13.083714
/data/UFget/MM/Pothen/bodyy5/bodyy5.mtx,12.852906
/data/UFget/MM/Pothen/bodyy6/bodyy6.mtx,13.066600
/data/UFget/MM/Pothen/skirt/skirt.mtx,12.439053
/data/UFget/MM/Pothen/tandem_vtx/tandem_vtx.mtx,9.184003
/data/UFget/MM/Pothen/pwt/pwt.mtx,6.741254
/data/UFget/MM/Pothen/onera_dual/onera_dual.mtx,5.289650
/data/UFget/MM/Pothen/tandem_dual/tandem_dual.mtx,10.357274
/data/UFget/MM/Puri/ABACUS_shell_ud/ABACUS_shell_ud.mtx,14.900052
/data/UFget/MM/Puri/ABACUS_shell_ld/ABACUS_shell_ld.mtx,12.662144
/data/UFget/MM/Puri/ABACUS_shell_md/ABACUS_shell_md.mtx,14.872510
/data/UFget/MM/Puri/ABACUS_shell_hd/ABACUS_shell_hd.mtx,14.038101
/data/UFget/MM/QCD/conf5_0-4x4-10/conf5_0-4x4-10.mtx,14.665972
/data/UFget/MM/QCD/conf5_0-4x4-14/conf5_0-4x4-14.mtx,16.268237
/data/UFget/MM/QCD/conf5_0-4x4-18/conf5_0-4x4-18.mtx,16.200078
/data/UFget/MM/QCD/conf5_0-4x4-22/conf5_0-4x4-22.mtx,15.957168
/data/UFget/MM/QCD/conf5_0-4x4-26/conf5_0-4x4-26.mtx,16.210945
/data/UFget/MM/QCD/conf6_0-4x4-20/conf6_0-4x4-20.mtx,13.526638
/data/UFget/MM/QCD/conf6_0-4x4-30/conf6_0-4x4-30.mtx,15.648056
/data/UFget/MM/QCD/conf5_4-8x8-05/conf5_4-8x8-05.mtx,13.702446
/data/UFget/MM/QCD/conf5_4-8x8-10/conf5_4-8x8-10.mtx,13.738351
/data/UFget/MM/QCD/conf5_4-8x8-15/conf5_4-8x8-15.mtx,13.689085
/data/UFget/MM/QCD/conf5_4-8x8-20/conf5_4-8x8-20.mtx,13.823300
/data/UFget/MM/QCD/conf6_0-8x8-20/conf6_0-8x8-20.mtx,13.759292
/data/UFget/MM/QCD/conf6_0-8x8-30/conf6_0-8x8-30.mtx,13.313792
/data/UFget/MM/QCD/conf6_0-8x8-80/conf6_0-8x8-80.mtx,12.566522
/data/UFget/MM/QLi/crashbasis/crashbasis.mtx,10.960726
/data/UFget/MM/QLi/majorbasis/majorbasis.mtx,11.029157
/data/UFget/MM/QLi/largebasis/largebasis.mtx,8.317275
/data/UFget/MM/Quaglino/viscoplastic2/viscoplastic2.mtx,10.349188
/data/UFget/MM/QY/case9/case9.mtx,9.893344
/data/UFget/MM/QY/case39/case39.mtx,8.540492
/data/UFget/MM/Rajat/rajat09/rajat09.mtx,11.002745
/data/UFget/MM/Rajat/rajat10/rajat10.mtx,12.961280
/data/UFget/MM/Rajat/rajat22/rajat22.mtx,11.990120
/data/UFget/MM/Rajat/rajat26/rajat26.mtx,12.055135
/data/UFget/MM/Rajat/rajat15/rajat15.mtx,9.637826
/data/UFget/MM/Rajat/rajat16/rajat16.mtx,10.002774
/data/UFget/MM/Rajat/rajat18/rajat18.mtx,10.884900
/data/UFget/MM/Rajat/rajat17/rajat17.mtx,10.053359
/data/UFget/MM/Rajat/rajat23/rajat23.mtx,11.418351
/data/UFget/MM/Rajat/rajat20/rajat20.mtx,10.697668
/data/UFget/MM/Rajat/rajat25/rajat25.mtx,10.476747
/data/UFget/MM/Rajat/rajat28/rajat28.mtx,10.780650
/data/UFget/MM/Rajat/Raj1/Raj1.mtx,6.135512
/data/UFget/MM/Rajat/rajat21/rajat21.mtx,9.782909
/data/UFget/MM/Rajat/rajat24/rajat24.mtx,9.555265
/data/UFget/MM/Rajat/rajat29/rajat29.mtx,7.324513
/data/UFget/MM/Rajat/rajat30/rajat30.mtx,6.303617
/data/UFget/MM/Rajat/rajat31/rajat31.mtx,6.273155
/data/UFget/MM/Raju/laminar_duct3D/laminar_duct3D.mtx,10.993356
/data/UFget/MM/Rommes/juba40k/juba40k.mtx,9.838460
/data/UFget/MM/Rommes/bauru5727/bauru5727.mtx,9.188158
/data/UFget/MM/Ronis/xenon1/xenon1.mtx,14.595608
/data/UFget/MM/Ronis/xenon2/xenon2.mtx,13.314785
/data/UFget/MM/Rost/RFdevice/RFdevice.mtx,11.781792
/data/UFget/MM/Rothberg/struct4/struct4.mtx,13.022680
/data/UFget/MM/Rothberg/struct3/struct3.mtx,15.344410
/data/UFget/MM/Rothberg/cfd1/cfd1.mtx,12.666880
/data/UFget/MM/Rothberg/cfd2/cfd2.mtx,13.361293
/data/UFget/MM/Rothberg/3dtube/3dtube.mtx,13.120067
/data/UFget/MM/Rothberg/gearbox/gearbox.mtx,8.274623
/data/UFget/MM/Rudnyi/water_tank/water_tank.mtx,14.237444
/data/UFget/MM/Sandia/mult_dcop_03/mult_dcop_03.mtx,8.121329
/data/UFget/MM/Sandia/mult_dcop_01/mult_dcop_01.mtx,8.273723
/data/UFget/MM/Sandia/mult_dcop_02/mult_dcop_02.mtx,8.277473
/data/UFget/MM/Sandia/ASIC_100ks/ASIC_100ks.mtx,10.410916
/data/UFget/MM/Sandia/ASIC_100k/ASIC_100k.mtx,8.762875
/data/UFget/MM/Sandia/ASIC_320ks/ASIC_320ks.mtx,11.651578
/data/UFget/MM/Sandia/ASIC_680ks/ASIC_680ks.mtx,10.063688
/data/UFget/MM/Sandia/ASIC_320k/ASIC_320k.mtx,7.937170
/data/UFget/MM/Sandia/ASIC_680k/ASIC_680k.mtx,7.854013
/data/UFget/MM/Sanghavi/ecl32/ecl32.mtx,9.884710
/data/UFget/MM/Schenk/nlpkkt80/nlpkkt80.mtx,6.726463
/data/UFget/MM/Schenk/nlpkkt120/nlpkkt120.mtx,6.145104
/data/UFget/MM/Schenk_AFE/af_0_k101/af_0_k101.mtx,7.876596
/data/UFget/MM/Schenk_AFE/af_1_k101/af_1_k101.mtx,7.851549
/data/UFget/MM/Schenk_AFE/af_2_k101/af_2_k101.mtx,7.988634
/data/UFget/MM/Schenk_AFE/af_3_k101/af_3_k101.mtx,7.991397
/data/UFget/MM/Schenk_AFE/af_4_k101/af_4_k101.mtx,7.996734
/data/UFget/MM/Schenk_AFE/af_5_k101/af_5_k101.mtx,7.915110
/data/UFget/MM/Schenk_AFE/af_shell1/af_shell1.mtx,7.772369
/data/UFget/MM/Schenk_AFE/af_shell2/af_shell2.mtx,7.751780
/data/UFget/MM/Schenk_AFE/af_shell3/af_shell3.mtx,7.755542
/data/UFget/MM/Schenk_AFE/af_shell4/af_shell4.mtx,7.813044
/data/UFget/MM/Schenk_AFE/af_shell5/af_shell5.mtx,7.757800
/data/UFget/MM/Schenk_AFE/af_shell6/af_shell6.mtx,7.785031
/data/UFget/MM/Schenk_AFE/af_shell7/af_shell7.mtx,7.727172
/data/UFget/MM/Schenk_AFE/af_shell8/af_shell8.mtx,7.821425
/data/UFget/MM/Schenk_AFE/af_shell9/af_shell9.mtx,7.797422
/data/UFget/MM/Schenk_AFE/af_shell10/af_shell10.mtx,7.740473
/data/UFget/MM/Schenk_IBMNA/c-41/c-41.mtx,10.359238
/data/UFget/MM/Schenk_IBMNA/c-42/c-42.mtx,6.143118
/data/UFget/MM/Schenk_IBMNA/c-39/c-39.mtx,6.540454
/data/UFget/MM/Schenk_IBMNA/c-43/c-43.mtx,9.599824
/data/UFget/MM/Schenk_IBMNA/c-46/c-46.mtx,9.143549
/data/UFget/MM/Schenk_IBMNA/c-49/c-49.mtx,7.913098
/data/UFget/MM/Schenk_IBMNA/c-48/c-48.mtx,9.625844
/data/UFget/MM/Schenk_IBMNA/c-45/c-45.mtx,9.782705
/data/UFget/MM/Schenk_IBMNA/c-50/c-50.mtx,9.591145
/data/UFget/MM/Schenk_IBMNA/c-52/c-52.mtx,7.201794
/data/UFget/MM/Schenk_IBMNA/c-51/c-51.mtx,9.213773
/data/UFget/MM/Schenk_IBMNA/c-47/c-47.mtx,4.656981
/data/UFget/MM/Schenk_IBMNA/c-60/c-60.mtx,9.381144
/data/UFget/MM/Schenk_IBMNA/c-61/c-61.mtx,9.776509
/data/UFget/MM/Schenk_IBMNA/c-53/c-53.mtx,7.211605
/data/UFget/MM/Schenk_IBMNA/c-65/c-65.mtx,9.663396
/data/UFget/MM/Schenk_IBMNA/c-56/c-56.mtx,10.166136
/data/UFget/MM/Schenk_IBMNA/c-54/c-54.mtx,10.445047
/data/UFget/MM/Schenk_IBMNA/c-57/c-57.mtx,8.753961
/data/UFget/MM/Schenk_IBMNA/c-66b/c-66b.mtx,8.368979
/data/UFget/MM/Schenk_IBMNA/c-66/c-66.mtx,8.316984
/data/UFget/MM/Schenk_IBMNA/c-67/c-67.mtx,5.669726
/data/UFget/MM/Schenk_IBMNA/c-67b/c-67b.mtx,5.793453
/data/UFget/MM/Schenk_IBMNA/c-62/c-62.mtx,8.929880
/data/UFget/MM/Schenk_IBMNA/c-64b/c-64b.mtx,8.827527
/data/UFget/MM/Schenk_IBMNA/c-64/c-64.mtx,8.792233
/data/UFget/MM/Schenk_IBMNA/c-73/c-73.mtx,7.641745
/data/UFget/MM/Schenk_IBMNA/c-73b/c-73b.mtx,8.075826
/data/UFget/MM/Schenk_IBMNA/c-big/c-big.mtx,7.212137
/data/UFget/MM/Schenk_IBMSDS/2D_27628_bjtcai/2D_27628_bjtcai.mtx,14.105223
/data/UFget/MM/Schenk_IBMSDS/3D_28984_Tetra/3D_28984_Tetra.mtx,13.145335
/data/UFget/MM/Schenk_IBMSDS/2D_54019_highK/2D_54019_highK.mtx,13.509585
/data/UFget/MM/Schenk_IBMSDS/3D_51448_3D/3D_51448_3D.mtx,11.947229
/data/UFget/MM/Schenk_IBMSDS/ibm_matrix_2/ibm_matrix_2.mtx,11.310844
/data/UFget/MM/Schenk_IBMSDS/matrix-new_3/matrix-new_3.mtx,11.682097
/data/UFget/MM/Schenk_IBMSDS/matrix_9/matrix_9.mtx,12.449990
/data/UFget/MM/Schenk_ISEI/igbt3/igbt3.mtx,10.111073
/data/UFget/MM/Schenk_ISEI/nmos3/nmos3.mtx,10.845693
/data/UFget/MM/Schenk_ISEI/para-10/para-10.mtx,7.446993
/data/UFget/MM/Schenk_ISEI/para-5/para-5.mtx,7.423179
/data/UFget/MM/Schenk_ISEI/para-6/para-6.mtx,7.423780
/data/UFget/MM/Schenk_ISEI/para-7/para-7.mtx,7.541681
/data/UFget/MM/Schenk_ISEI/para-8/para-8.mtx,7.493508
/data/UFget/MM/Schenk_ISEI/para-9/para-9.mtx,7.489959
/data/UFget/MM/Schenk_ISEI/barrier2-1/barrier2-1.mtx,8.298556
/data/UFget/MM/Schenk_ISEI/barrier2-2/barrier2-2.mtx,8.432025
/data/UFget/MM/Schenk_ISEI/barrier2-3/barrier2-3.mtx,8.457900
/data/UFget/MM/Schenk_ISEI/barrier2-4/barrier2-4.mtx,8.624144
/data/UFget/MM/Schenk_ISEI/barrier2-10/barrier2-10.mtx,8.714606
/data/UFget/MM/Schenk_ISEI/barrier2-11/barrier2-11.mtx,8.534986
/data/UFget/MM/Schenk_ISEI/barrier2-12/barrier2-12.mtx,8.689528
/data/UFget/MM/Schenk_ISEI/barrier2-9/barrier2-9.mtx,8.695591
/data/UFget/MM/Schenk_ISEI/para-4/para-4.mtx,7.453708
/data/UFget/MM/Schenk_ISEI/ohne2/ohne2.mtx,6.414816
/data/UFget/MM/Schmid/thermal1/thermal1.mtx,11.089287
/data/UFget/MM/Schmid/thermal2/thermal2.mtx,5.977832
/data/UFget/MM/Shen/shermanACb/shermanACb.mtx,9.277347
/data/UFget/MM/Shen/e40r0100/e40r0100.mtx,15.817110
/data/UFget/MM/Shyy/shyy161/shyy161.mtx,10.260709
/data/UFget/MM/Simon/raefsky6/raefsky6.mtx,17.582583
/data/UFget/MM/Simon/raefsky5/raefsky5.mtx,17.720967
/data/UFget/MM/Simon/raefsky1/raefsky1.mtx,15.678857
/data/UFget/MM/Simon/raefsky2/raefsky2.mtx,15.826759
/data/UFget/MM/Simon/olafu/olafu.mtx,14.536979
/data/UFget/MM/Simon/raefsky4/raefsky4.mtx,16.006446
/data/UFget/MM/Simon/raefsky3/raefsky3.mtx,15.692772
/data/UFget/MM/Simon/venkat25/venkat25.mtx,16.223205
/data/UFget/MM/Simon/venkat50/venkat50.mtx,16.237662
/data/UFget/MM/Simon/venkat01/venkat01.mtx,16.249519
/data/UFget/MM/Simon/bbmat/bbmat.mtx,15.958809
/data/UFget/MM/Simon/appu/appu.mtx,7.483726
/data/UFget/MM/Sinclair/3Dspectralwave2/3Dspectralwave2.mtx,6.637825
/data/UFget/MM/Sinclair/3Dspectralwave/3Dspectralwave.mtx,5.910847
/data/UFget/MM/SNAP/wiki-Vote/wiki-Vote.mtx,9.462667
/data/UFget/MM/SNAP/as-caida/as-caida.mtx,5.775075
/data/UFget/MM/SNAP/p2p-Gnutella31/p2p-Gnutella31.mtx,5.611233
/data/UFget/MM/SNAP/ca-CondMat/ca-CondMat.mtx,6.928081
/data/UFget/MM/SNAP/ca-HepPh/ca-HepPh.mtx,9.281109
/data/UFget/MM/SNAP/cit-HepTh/cit-HepTh.mtx,7.817002
/data/UFget/MM/SNAP/email-Enron/email-Enron.mtx,8.749641
/data/UFget/MM/SNAP/ca-AstroPh/ca-AstroPh.mtx,8.532276
/data/UFget/MM/SNAP/email-EuAll/email-EuAll.mtx,5.108157
/data/UFget/MM/SNAP/cit-HepPh/cit-HepPh.mtx,8.052906
/data/UFget/MM/SNAP/soc-Epinions1/soc-Epinions1.mtx,6.713714
/data/UFget/MM/SNAP/soc-sign-Slashdot081106/soc-sign-Slashdot081106.mtx,6.694592
/data/UFget/MM/SNAP/soc-sign-Slashdot090216/soc-sign-Slashdot090216.mtx,7.047643
/data/UFget/MM/SNAP/soc-sign-Slashdot090221/soc-sign-Slashdot090221.mtx,6.858716
/data/UFget/MM/SNAP/soc-sign-epinions/soc-sign-epinions.mtx,6.727424
/data/UFget/MM/SNAP/soc-Slashdot0811/soc-Slashdot0811.mtx,6.826142
/data/UFget/MM/SNAP/soc-Slashdot0902/soc-Slashdot0902.mtx,7.127659
/data/UFget/MM/SNAP/amazon0302/amazon0302.mtx,4.729890
/data/UFget/MM/SNAP/web-NotreDame/web-NotreDame.mtx,10.099087
/data/UFget/MM/SNAP/web-Stanford/web-Stanford.mtx,5.712256
/data/UFget/MM/SNAP/roadNet-PA/roadNet-PA.mtx,8.612746
/data/UFget/MM/SNAP/amazon0312/amazon0312.mtx,5.299404
/data/UFget/MM/SNAP/amazon0505/amazon0505.mtx,5.189292
/data/UFget/MM/SNAP/amazon0601/amazon0601.mtx,5.376434
/data/UFget/MM/SNAP/roadNet-TX/roadNet-TX.mtx,5.930635
/data/UFget/MM/SNAP/wiki-Talk/wiki-Talk.mtx,2.638880
/data/UFget/MM/SNAP/web-Google/web-Google.mtx,3.240509
/data/UFget/MM/SNAP/roadNet-CA/roadNet-CA.mtx,5.940095
/data/UFget/MM/SNAP/web-BerkStan/web-BerkStan.mtx,8.285869
/data/UFget/MM/SNAP/cit-Patents/cit-Patents.mtx,1.706363
/data/UFget/MM/SNAP/as-Skitter/as-Skitter.mtx,3.659694
/data/UFget/MM/SNAP/soc-LiveJournal1/soc-LiveJournal1.mtx,2.205157
/data/UFget/MM/Sorensen/Linux_call_graph/Linux_call_graph.mtx,7.638447
/data/UFget/MM/Szczerba/Ill_Stokes/Ill_Stokes.mtx,7.489883
/data/UFget/MM/TKK/g3rmt3m3/g3rmt3m3.mtx,17.065952
/data/UFget/MM/TKK/t520/t520.mtx,16.559599
/data/UFget/MM/TKK/cbuckle/cbuckle.mtx,13.163744
/data/UFget/MM/TKK/cyl6/cyl6.mtx,16.680919
/data/UFget/MM/TKK/tube1/tube1.mtx,12.851179
/data/UFget/MM/TKK/tube2/tube2.mtx,15.256255
/data/UFget/MM/TKK/smt/smt.mtx,13.076261
/data/UFget/MM/TKK/s4dkt3m2/s4dkt3m2.mtx,13.772201
/data/UFget/MM/TKK/engine/engine.mtx,8.495305
/data/UFget/MM/Tromble/language/language.mtx,7.074365
/data/UFget/MM/TSOPF/TSOPF_FS_b9_c6/TSOPF_FS_b9_c6.mtx,9.917559
/data/UFget/MM/TSOPF/TSOPF_RS_b162_c1/TSOPF_RS_b162_c1.mtx,14.987796
/data/UFget/MM/TSOPF/TSOPF_RS_b39_c7/TSOPF_RS_b39_c7.mtx,13.723737
/data/UFget/MM/TSOPF/TSOPF_FS_b162_c1/TSOPF_FS_b162_c1.mtx,9.301415
/data/UFget/MM/TSOPF/TSOPF_RS_b162_c3/TSOPF_RS_b162_c3.mtx,14.386348
/data/UFget/MM/TSOPF/TSOPF_RS_b39_c19/TSOPF_RS_b39_c19.mtx,12.900882
/data/UFget/MM/TSOPF/TSOPF_FS_b39_c7/TSOPF_FS_b39_c7.mtx,8.893772
/data/UFget/MM/TSOPF/TSOPF_RS_b162_c4/TSOPF_RS_b162_c4.mtx,13.156022
/data/UFget/MM/TSOPF/TSOPF_RS_b39_c30/TSOPF_RS_b39_c30.mtx,12.619419
/data/UFget/MM/TSOPF/TSOPF_RS_b300_c1/TSOPF_RS_b300_c1.mtx,13.467903
/data/UFget/MM/TSOPF/TSOPF_FS_b162_c3/TSOPF_FS_b162_c3.mtx,8.597592
/data/UFget/MM/TSOPF/TSOPF_FS_b39_c19/TSOPF_FS_b39_c19.mtx,7.392984
/data/UFget/MM/TSOPF/TSOPF_FS_b162_c4/TSOPF_FS_b162_c4.mtx,8.015686
/data/UFget/MM/TSOPF/TSOPF_RS_b300_c2/TSOPF_RS_b300_c2.mtx,12.899328
/data/UFget/MM/TSOPF/TSOPF_FS_b39_c30/TSOPF_FS_b39_c30.mtx,6.952000
/data/UFget/MM/TSOPF/TSOPF_RS_b678_c1/TSOPF_RS_b678_c1.mtx,11.158595
/data/UFget/MM/TSOPF/TSOPF_FS_b300/TSOPF_FS_b300.mtx,8.142345
/data/UFget/MM/TSOPF/TSOPF_FS_b300_c1/TSOPF_FS_b300_c1.mtx,7.999329
/data/UFget/MM/TSOPF/TSOPF_RS_b300_c3/TSOPF_RS_b300_c3.mtx,11.835052
/data/UFget/MM/TSOPF/TSOPF_RS_b2052_c1/TSOPF_RS_b2052_c1.mtx,9.097158
/data/UFget/MM/TSOPF/TSOPF_FS_b300_c2/TSOPF_FS_b300_c2.mtx,5.517510
/data/UFget/MM/TSOPF/TSOPF_RS_b678_c2/TSOPF_RS_b678_c2.mtx,8.035322
/data/UFget/MM/TSOPF/TSOPF_FS_b300_c3/TSOPF_FS_b300_c3.mtx,5.279461
/data/UFget/MM/TSOPF/TSOPF_RS_b2383/TSOPF_RS_b2383.mtx,7.503977
/data/UFget/MM/TSOPF/TSOPF_RS_b2383_c1/TSOPF_RS_b2383_c1.mtx,7.608780
/data/UFget/MM/Um/2cubes_sphere/2cubes_sphere.mtx,12.033213
/data/UFget/MM/Um/offshore/offshore.mtx,9.283679
/data/UFget/MM/UTEP/Dubcova1/Dubcova1.mtx,9.685074
/data/UFget/MM/UTEP/Dubcova2/Dubcova2.mtx,8.598582
/data/UFget/MM/UTEP/Dubcova3/Dubcova3.mtx,7.542099
/data/UFget/MM/vanHeukelum/cage10/cage10.mtx,11.957945
/data/UFget/MM/vanHeukelum/cage11/cage11.mtx,10.210427
/data/UFget/MM/vanHeukelum/cage12/cage12.mtx,8.884931
/data/UFget/MM/vanHeukelum/cage13/cage13.mtx,5.913680
/data/UFget/MM/vanHeukelum/cage14/cage14.mtx,4.458390
/data/UFget/MM/vanHeukelum/cage15/cage15.mtx,3.832603
/data/UFget/MM/VanVelzen/std1_Jac2_db/std1_Jac2_db.mtx,11.927323
/data/UFget/MM/VanVelzen/std1_Jac3_db/std1_Jac3_db.mtx,9.840478
/data/UFget/MM/VanVelzen/Zd_Jac6_db/Zd_Jac6_db.mtx,13.828963
/data/UFget/MM/VanVelzen/Zd_Jac2_db/Zd_Jac2_db.mtx,14.055963
/data/UFget/MM/VanVelzen/Zd_Jac3_db/Zd_Jac3_db.mtx,12.939675
/data/UFget/MM/VanVelzen/std1_Jac2/std1_Jac2.mtx,13.180424
/data/UFget/MM/VanVelzen/std1_Jac3/std1_Jac3.mtx,13.334782
/data/UFget/MM/VanVelzen/Zd_Jac2/Zd_Jac2.mtx,13.747193
/data/UFget/MM/VanVelzen/Zd_Jac6/Zd_Jac6.mtx,13.680627
/data/UFget/MM/VanVelzen/Zd_Jac3/Zd_Jac3.mtx,13.596947
/data/UFget/MM/Vavasis/av41092/av41092.mtx,11.938183
/data/UFget/MM/VDOL/hangGlider_4/hangGlider_4.mtx,10.240944
/data/UFget/MM/VDOL/hangGlider_5/hangGlider_5.mtx,9.912679
/data/UFget/MM/VDOL/lowThrust_4/lowThrust_4.mtx,9.968828
/data/UFget/MM/VDOL/lowThrust_5/lowThrust_5.mtx,10.218559
/data/UFget/MM/VDOL/lowThrust_6/lowThrust_6.mtx,9.912368
/data/UFget/MM/VDOL/lowThrust_7/lowThrust_7.mtx,9.197817
/data/UFget/MM/VDOL/lowThrust_8/lowThrust_8.mtx,10.064700
/data/UFget/MM/VDOL/lowThrust_9/lowThrust_9.mtx,9.695579
/data/UFget/MM/VDOL/lowThrust_10/lowThrust_10.mtx,9.327009
/data/UFget/MM/VDOL/lowThrust_11/lowThrust_11.mtx,7.072091
/data/UFget/MM/VDOL/lowThrust_12/lowThrust_12.mtx,9.098294
/data/UFget/MM/VDOL/lowThrust_13/lowThrust_13.mtx,9.311221
/data/UFget/MM/Wang/wang3/wang3.mtx,11.390582
/data/UFget/MM/Wang/wang4/wang4.mtx,12.984999
/data/UFget/MM/Watson/chem_master1/chem_master1.mtx,13.319648
/data/UFget/MM/Watson/Baumann/Baumann.mtx,10.678256
/data/UFget/MM/Williams/mac_econ_fwd500/mac_econ_fwd500.mtx,10.961412
/data/UFget/MM/Williams/mc2depi/mc2depi.mtx,11.539463
/data/UFget/MM/Williams/cop20k_A/cop20k_A.mtx,7.408833
/data/UFget/MM/Williams/webbase-1M/webbase-1M.mtx,7.625182
/data/UFget/MM/Williams/cant/cant.mtx,14.111713
/data/UFget/MM/Williams/pdb1HYS/pdb1HYS.mtx,12.682148
/data/UFget/MM/Williams/consph/consph.mtx,9.712629
/data/UFget/MM/Wissgott/parabolic_fem/parabolic_fem.mtx,6.659148
/data/UFget/MM/Zaoui/kkt_power/kkt_power.mtx,4.845805
/data/UFget/MM/Zhao/Zhao1/Zhao1.mtx,11.267514
/data/UFget/MM/Zhao/Zhao2/Zhao2.mtx,10.870968
