/data/UFget/MM/ACUSIM/Pres_Poisson/Pres_Poisson.mtx,1.177709
/data/UFget/MM/AG-Monien/cca/cca.mtx,0.533336
/data/UFget/MM/AG-Monien/shock-9/shock-9.mtx,0.675677
/data/UFget/MM/AG-Monien/ccc/ccc.mtx,0.573508
/data/UFget/MM/AG-Monien/bfly/bfly.mtx,0.724741
/data/UFget/MM/AG-Monien/brack2/brack2.mtx,1.418206
/data/UFget/MM/AG-Monien/wave/wave.mtx,1.133828
/data/UFget/MM/AG-Monien/debr/debr.mtx,0.477331
/data/UFget/MM/AMD/G2_circuit/G2_circuit.mtx,0.524833
/data/UFget/MM/AMD/G3_circuit/G3_circuit.mtx,0.556797
/data/UFget/MM/Andrews/Andrews/Andrews.mtx,1.425195
/data/UFget/MM/Andrianov/lpl1/lpl1.mtx,1.245921
/data/UFget/MM/Andrianov/net25/net25.mtx,1.037569
/data/UFget/MM/Andrianov/fxm4_6/fxm4_6.mtx,0.782977
/data/UFget/MM/Andrianov/ex3sta1/ex3sta1.mtx,1.092439
/data/UFget/MM/Andrianov/pf2177/pf2177.mtx,1.244904
/data/UFget/MM/Andrianov/net50/net50.mtx,1.427229
/data/UFget/MM/Andrianov/net75/net75.mtx,1.959148
/data/UFget/MM/Andrianov/lp1/lp1.mtx,0.384745
/data/UFget/MM/Andrianov/net100/net100.mtx,2.247267
/data/UFget/MM/Andrianov/net4-1/net4-1.mtx,1.818327
/data/UFget/MM/Andrianov/net125/net125.mtx,2.174532
/data/UFget/MM/Andrianov/ins2/ins2.mtx,0.834035
/data/UFget/MM/Andrianov/net150/net150.mtx,2.447669
/data/UFget/MM/Andrianov/pattern1/pattern1.mtx,4.234178
/data/UFget/MM/Andrianov/mip1/mip1.mtx,3.501485
/data/UFget/MM/ATandT/onetone2/onetone2.mtx,0.945581
/data/UFget/MM/ATandT/onetone1/onetone1.mtx,1.245686
/data/UFget/MM/ATandT/twotone/twotone.mtx,0.975187
/data/UFget/MM/ATandT/pre2/pre2.mtx,0.933171
/data/UFget/MM/Averous/epb2/epb2.mtx,0.998911
/data/UFget/MM/Averous/epb3/epb3.mtx,0.556867
/data/UFget/MM/Bai/mhd4800a/mhd4800a.mtx,0.363617
/data/UFget/MM/Bai/af23560/af23560.mtx,0.863320
/data/UFget/MM/Bai/qc2534/qc2534.mtx,4.181368
/data/UFget/MM/Barabasi/NotreDame_www/NotreDame_www.mtx,0.354242
/data/UFget/MM/Belcastro/human_gene2/human_gene2.mtx,4.390667
/data/UFget/MM/Belcastro/human_gene1/human_gene1.mtx,4.250124
/data/UFget/MM/Belcastro/mouse_gene/mouse_gene.mtx,3.835079
/data/UFget/MM/BenElechi/BenElechi1/BenElechi1.mtx,2.955171
/data/UFget/MM/Bindel/ted_B/ted_B.mtx,1.430181
/data/UFget/MM/Bindel/ted_B_unscaled/ted_B_unscaled.mtx,1.399616
/data/UFget/MM/Bindel/ted_A/ted_A.mtx,0.884340
/data/UFget/MM/Bindel/ted_A_unscaled/ted_A_unscaled.mtx,1.055819
/data/UFget/MM/Bindel/ted_AB/ted_AB.mtx,1.254927
/data/UFget/MM/Bindel/ted_AB_unscaled/ted_AB_unscaled.mtx,1.254252
/data/UFget/MM/Bodendiek/CurlCurl_0/CurlCurl_0.mtx,1.118194
/data/UFget/MM/Bodendiek/CurlCurl_1/CurlCurl_1.mtx,1.020984
/data/UFget/MM/Bodendiek/CurlCurl_2/CurlCurl_2.mtx,1.082934
/data/UFget/MM/Bodendiek/CurlCurl_3/CurlCurl_3.mtx,1.106644
/data/UFget/MM/Bodendiek/CurlCurl_4/CurlCurl_4.mtx,1.126539
/data/UFget/MM/Boeing/nasa4704/nasa4704.mtx,0.391570
/data/UFget/MM/Boeing/crystm01/crystm01.mtx,0.354493
/data/UFget/MM/Boeing/nasa2910/nasa2910.mtx,0.634383
/data/UFget/MM/Boeing/crystk01/crystk01.mtx,0.809915
/data/UFget/MM/Boeing/bcsstm36/bcsstm36.mtx,1.714273
/data/UFget/MM/Boeing/crystm02/crystm02.mtx,0.654831
/data/UFget/MM/Boeing/bcsstk38/bcsstk38.mtx,0.860599
/data/UFget/MM/Boeing/crystm03/crystm03.mtx,0.940952
/data/UFget/MM/Boeing/crystk02/crystk02.mtx,1.752301
/data/UFget/MM/Boeing/pcrystk02/pcrystk02.mtx,1.537451
/data/UFget/MM/Boeing/bcsstk37/bcsstk37.mtx,1.494223
/data/UFget/MM/Boeing/msc23052/msc23052.mtx,1.694616
/data/UFget/MM/Boeing/bcsstk36/bcsstk36.mtx,1.513109
/data/UFget/MM/Boeing/msc10848/msc10848.mtx,2.072940
/data/UFget/MM/Boeing/bcsstk35/bcsstk35.mtx,1.703792
/data/UFget/MM/Boeing/crystk03/crystk03.mtx,2.069219
/data/UFget/MM/Boeing/pcrystk03/pcrystk03.mtx,2.095447
/data/UFget/MM/Boeing/bcsstk39/bcsstk39.mtx,2.129944
/data/UFget/MM/Boeing/ct20stif/ct20stif.mtx,2.262759
/data/UFget/MM/Boeing/pct20stif/pct20stif.mtx,2.251616
/data/UFget/MM/Boeing/pwtk/pwtk.mtx,2.988257
/data/UFget/MM/Bomhof/circuit_4/circuit_4.mtx,0.403626
/data/UFget/MM/Botonakis/FEM_3D_thermal1/FEM_3D_thermal1.mtx,0.876831
/data/UFget/MM/Botonakis/thermomech_TC/thermomech_TC.mtx,0.571799
/data/UFget/MM/Botonakis/thermomech_TK/thermomech_TK.mtx,0.613673
/data/UFget/MM/Botonakis/thermomech_dM/thermomech_dM.mtx,0.658421
/data/UFget/MM/Botonakis/thermomech_dK/thermomech_dK.mtx,1.104398
/data/UFget/MM/Botonakis/FEM_3D_thermal2/FEM_3D_thermal2.mtx,1.904140
/data/UFget/MM/Bourchtein/atmosmodd/atmosmodd.mtx,0.764283
/data/UFget/MM/Bourchtein/atmosmodj/atmosmodj.mtx,0.760686
/data/UFget/MM/Bourchtein/atmosmodl/atmosmodl.mtx,0.754611
/data/UFget/MM/Bourchtein/atmosmodm/atmosmodm.mtx,0.755518
/data/UFget/MM/Bova/rma10/rma10.mtx,2.130736
/data/UFget/MM/Brethour/coater2/coater2.mtx,0.673083
/data/UFget/MM/Castrillon/denormal/denormal.mtx,1.192188
/data/UFget/MM/CEMW/vfem/vfem.mtx,1.257772
/data/UFget/MM/CEMW/tmt_unsym/tmt_unsym.mtx,0.594031
/data/UFget/MM/CEMW/t2em/t2em.mtx,0.582423
/data/UFget/MM/CEMW/tmt_sym/tmt_sym.mtx,0.754123
/data/UFget/MM/Chen/pkustk02/pkustk02.mtx,1.507663
/data/UFget/MM/Chen/pkustk01/pkustk01.mtx,1.561007
/data/UFget/MM/Chen/pkustk09/pkustk09.mtx,2.018899
/data/UFget/MM/Chen/pkustk05/pkustk05.mtx,2.112672
/data/UFget/MM/Chen/pkustk07/pkustk07.mtx,4.114924
/data/UFget/MM/Chen/pkustk06/pkustk06.mtx,2.292572
/data/UFget/MM/Chen/pkustk03/pkustk03.mtx,2.244662
/data/UFget/MM/Chen/pkustk08/pkustk08.mtx,4.058527
/data/UFget/MM/Chen/pkustk04/pkustk04.mtx,3.420470
/data/UFget/MM/Chen/pkustk10/pkustk10.mtx,2.554258
/data/UFget/MM/Chen/pkustk11/pkustk11.mtx,2.819993
/data/UFget/MM/Chen/pkustk13/pkustk13.mtx,2.987060
/data/UFget/MM/Chen/pkustk12/pkustk12.mtx,2.998407
/data/UFget/MM/Chen/pkustk14/pkustk14.mtx,3.562624
/data/UFget/MM/Chevron/Chevron1/Chevron1.mtx,1.315132
/data/UFget/MM/Chevron/Chevron2/Chevron2.mtx,0.848792
/data/UFget/MM/Chevron/Chevron3/Chevron3.mtx,0.962176
/data/UFget/MM/Chevron/Chevron4/Chevron4.mtx,0.976015
/data/UFget/MM/Cote/mplate/mplate.mtx,0.419482
/data/UFget/MM/Cote/vibrobox/vibrobox.mtx,0.753707
/data/UFget/MM/CPM/cz10228/cz10228.mtx,1.113736
/data/UFget/MM/CPM/cz20468/cz20468.mtx,1.288923
/data/UFget/MM/CPM/cz40948/cz40948.mtx,1.395166
/data/UFget/MM/Cunningham/k3plates/k3plates.mtx,0.905988
/data/UFget/MM/Cunningham/qa8fk/qa8fk.mtx,1.806288
/data/UFget/MM/Cunningham/qa8fm/qa8fm.mtx,1.801328
/data/UFget/MM/Cylshell/s3rmt3m3/s3rmt3m3.mtx,0.720865
/data/UFget/MM/Cylshell/s1rmt3m1/s1rmt3m1.mtx,0.616363
/data/UFget/MM/Cylshell/s3rmt3m1/s3rmt3m1.mtx,0.539406
/data/UFget/MM/Cylshell/s2rmt3m1/s2rmt3m1.mtx,0.635865
/data/UFget/MM/Cylshell/s1rmq4m1/s1rmq4m1.mtx,0.879840
/data/UFget/MM/Cylshell/s3rmq4m1/s3rmq4m1.mtx,0.703058
/data/UFget/MM/Cylshell/s2rmq4m1/s2rmq4m1.mtx,0.720286
/data/UFget/MM/Dehghani/light_in_tissue/light_in_tissue.mtx,1.749723
/data/UFget/MM/DIMACS10/vsp_p0291_seymourl_iiasa/vsp_p0291_seymourl_iiasa.mtx,1.047343
/data/UFget/MM/DIMACS10/vsp_data_and_seymourl/vsp_data_and_seymourl.mtx,1.181990
/data/UFget/MM/DIMACS10/de2010/de2010.mtx,0.665559
/data/UFget/MM/DIMACS10/hi2010/hi2010.mtx,0.690722
/data/UFget/MM/DIMACS10/vsp_c-30_data_data/vsp_c-30_data_data.mtx,1.112923
/data/UFget/MM/DIMACS10/ri2010/ri2010.mtx,0.707657
/data/UFget/MM/DIMACS10/wing_nodal/wing_nodal.mtx,1.401990
/data/UFget/MM/DIMACS10/vt2010/vt2010.mtx,0.700206
/data/UFget/MM/DIMACS10/t60k/t60k.mtx,0.577896
/data/UFget/MM/DIMACS10/vsp_befref_fxm_2_4_air02/vsp_befref_fxm_2_4_air02.mtx,1.277685
/data/UFget/MM/DIMACS10/delaunay_n15/delaunay_n15.mtx,0.878953
/data/UFget/MM/DIMACS10/vsp_barth5_1Ksep_50in_5Kout/vsp_barth5_1Ksep_50in_5Kout.mtx,0.939792
/data/UFget/MM/DIMACS10/ak2010/ak2010.mtx,0.721616
/data/UFget/MM/DIMACS10/nh2010/nh2010.mtx,0.714452
/data/UFget/MM/DIMACS10/luxembourg_osm/luxembourg_osm.mtx,0.247202
/data/UFget/MM/DIMACS10/wing/wing.mtx,0.675449
/data/UFget/MM/DIMACS10/vsp_sctap1-2b_and_seymourl/vsp_sctap1-2b_and_seymourl.mtx,0.922127
/data/UFget/MM/DIMACS10/rgg_n_2_15_s0/rgg_n_2_15_s0.mtx,1.319936
/data/UFget/MM/DIMACS10/fe_body/fe_body.mtx,1.074566
/data/UFget/MM/DIMACS10/me2010/me2010.mtx,0.438785
/data/UFget/MM/DIMACS10/ct2010/ct2010.mtx,0.422624
/data/UFget/MM/DIMACS10/vsp_south31_slptsk/vsp_south31_slptsk.mtx,1.106695
/data/UFget/MM/DIMACS10/vsp_model1_crew1_cr42_south31/vsp_model1_crew1_cr42_south31.mtx,1.019159
/data/UFget/MM/DIMACS10/delaunay_n16/delaunay_n16.mtx,0.599830
/data/UFget/MM/DIMACS10/sd2010/sd2010.mtx,0.433975
/data/UFget/MM/DIMACS10/nv2010/nv2010.mtx,0.436235
/data/UFget/MM/DIMACS10/wy2010/wy2010.mtx,0.466585
/data/UFget/MM/DIMACS10/vsp_c-60_data_cti_cs4/vsp_c-60_data_cti_cs4.mtx,0.506216
/data/UFget/MM/DIMACS10/ut2010/ut2010.mtx,0.490323
/data/UFget/MM/DIMACS10/vsp_bump2_e18_aa01_model1_crew1/vsp_bump2_e18_aa01_model1_crew1.mtx,1.195529
/data/UFget/MM/DIMACS10/nd2010/nd2010.mtx,0.486293
/data/UFget/MM/DIMACS10/mt2010/mt2010.mtx,0.513870
/data/UFget/MM/DIMACS10/wv2010/wv2010.mtx,0.521441
/data/UFget/MM/DIMACS10/rgg_n_2_16_s0/rgg_n_2_16_s0.mtx,0.986840
/data/UFget/MM/DIMACS10/md2010/md2010.mtx,0.504270
/data/UFget/MM/DIMACS10/id2010/id2010.mtx,0.511026
/data/UFget/MM/DIMACS10/ma2010/ma2010.mtx,0.508120
/data/UFget/MM/DIMACS10/vsp_mod2_pgp2_slptsk/vsp_mod2_pgp2_slptsk.mtx,0.677241
/data/UFget/MM/DIMACS10/delaunay_n17/delaunay_n17.mtx,0.620565
/data/UFget/MM/DIMACS10/ky2010/ky2010.mtx,0.529187
/data/UFget/MM/DIMACS10/fe_ocean/fe_ocean.mtx,0.629049
/data/UFget/MM/DIMACS10/nj2010/nj2010.mtx,0.514492
/data/UFget/MM/DIMACS10/nm2010/nm2010.mtx,0.531770
/data/UFget/MM/DIMACS10/ms2010/ms2010.mtx,0.511688
/data/UFget/MM/DIMACS10/vsp_vibrobox_scagr7-2c_rlfddd/vsp_vibrobox_scagr7-2c_rlfddd.mtx,0.858007
/data/UFget/MM/DIMACS10/sc2010/sc2010.mtx,0.526054
/data/UFget/MM/DIMACS10/ar2010/ar2010.mtx,0.527484
/data/UFget/MM/DIMACS10/fe_tooth/fe_tooth.mtx,1.032036
/data/UFget/MM/DIMACS10/ne2010/ne2010.mtx,0.522196
/data/UFget/MM/DIMACS10/wa2010/wa2010.mtx,0.496748
/data/UFget/MM/DIMACS10/co2010/co2010.mtx,0.524479
/data/UFget/MM/DIMACS10/or2010/or2010.mtx,0.534393
/data/UFget/MM/DIMACS10/la2010/la2010.mtx,0.508897
/data/UFget/MM/DIMACS10/preferentialAttachment/preferentialAttachment.mtx,0.768179
/data/UFget/MM/DIMACS10/smallworld/smallworld.mtx,0.921492
/data/UFget/MM/DIMACS10/G_n_pin_pout/G_n_pin_pout.mtx,0.772005
/data/UFget/MM/DIMACS10/ia2010/ia2010.mtx,0.499509
/data/UFget/MM/DIMACS10/vsp_finan512_scagr7-2c_rlfddd/vsp_finan512_scagr7-2c_rlfddd.mtx,0.706592
/data/UFget/MM/DIMACS10/ks2010/ks2010.mtx,0.528562
/data/UFget/MM/DIMACS10/tn2010/tn2010.mtx,0.537785
/data/UFget/MM/DIMACS10/az2010/az2010.mtx,0.521863
/data/UFget/MM/DIMACS10/wi2010/wi2010.mtx,0.527038
/data/UFget/MM/DIMACS10/caidaRouterLevel/caidaRouterLevel.mtx,0.572923
/data/UFget/MM/DIMACS10/mn2010/mn2010.mtx,0.523254
/data/UFget/MM/DIMACS10/al2010/al2010.mtx,0.518013
/data/UFget/MM/DIMACS10/ok2010/ok2010.mtx,0.514647
/data/UFget/MM/DIMACS10/in2010/in2010.mtx,0.537089
/data/UFget/MM/DIMACS10/fe_rotor/fe_rotor.mtx,1.098290
/data/UFget/MM/DIMACS10/va2010/va2010.mtx,0.538562
/data/UFget/MM/DIMACS10/nc2010/nc2010.mtx,0.537871
/data/UFget/MM/DIMACS10/ga2010/ga2010.mtx,0.552590
/data/UFget/MM/DIMACS10/rgg_n_2_17_s0/rgg_n_2_17_s0.mtx,1.087926
/data/UFget/MM/DIMACS10/598a/598a.mtx,0.945054
/data/UFget/MM/DIMACS10/delaunay_n18/delaunay_n18.mtx,0.640659
/data/UFget/MM/DIMACS10/mi2010/mi2010.mtx,0.518417
/data/UFget/MM/DIMACS10/coAuthorsCiteseer/coAuthorsCiteseer.mtx,0.686275
/data/UFget/MM/DIMACS10/mo2010/mo2010.mtx,0.531578
/data/UFget/MM/DIMACS10/ny2010/ny2010.mtx,0.532158
/data/UFget/MM/DIMACS10/oh2010/oh2010.mtx,0.542616
/data/UFget/MM/DIMACS10/coAuthorsDBLP/coAuthorsDBLP.mtx,0.646292
/data/UFget/MM/DIMACS10/pa2010/pa2010.mtx,0.536786
/data/UFget/MM/DIMACS10/144/144.mtx,0.974101
/data/UFget/MM/DIMACS10/il2010/il2010.mtx,0.503106
/data/UFget/MM/DIMACS10/citationCiteseer/citationCiteseer.mtx,0.705370
/data/UFget/MM/DIMACS10/fl2010/fl2010.mtx,0.505086
/data/UFget/MM/DIMACS10/vsp_msc10848_300sep_100in_1Kout/vsp_msc10848_300sep_100in_1Kout.mtx,2.323958
/data/UFget/MM/DIMACS10/rgg_n_2_18_s0/rgg_n_2_18_s0.mtx,1.075501
/data/UFget/MM/DIMACS10/belgium_osm/belgium_osm.mtx,0.266944
/data/UFget/MM/DIMACS10/delaunay_n19/delaunay_n19.mtx,0.598790
/data/UFget/MM/DIMACS10/m14b/m14b.mtx,0.998378
/data/UFget/MM/DIMACS10/ca2010/ca2010.mtx,0.518578
/data/UFget/MM/DIMACS10/vsp_bcsstk30_500sep_10in_1Kout/vsp_bcsstk30_500sep_10in_1Kout.mtx,1.840990
/data/UFget/MM/DIMACS10/tx2010/tx2010.mtx,0.525272
/data/UFget/MM/DIMACS10/netherlands_osm/netherlands_osm.mtx,0.294309
/data/UFget/MM/DIMACS10/kron_g500-logn16/kron_g500-logn16.mtx,2.181502
/data/UFget/MM/DIMACS10/NACA0015/NACA0015.mtx,0.579404
/data/UFget/MM/DIMACS10/delaunay_n20/delaunay_n20.mtx,0.639772
/data/UFget/MM/DIMACS10/rgg_n_2_19_s0/rgg_n_2_19_s0.mtx,1.182595
/data/UFget/MM/DIMACS10/auto/auto.mtx,0.936040
/data/UFget/MM/DIMACS10/kron_g500-logn17/kron_g500-logn17.mtx,2.006819
/data/UFget/MM/DIMACS10/delaunay_n21/delaunay_n21.mtx,0.642182
/data/UFget/MM/DIMACS10/hugetrace-00000/hugetrace-00000.mtx,0.372980
/data/UFget/MM/DIMACS10/rgg_n_2_20_s0/rgg_n_2_20_s0.mtx,1.236104
/data/UFget/MM/DIMACS10/italy_osm/italy_osm.mtx,0.275628
/data/UFget/MM/DIMACS10/venturiLevel3/venturiLevel3.mtx,0.467060
/data/UFget/MM/DIMACS10/great-britain_osm/great-britain_osm.mtx,0.281738
/data/UFget/MM/DIMACS10/hugetric-00000/hugetric-00000.mtx,0.369923
/data/UFget/MM/DIMACS10/hugetric-00010/hugetric-00010.mtx,0.350725
/data/UFget/MM/DIMACS10/M6/M6.mtx,0.621627
/data/UFget/MM/DIMACS10/kron_g500-logn18/kron_g500-logn18.mtx,1.899563
/data/UFget/MM/DIMACS10/hugetric-00020/hugetric-00020.mtx,0.351069
/data/UFget/MM/DIMACS10/333SP/333SP.mtx,0.578581
/data/UFget/MM/DIMACS10/AS365/AS365.mtx,0.596265
/data/UFget/MM/DIMACS10/germany_osm/germany_osm.mtx,0.283200
/data/UFget/MM/DIMACS10/NLR/NLR.mtx,0.620235
/data/UFget/MM/DIMACS10/delaunay_n22/delaunay_n22.mtx,0.636794
/data/UFget/MM/DIMACS10/asia_osm/asia_osm.mtx,0.284855
/data/UFget/MM/DIMACS10/adaptive/adaptive.mtx,0.476477
/data/UFget/MM/DIMACS10/rgg_n_2_21_s0/rgg_n_2_21_s0.mtx,1.285750
/data/UFget/MM/DIMACS10/coPapersDBLP/coPapersDBLP.mtx,2.493134
/data/UFget/MM/DIMACS10/coPapersCiteseer/coPapersCiteseer.mtx,2.805284
/data/UFget/MM/DIMACS10/road_central/road_central.mtx,0.295354
/data/UFget/MM/DIMACS10/packing-500x100x100-b050/packing-500x100x100-b050.mtx,1.515859
/data/UFget/MM/DIMACS10/hugetrace-00010/hugetrace-00010.mtx,0.356877
/data/UFget/MM/DIMACS10/kron_g500-logn19/kron_g500-logn19.mtx,1.856339
/data/UFget/MM/DIMACS10/hugetrace-00020/hugetrace-00020.mtx,0.355221
/data/UFget/MM/DIMACS10/delaunay_n23/delaunay_n23.mtx,0.638375
/data/UFget/MM/DIMACS10/hugebubbles-00000/hugebubbles-00000.mtx,0.373047
/data/UFget/MM/DIMACS10/road_usa/road_usa.mtx,0.303357
/data/UFget/MM/DIMACS10/hugebubbles-00010/hugebubbles-00010.mtx,0.352792
/data/UFget/MM/DIMACS10/rgg_n_2_22_s0/rgg_n_2_22_s0.mtx,1.329478
/data/UFget/MM/DIMACS10/hugebubbles-00020/hugebubbles-00020.mtx,0.350595
/data/UFget/MM/DIMACS10/channel-500x100x100-b050/channel-500x100x100-b050.mtx,1.637493
/data/UFget/MM/DIMACS10/kron_g500-logn20/kron_g500-logn20.mtx,1.861694
/data/UFget/MM/DIMACS10/delaunay_n24/delaunay_n24.mtx,0.625994
/data/UFget/MM/DIMACS10/rgg_n_2_23_s0/rgg_n_2_23_s0.mtx,1.333015
/data/UFget/MM/DIMACS10/kron_g500-logn21/kron_g500-logn21.mtx,1.801782
/data/UFget/MM/DNVS/crplat2/crplat2.mtx,1.345902
/data/UFget/MM/DNVS/trdheim/trdheim.mtx,2.364307
/data/UFget/MM/DNVS/tsyl201/tsyl201.mtx,2.517899
/data/UFget/MM/DNVS/shipsec8/shipsec8.mtx,2.951896
/data/UFget/MM/DNVS/shipsec1/shipsec1.mtx,2.913944
/data/UFget/MM/DNVS/ship_003/ship_003.mtx,3.066204
/data/UFget/MM/DNVS/ship_001/ship_001.mtx,4.161046
/data/UFget/MM/DNVS/thread/thread.mtx,4.097875
/data/UFget/MM/DNVS/shipsec5/shipsec5.mtx,2.889072
/data/UFget/MM/DNVS/x104/x104.mtx,3.427240
/data/UFget/MM/DNVS/m_t1/m_t1.mtx,3.381594
/data/UFget/MM/DNVS/fcondp2/fcondp2.mtx,2.964725
/data/UFget/MM/DNVS/fullb/fullb.mtx,3.039241
/data/UFget/MM/DNVS/troll/troll.mtx,3.004869
/data/UFget/MM/DNVS/halfb/halfb.mtx,2.992297
/data/UFget/MM/DRIVCAV/cavity17/cavity17.mtx,0.442906
/data/UFget/MM/DRIVCAV/cavity19/cavity19.mtx,0.454483
/data/UFget/MM/DRIVCAV/cavity21/cavity21.mtx,0.440155
/data/UFget/MM/DRIVCAV/cavity23/cavity23.mtx,0.441468
/data/UFget/MM/DRIVCAV/cavity25/cavity25.mtx,0.438900
/data/UFget/MM/DRIVCAV/cavity16/cavity16.mtx,0.464909
/data/UFget/MM/DRIVCAV/cavity18/cavity18.mtx,0.599226
/data/UFget/MM/DRIVCAV/cavity20/cavity20.mtx,0.593881
/data/UFget/MM/DRIVCAV/cavity22/cavity22.mtx,0.455633
/data/UFget/MM/DRIVCAV/cavity24/cavity24.mtx,0.603429
/data/UFget/MM/DRIVCAV/cavity26/cavity26.mtx,0.445015
/data/UFget/MM/Dziekonski/gsm_106857/gsm_106857.mtx,1.880863
/data/UFget/MM/Dziekonski/dielFilterV2clx/dielFilterV2clx.mtx,2.572309
/data/UFget/MM/Dziekonski/dielFilterV3clx/dielFilterV3clx.mtx,3.568487
/data/UFget/MM/Dziekonski/dielFilterV2real/dielFilterV2real.mtx,2.526714
/data/UFget/MM/Dziekonski/dielFilterV3real/dielFilterV3real.mtx,3.539116
/data/UFget/MM/Engwirda/airfoil_2d/airfoil_2d.mtx,0.633149
/data/UFget/MM/FEMLAB/waveguide3D/waveguide3D.mtx,1.424243
/data/UFget/MM/FEMLAB/poisson3Da/poisson3Da.mtx,0.631073
/data/UFget/MM/FEMLAB/sme3Da/sme3Da.mtx,1.386913
/data/UFget/MM/FEMLAB/ns3Da/ns3Da.mtx,1.927012
/data/UFget/MM/FEMLAB/sme3Db/sme3Db.mtx,2.121957
/data/UFget/MM/FEMLAB/poisson3Db/poisson3Db.mtx,1.416005
/data/UFget/MM/FEMLAB/sme3Dc/sme3Dc.mtx,2.057587
/data/UFget/MM/FIDAP/ex35/ex35.mtx,1.410706
/data/UFget/MM/FIDAP/ex19/ex19.mtx,0.640219
/data/UFget/MM/FIDAP/ex40/ex40.mtx,1.062227
/data/UFget/MM/FIDAP/ex11/ex11.mtx,1.656365
/data/UFget/MM/Fluorem/GT01R/GT01R.mtx,1.038610
/data/UFget/MM/Fluorem/PR02R/PR02R.mtx,2.743189
/data/UFget/MM/Fluorem/RM07R/RM07R.mtx,3.763110
/data/UFget/MM/FreeFieldTechnologies/mono_500Hz/mono_500Hz.mtx,1.865665
/data/UFget/MM/Freescale/transient/transient.mtx,0.575454
/data/UFget/MM/Freescale/memchip/memchip.mtx,0.608418
/data/UFget/MM/Freescale/Freescale2/Freescale2.mtx,0.827606
/data/UFget/MM/Freescale/circuit5M_dc/circuit5M_dc.mtx,0.611173
/data/UFget/MM/Freescale/Freescale1/Freescale1.mtx,0.627274
/data/UFget/MM/Freescale/FullChip/FullChip.mtx,0.874973
/data/UFget/MM/Freescale/circuit5M/circuit5M.mtx,0.991332
/data/UFget/MM/Garon/garon2/garon2.mtx,0.859774
/data/UFget/MM/GHS_indef/bloweybl/bloweybl.mtx,0.690254
/data/UFget/MM/GHS_indef/cvxqp3/cvxqp3.mtx,0.929213
/data/UFget/MM/GHS_indef/aug3dcqp/aug3dcqp.mtx,0.628132
/data/UFget/MM/GHS_indef/stokes64/stokes64.mtx,1.317184
/data/UFget/MM/GHS_indef/stokes64s/stokes64s.mtx,1.343881
/data/UFget/MM/GHS_indef/bloweya/bloweya.mtx,0.775343
/data/UFget/MM/GHS_indef/bratu3d/bratu3d.mtx,0.979495
/data/UFget/MM/GHS_indef/brainpc2/brainpc2.mtx,0.880317
/data/UFget/MM/GHS_indef/mario001/mario001.mtx,0.828586
/data/UFget/MM/GHS_indef/spmsrtls/spmsrtls.mtx,1.110251
/data/UFget/MM/GHS_indef/a5esindl/a5esindl.mtx,0.708100
/data/UFget/MM/GHS_indef/dixmaanl/dixmaanl.mtx,0.811799
/data/UFget/MM/GHS_indef/a2nnsnsl/a2nnsnsl.mtx,0.409465
/data/UFget/MM/GHS_indef/ncvxbqp1/ncvxbqp1.mtx,1.007151
/data/UFget/MM/GHS_indef/a0nsdsil/a0nsdsil.mtx,0.413631
/data/UFget/MM/GHS_indef/c-55/c-55.mtx,1.399808
/data/UFget/MM/GHS_indef/ncvxqp5/ncvxqp5.mtx,1.021366
/data/UFget/MM/GHS_indef/helm3d01/helm3d01.mtx,1.509798
/data/UFget/MM/GHS_indef/c-63/c-63.mtx,1.235913
/data/UFget/MM/GHS_indef/cont-201/cont-201.mtx,0.548841
/data/UFget/MM/GHS_indef/c-59/c-59.mtx,1.358849
/data/UFget/MM/GHS_indef/ncvxqp3/ncvxqp3.mtx,0.639765
/data/UFget/MM/GHS_indef/c-58/c-58.mtx,1.520937
/data/UFget/MM/GHS_indef/stokes128/stokes128.mtx,1.588080
/data/UFget/MM/GHS_indef/c-62ghs/c-62ghs.mtx,1.521603
/data/UFget/MM/GHS_indef/k1_san/k1_san.mtx,0.672911
/data/UFget/MM/GHS_indef/c-68/c-68.mtx,1.147712
/data/UFget/MM/GHS_indef/ncvxqp7/ncvxqp7.mtx,0.578671
/data/UFget/MM/GHS_indef/c-69/c-69.mtx,0.724113
/data/UFget/MM/GHS_indef/blockqp1/blockqp1.mtx,1.271016
/data/UFget/MM/GHS_indef/c-70/c-70.mtx,0.726629
/data/UFget/MM/GHS_indef/c-72/c-72.mtx,0.688911
/data/UFget/MM/GHS_indef/olesnik0/olesnik0.mtx,0.757568
/data/UFget/MM/GHS_indef/copter2/copter2.mtx,1.559714
/data/UFget/MM/GHS_indef/c-71/c-71.mtx,0.888737
/data/UFget/MM/GHS_indef/cont-300/cont-300.mtx,0.595690
/data/UFget/MM/GHS_indef/dawson5/dawson5.mtx,0.995070
/data/UFget/MM/GHS_indef/boyd1/boyd1.mtx,0.995985
/data/UFget/MM/GHS_indef/boyd2/boyd2.mtx,0.398157
/data/UFget/MM/GHS_indef/sparsine/sparsine.mtx,1.327718
/data/UFget/MM/GHS_indef/d_pretok/d_pretok.mtx,0.891847
/data/UFget/MM/GHS_indef/turon_m/turon_m.mtx,0.893812
/data/UFget/MM/GHS_indef/darcy003/darcy003.mtx,0.554633
/data/UFget/MM/GHS_indef/mario002/mario002.mtx,0.557991
/data/UFget/MM/GHS_indef/exdata_1/exdata_1.mtx,4.119498
/data/UFget/MM/GHS_indef/helm2d03/helm2d03.mtx,0.693461
/data/UFget/MM/GHS_indef/bmw3_2/bmw3_2.mtx,2.755517
/data/UFget/MM/GHS_psdef/ford1/ford1.mtx,0.790834
/data/UFget/MM/GHS_psdef/pds10/pds10.mtx,1.121692
/data/UFget/MM/GHS_psdef/obstclae/obstclae.mtx,0.831144
/data/UFget/MM/GHS_psdef/torsion1/torsion1.mtx,0.823586
/data/UFget/MM/GHS_psdef/jnlbrng1/jnlbrng1.mtx,0.829348
/data/UFget/MM/GHS_psdef/minsurfo/minsurfo.mtx,0.830471
/data/UFget/MM/GHS_psdef/copter1/copter1.mtx,1.348618
/data/UFget/MM/GHS_psdef/finance256/finance256.mtx,1.228768
/data/UFget/MM/GHS_psdef/pwt/pwt.mtx,1.263301
/data/UFget/MM/GHS_psdef/cvxbqp1/cvxbqp1.mtx,1.021362
/data/UFget/MM/GHS_psdef/wathen100/wathen100.mtx,1.825924
/data/UFget/MM/GHS_psdef/gridgena/gridgena.mtx,1.456340
/data/UFget/MM/GHS_psdef/apache1/apache1.mtx,0.585645
/data/UFget/MM/GHS_psdef/ford2/ford2.mtx,0.522251
/data/UFget/MM/GHS_psdef/wathen120/wathen120.mtx,1.886483
/data/UFget/MM/GHS_psdef/copter2/copter2.mtx,1.611586
/data/UFget/MM/GHS_psdef/opt1/opt1.mtx,2.533030
/data/UFget/MM/GHS_psdef/oilpan/oilpan.mtx,2.550081
/data/UFget/MM/GHS_psdef/vanbody/vanbody.mtx,1.997955
/data/UFget/MM/GHS_psdef/ramage02/ramage02.mtx,4.266384
/data/UFget/MM/GHS_psdef/srb1/srb1.mtx,2.462899
/data/UFget/MM/GHS_psdef/s3dkt3m2/s3dkt3m2.mtx,2.479879
/data/UFget/MM/GHS_psdef/s3dkq4m2/s3dkq4m2.mtx,2.700654
/data/UFget/MM/GHS_psdef/apache2/apache2.mtx,0.734209
/data/UFget/MM/GHS_psdef/bmw7st_1/bmw7st_1.mtx,2.817734
/data/UFget/MM/GHS_psdef/hood/hood.mtx,2.739869
/data/UFget/MM/GHS_psdef/crankseg_1/crankseg_1.mtx,4.610434
/data/UFget/MM/GHS_psdef/bmwcra_1/bmwcra_1.mtx,3.220234
/data/UFget/MM/GHS_psdef/crankseg_2/crankseg_2.mtx,4.728545
/data/UFget/MM/GHS_psdef/inline_1/inline_1.mtx,3.296051
/data/UFget/MM/GHS_psdef/ldoor/ldoor.mtx,2.911401
/data/UFget/MM/GHS_psdef/audikw_1/audikw_1.mtx,3.530065
/data/UFget/MM/Gleich/usroads-48/usroads-48.mtx,0.298228
/data/UFget/MM/Gleich/usroads/usroads.mtx,0.302745
/data/UFget/MM/Gleich/flickr/flickr.mtx,0.861552
/data/UFget/MM/Gleich/wikipedia-20051105/wikipedia-20051105.mtx,0.860769
/data/UFget/MM/Gleich/wikipedia-20060925/wikipedia-20060925.mtx,0.857321
/data/UFget/MM/Gleich/wikipedia-20061104/wikipedia-20061104.mtx,0.857671
/data/UFget/MM/Gleich/wikipedia-20070206/wikipedia-20070206.mtx,0.866317
/data/UFget/MM/Gleich/wb-edu/wb-edu.mtx,0.671238
/data/UFget/MM/Goodwin/goodwin/goodwin.mtx,0.891174
/data/UFget/MM/Goodwin/rim/rim.mtx,1.541761
/data/UFget/MM/Graham/graham1/graham1.mtx,0.771325
/data/UFget/MM/Grund/bayer01/bayer01.mtx,0.823082
/data/UFget/MM/Gupta/gupta1/gupta1.mtx,1.920419
/data/UFget/MM/Gupta/gupta2/gupta2.mtx,3.030109
/data/UFget/MM/Gupta/gupta3/gupta3.mtx,3.462229
/data/UFget/MM/Hamm/bcircuit/bcircuit.mtx,0.460123
/data/UFget/MM/Hamm/hcircuit/hcircuit.mtx,0.502247
/data/UFget/MM/Hamm/scircuit/scircuit.mtx,0.584402
/data/UFget/MM/Hamrle/Hamrle3/Hamrle3.mtx,0.458628
/data/UFget/MM/HB/bcsstk15/bcsstk15.mtx,0.607536
/data/UFget/MM/HB/bcsstk18/bcsstk18.mtx,1.261833
/data/UFget/MM/HB/bcsstk24/bcsstk24.mtx,0.624446
/data/UFget/MM/HB/lock3491/lock3491.mtx,0.578002
/data/UFget/MM/HB/bcsstk28/bcsstk28.mtx,0.665101
/data/UFget/MM/HB/man_5976/man_5976.mtx,0.644033
/data/UFget/MM/HB/bcsstk25/bcsstk25.mtx,1.524635
/data/UFget/MM/HB/cegb2802/cegb2802.mtx,0.871267
/data/UFget/MM/HB/bcsstk16/bcsstk16.mtx,0.769241
/data/UFget/MM/HB/cegb2919/cegb2919.mtx,0.880298
/data/UFget/MM/HB/bcsstk17/bcsstk17.mtx,0.941382
/data/UFget/MM/HB/psmigr_2/psmigr_2.mtx,3.895175
/data/UFget/MM/HB/psmigr_1/psmigr_1.mtx,3.969359
/data/UFget/MM/HB/psmigr_3/psmigr_3.mtx,4.011886
/data/UFget/MM/HB/bcsstk33/bcsstk33.mtx,1.247425
/data/UFget/MM/HB/bcsstk29/bcsstk29.mtx,1.303851
/data/UFget/MM/HB/bcsstk31/bcsstk31.mtx,1.305270
/data/UFget/MM/HB/bcsstk32/bcsstk32.mtx,1.893485
/data/UFget/MM/HB/bcsstk30/bcsstk30.mtx,2.273872
/data/UFget/MM/Hohn/sinc12/sinc12.mtx,0.814358
/data/UFget/MM/Hohn/sinc15/sinc15.mtx,1.169479
/data/UFget/MM/Hohn/sinc18/sinc18.mtx,1.560645
/data/UFget/MM/Hollinger/mark3jac040/mark3jac040.mtx,0.841802
/data/UFget/MM/Hollinger/mark3jac040sc/mark3jac040sc.mtx,0.855555
/data/UFget/MM/Hollinger/g7jac040/g7jac040.mtx,1.150306
/data/UFget/MM/Hollinger/g7jac040sc/g7jac040sc.mtx,1.118133
/data/UFget/MM/Hollinger/jan99jac060/jan99jac060.mtx,0.858727
/data/UFget/MM/Hollinger/jan99jac060sc/jan99jac060sc.mtx,0.877822
/data/UFget/MM/Hollinger/g7jac050sc/g7jac050sc.mtx,1.274845
/data/UFget/MM/Hollinger/jan99jac080/jan99jac080.mtx,0.893487
/data/UFget/MM/Hollinger/jan99jac080sc/jan99jac080sc.mtx,0.909775
/data/UFget/MM/Hollinger/mark3jac060/mark3jac060.mtx,0.876317
/data/UFget/MM/Hollinger/mark3jac060sc/mark3jac060sc.mtx,0.883611
/data/UFget/MM/Hollinger/g7jac060/g7jac060.mtx,1.374981
/data/UFget/MM/Hollinger/g7jac060sc/g7jac060sc.mtx,1.361168
/data/UFget/MM/Hollinger/jan99jac100/jan99jac100.mtx,0.932738
/data/UFget/MM/Hollinger/jan99jac100sc/jan99jac100sc.mtx,0.949872
/data/UFget/MM/Hollinger/mark3jac080/mark3jac080.mtx,0.910769
/data/UFget/MM/Hollinger/mark3jac080sc/mark3jac080sc.mtx,0.911896
/data/UFget/MM/Hollinger/jan99jac120/jan99jac120.mtx,0.945450
/data/UFget/MM/Hollinger/jan99jac120sc/jan99jac120sc.mtx,0.953259
/data/UFget/MM/Hollinger/g7jac080/g7jac080.mtx,1.451699
/data/UFget/MM/Hollinger/g7jac080sc/g7jac080sc.mtx,1.507899
/data/UFget/MM/Hollinger/mark3jac100/mark3jac100.mtx,0.943093
/data/UFget/MM/Hollinger/mark3jac100sc/mark3jac100sc.mtx,0.916689
/data/UFget/MM/Hollinger/mark3jac120/mark3jac120.mtx,0.957002
/data/UFget/MM/Hollinger/mark3jac120sc/mark3jac120sc.mtx,0.956467
/data/UFget/MM/Hollinger/g7jac100/g7jac100.mtx,1.590083
/data/UFget/MM/Hollinger/g7jac100sc/g7jac100sc.mtx,1.595630
/data/UFget/MM/Hollinger/mark3jac140/mark3jac140.mtx,0.975459
/data/UFget/MM/Hollinger/mark3jac140sc/mark3jac140sc.mtx,0.974079
/data/UFget/MM/Hollinger/g7jac120/g7jac120.mtx,1.655965
/data/UFget/MM/Hollinger/g7jac120sc/g7jac120sc.mtx,1.643012
/data/UFget/MM/Hollinger/g7jac140/g7jac140.mtx,1.696675
/data/UFget/MM/Hollinger/g7jac140sc/g7jac140sc.mtx,1.682202
/data/UFget/MM/Hollinger/g7jac160/g7jac160.mtx,1.703067
/data/UFget/MM/Hollinger/g7jac160sc/g7jac160sc.mtx,1.722415
/data/UFget/MM/Hollinger/g7jac180/g7jac180.mtx,1.778063
/data/UFget/MM/Hollinger/g7jac180sc/g7jac180sc.mtx,1.781651
/data/UFget/MM/Hollinger/g7jac200/g7jac200.mtx,1.801724
/data/UFget/MM/Hollinger/g7jac200sc/g7jac200sc.mtx,1.789433
/data/UFget/MM/HVDC/hvdc1/hvdc1.mtx,0.937789
/data/UFget/MM/HVDC/hvdc2/hvdc2.mtx,0.714763
/data/UFget/MM/IBM_EDA/ckt11752_tr_0/ckt11752_tr_0.mtx,1.001913
/data/UFget/MM/IBM_EDA/ckt11752_dc_1/ckt11752_dc_1.mtx,1.010466
/data/UFget/MM/IBM_EDA/trans4/trans4.mtx,0.600915
/data/UFget/MM/IBM_EDA/trans5/trans5.mtx,0.646947
/data/UFget/MM/IBM_EDA/dc1/dc1.mtx,0.644873
/data/UFget/MM/IBM_EDA/dc2/dc2.mtx,0.643540
/data/UFget/MM/IBM_EDA/dc3/dc3.mtx,0.650944
/data/UFget/MM/INPRO/msdoor/msdoor.mtx,2.818858
/data/UFget/MM/IPSO/OPF_3754/OPF_3754.mtx,1.264391
/data/UFget/MM/IPSO/OPF_6000/OPF_6000.mtx,1.331146
/data/UFget/MM/IPSO/OPF_10000/OPF_10000.mtx,1.374072
/data/UFget/MM/IPSO/HTC_336_9129/HTC_336_9129.mtx,0.446547
/data/UFget/MM/IPSO/HTC_336_4438/HTC_336_4438.mtx,0.459111
/data/UFget/MM/IPSO/TSC_OPF_300/TSC_OPF_300.mtx,1.430680
/data/UFget/MM/IPSO/TSC_OPF_1047/TSC_OPF_1047.mtx,4.501899
/data/UFget/MM/Janna/CoupCons3D/CoupCons3D.mtx,3.098332
/data/UFget/MM/Janna/StocF-1465/StocF-1465.mtx,1.303609
/data/UFget/MM/Janna/Transport/Transport.mtx,1.360058
/data/UFget/MM/Janna/Fault_639/Fault_639.mtx,2.781904
/data/UFget/MM/Janna/ML_Laplace/ML_Laplace.mtx,3.495261
/data/UFget/MM/Janna/PFlow_742/PFlow_742.mtx,2.955160
/data/UFget/MM/Janna/Emilia_923/Emilia_923.mtx,2.797484
/data/UFget/MM/Janna/Hook_1498/Hook_1498.mtx,2.615461
/data/UFget/MM/Janna/Geo_1438/Geo_1438.mtx,2.757415
/data/UFget/MM/Janna/Serena/Serena.mtx,2.775364
/data/UFget/MM/Janna/Long_Coup_dt0/Long_Coup_dt0.mtx,3.202922
/data/UFget/MM/Janna/Long_Coup_dt6/Long_Coup_dt6.mtx,3.217527
/data/UFget/MM/Janna/ML_Geer/ML_Geer.mtx,3.556008
/data/UFget/MM/Janna/Flan_1565/Flan_1565.mtx,3.589051
/data/UFget/MM/Janna/Cube_Coup_dt0/Cube_Coup_dt0.mtx,3.478997
/data/UFget/MM/Janna/Cube_Coup_dt6/Cube_Coup_dt6.mtx,3.444765
/data/UFget/MM/Janna/Bump_2911/Bump_2911.mtx,2.792810
/data/UFget/MM/JGD_CAG/CAG_mat1916/CAG_mat1916.mtx,0.823734
/data/UFget/MM/JGD_Homology/m133-b3/m133-b3.mtx,0.448029
/data/UFget/MM/JGD_Homology/shar_te2-b3/shar_te2-b3.mtx,0.451652
/data/UFget/MM/JGD_Homology/ch7-8-b5/ch7-8-b5.mtx,0.643461
/data/UFget/MM/JGD_SPG/EX5/EX5.mtx,0.818493
/data/UFget/MM/JGD_SPG/EX6/EX6.mtx,0.856906
/data/UFget/MM/JGD_Trefethen/Trefethen_20000b/Trefethen_20000b.mtx,0.880279
/data/UFget/MM/JGD_Trefethen/Trefethen_20000/Trefethen_20000.mtx,0.908998
/data/UFget/MM/Kamvar/Stanford/Stanford.mtx,0.676680
/data/UFget/MM/Kamvar/Stanford_Berkeley/Stanford_Berkeley.mtx,1.037490
/data/UFget/MM/Kim/kim1/kim1.mtx,1.205755
/data/UFget/MM/Kim/kim2/kim2.mtx,2.009914
/data/UFget/MM/Koutsovasilis/F2/F2.mtx,2.893480
/data/UFget/MM/Koutsovasilis/F1/F1.mtx,3.237655
/data/UFget/MM/LAW/enron/enron.mtx,0.358913
/data/UFget/MM/LAW/dblp-2010/dblp-2010.mtx,0.546779
/data/UFget/MM/LAW/cnr-2000/cnr-2000.mtx,0.934466
/data/UFget/MM/LAW/amazon-2008/amazon-2008.mtx,0.711374
/data/UFget/MM/LAW/in-2004/in-2004.mtx,1.163768
/data/UFget/MM/LAW/eu-2005/eu-2005.mtx,1.792164
/data/UFget/MM/LAW/ljournal-2008/ljournal-2008.mtx,1.122404
/data/UFget/MM/LAW/hollywood-2009/hollywood-2009.mtx,2.633385
/data/UFget/MM/LAW/indochina-2004/indochina-2004.mtx,1.710659
/data/UFget/MM/Lee/fem_filter/fem_filter.mtx,1.584961
/data/UFget/MM/Lee/fem_hifreq_circuit/fem_hifreq_circuit.mtx,2.609530
/data/UFget/MM/LeGresley/LeGresley_87936/LeGresley_87936.mtx,0.676944
/data/UFget/MM/Li/li/li.mtx,1.718518
/data/UFget/MM/Li/pli/pli.mtx,1.821192
/data/UFget/MM/Lin/Lin/Lin.mtx,0.706948
/data/UFget/MM/Lourakis/bundle1/bundle1.mtx,1.214558
/data/UFget/MM/Mallya/lhr07/lhr07.mtx,0.529736
/data/UFget/MM/Mallya/lhr07c/lhr07c.mtx,0.490743
/data/UFget/MM/Mallya/lhr10/lhr10.mtx,0.595554
/data/UFget/MM/Mallya/lhr11/lhr11.mtx,0.676967
/data/UFget/MM/Mallya/lhr10c/lhr10c.mtx,0.535332
/data/UFget/MM/Mallya/lhr11c/lhr11c.mtx,0.635274
/data/UFget/MM/Mallya/lhr14/lhr14.mtx,0.661509
/data/UFget/MM/Mallya/lhr14c/lhr14c.mtx,0.735744
/data/UFget/MM/Mallya/lhr17/lhr17.mtx,0.682605
/data/UFget/MM/Mallya/lhr17c/lhr17c.mtx,0.712823
/data/UFget/MM/Mallya/lhr34/lhr34.mtx,1.061178
/data/UFget/MM/Mallya/lhr34c/lhr34c.mtx,1.064776
/data/UFget/MM/Mallya/lhr71/lhr71.mtx,1.562412
/data/UFget/MM/Mallya/lhr71c/lhr71c.mtx,1.617640
/data/UFget/MM/Mancktelow/viscorocks/viscorocks.mtx,1.354649
/data/UFget/MM/MathWorks/Muu/Muu.mtx,0.420485
/data/UFget/MM/MathWorks/Kuu/Kuu.mtx,0.857878
/data/UFget/MM/MaxPlanck/shallow_water1/shallow_water1.mtx,0.461369
/data/UFget/MM/MaxPlanck/shallow_water2/shallow_water2.mtx,0.466173
/data/UFget/MM/Mazaheri/bundle_adj/bundle_adj.mtx,1.910560
/data/UFget/MM/McRae/ecology2/ecology2.mtx,0.597674
/data/UFget/MM/McRae/ecology1/ecology1.mtx,0.593480
/data/UFget/MM/Meng/iChem_Jacobian/iChem_Jacobian.mtx,1.315686
/data/UFget/MM/MKS/fp/fp.mtx,1.534103
/data/UFget/MM/Muite/Chebyshev4/Chebyshev4.mtx,2.852311
/data/UFget/MM/Mulvey/finan512/finan512.mtx,0.730680
/data/UFget/MM/Mulvey/pfinan512/pfinan512.mtx,0.734621
/data/UFget/MM/Nasa/shuttle_eddy/shuttle_eddy.mtx,1.142658
/data/UFget/MM/Nasa/nasa4704/nasa4704.mtx,0.370858
/data/UFget/MM/Nasa/nasa2910/nasa2910.mtx,0.620970
/data/UFget/MM/Nasa/skirt/skirt.mtx,1.553548
/data/UFget/MM/Nasa/pwt/pwt.mtx,1.258421
/data/UFget/MM/Nasa/nasasrb/nasasrb.mtx,2.178370
/data/UFget/MM/ND/nd3k/nd3k.mtx,4.943438
/data/UFget/MM/ND/nd6k/nd6k.mtx,4.791064
/data/UFget/MM/ND/nd12k/nd12k.mtx,4.945613
/data/UFget/MM/ND/nd24k/nd24k.mtx,4.812369
/data/UFget/MM/Nemeth/nemeth02/nemeth02.mtx,0.947160
/data/UFget/MM/Nemeth/nemeth03/nemeth03.mtx,0.887320
/data/UFget/MM/Nemeth/nemeth04/nemeth04.mtx,0.885049
/data/UFget/MM/Nemeth/nemeth05/nemeth05.mtx,0.787459
/data/UFget/MM/Nemeth/nemeth06/nemeth06.mtx,0.915944
/data/UFget/MM/Nemeth/nemeth07/nemeth07.mtx,0.855884
/data/UFget/MM/Nemeth/nemeth08/nemeth08.mtx,0.885101
/data/UFget/MM/Nemeth/nemeth09/nemeth09.mtx,0.848994
/data/UFget/MM/Nemeth/nemeth10/nemeth10.mtx,0.914921
/data/UFget/MM/Nemeth/nemeth11/nemeth11.mtx,0.891917
/data/UFget/MM/Nemeth/nemeth12/nemeth12.mtx,1.062558
/data/UFget/MM/Nemeth/nemeth13/nemeth13.mtx,1.132488
/data/UFget/MM/Nemeth/nemeth14/nemeth14.mtx,1.050618
/data/UFget/MM/Nemeth/nemeth15/nemeth15.mtx,1.256221
/data/UFget/MM/Nemeth/nemeth16/nemeth16.mtx,1.082994
/data/UFget/MM/Nemeth/nemeth17/nemeth17.mtx,1.149825
/data/UFget/MM/Nemeth/nemeth18/nemeth18.mtx,1.229870
/data/UFget/MM/Nemeth/nemeth01/nemeth01.mtx,1.563412
/data/UFget/MM/Nemeth/nemeth19/nemeth19.mtx,1.423064
/data/UFget/MM/Nemeth/nemeth20/nemeth20.mtx,1.995131
/data/UFget/MM/Nemeth/nemeth21/nemeth21.mtx,2.158685
/data/UFget/MM/Nemeth/nemeth22/nemeth22.mtx,4.617331
/data/UFget/MM/Nemeth/nemeth24/nemeth24.mtx,4.748863
/data/UFget/MM/Nemeth/nemeth23/nemeth23.mtx,4.718058
/data/UFget/MM/Nemeth/nemeth25/nemeth25.mtx,4.683301
/data/UFget/MM/Nemeth/nemeth26/nemeth26.mtx,4.764977
/data/UFget/MM/Newman/cond-mat-2003/cond-mat-2003.mtx,1.042381
/data/UFget/MM/Newman/astro-ph/astro-ph.mtx,1.453981
/data/UFget/MM/Newman/cond-mat-2005/cond-mat-2005.mtx,1.111049
/data/UFget/MM/Norris/lung2/lung2.mtx,0.443704
/data/UFget/MM/Norris/heart2/heart2.mtx,4.492759
/data/UFget/MM/Norris/heart3/heart3.mtx,4.488653
/data/UFget/MM/Norris/torso2/torso2.mtx,0.911147
/data/UFget/MM/Norris/heart1/heart1.mtx,5.183569
/data/UFget/MM/Norris/stomach/stomach.mtx,1.289959
/data/UFget/MM/Norris/torso3/torso3.mtx,1.467018
/data/UFget/MM/Norris/torso1/torso1.mtx,2.946717
/data/UFget/MM/Oberwolfach/piston/piston.mtx,0.500329
/data/UFget/MM/Oberwolfach/rail_20209/rail_20209.mtx,0.934929
/data/UFget/MM/Oberwolfach/t2dah_a/t2dah_a.mtx,1.555835
/data/UFget/MM/Oberwolfach/t2dah_e/t2dah_e.mtx,1.554748
/data/UFget/MM/Oberwolfach/t2dah/t2dah.mtx,1.573351
/data/UFget/MM/Oberwolfach/chipcool0/chipcool0.mtx,1.486403
/data/UFget/MM/Oberwolfach/chipcool1/chipcool1.mtx,1.495477
/data/UFget/MM/Oberwolfach/inlet/inlet.mtx,0.761146
/data/UFget/MM/Oberwolfach/gyro_m/gyro_m.mtx,0.739565
/data/UFget/MM/Oberwolfach/t3dl_a/t3dl_a.mtx,0.901308
/data/UFget/MM/Oberwolfach/t3dl/t3dl.mtx,0.907861
/data/UFget/MM/Oberwolfach/rail_79841/rail_79841.mtx,0.614113
/data/UFget/MM/Oberwolfach/gyro_k/gyro_k.mtx,1.580169
/data/UFget/MM/Oberwolfach/gyro/gyro.mtx,1.563342
/data/UFget/MM/Oberwolfach/windscreen/windscreen.mtx,2.101527
/data/UFget/MM/Oberwolfach/gas_sensor/gas_sensor.mtx,1.711231
/data/UFget/MM/Oberwolfach/filter3D/filter3D.mtx,1.721404
/data/UFget/MM/Oberwolfach/t3dh_a/t3dh_a.mtx,2.583413
/data/UFget/MM/Oberwolfach/t3dh_e/t3dh_e.mtx,2.728662
/data/UFget/MM/Oberwolfach/t3dh/t3dh.mtx,2.706135
/data/UFget/MM/Oberwolfach/boneS01/boneS01.mtx,2.895088
/data/UFget/MM/Oberwolfach/boneS10/boneS10.mtx,3.279242
/data/UFget/MM/Oberwolfach/bone010/bone010.mtx,3.475089
/data/UFget/MM/Okunbor/aft01/aft01.mtx,1.467990
/data/UFget/MM/Okunbor/aft02/aft02.mtx,1.462049
/data/UFget/MM/Pajek/foldoc/foldoc.mtx,1.088159
/data/UFget/MM/Pajek/Wordnet3/Wordnet3.mtx,0.207425
/data/UFget/MM/Pajek/dictionary28/dictionary28.mtx,0.563101
/data/UFget/MM/Pajek/internet/internet.mtx,0.215875
/data/UFget/MM/Pajek/Reuters911/Reuters911.mtx,0.782566
/data/UFget/MM/Pajek/EAT_SR/EAT_SR.mtx,1.580151
/data/UFget/MM/Pajek/EAT_RS/EAT_RS.mtx,1.607155
/data/UFget/MM/Pajek/HEP-th/HEP-th.mtx,1.405568
/data/UFget/MM/Pajek/HEP-th-new/HEP-th-new.mtx,1.392661
/data/UFget/MM/Pajek/patents_main/patents_main.mtx,0.272611
/data/UFget/MM/Pajek/patents/patents.mtx,0.414459
/data/UFget/MM/PARSEC/SiH4/SiH4.mtx,0.514035
/data/UFget/MM/PARSEC/SiNa/SiNa.mtx,0.533731
/data/UFget/MM/PARSEC/benzene/benzene.mtx,0.611417
/data/UFget/MM/PARSEC/Na5/Na5.mtx,0.779612
/data/UFget/MM/PARSEC/Si5H12/Si5H12.mtx,1.205086
/data/UFget/MM/PARSEC/Si10H16/Si10H16.mtx,1.371273
/data/UFget/MM/PARSEC/SiO/SiO.mtx,1.512616
/data/UFget/MM/PARSEC/H2O/H2O.mtx,1.926237
/data/UFget/MM/PARSEC/GaAsH6/GaAsH6.mtx,2.207506
/data/UFget/MM/PARSEC/Si34H36/Si34H36.mtx,2.592603
/data/UFget/MM/PARSEC/Ga3As3H12/Ga3As3H12.mtx,3.880137
/data/UFget/MM/PARSEC/Ga10As10H30/Ga10As10H30.mtx,2.666532
/data/UFget/MM/PARSEC/CO/CO.mtx,2.186641
/data/UFget/MM/PARSEC/Ge87H76/Ge87H76.mtx,2.959793
/data/UFget/MM/PARSEC/Ge99H100/Ge99H100.mtx,3.036409
/data/UFget/MM/PARSEC/Ga19As19H42/Ga19As19H42.mtx,2.843159
/data/UFget/MM/PARSEC/Si87H76/Si87H76.mtx,2.462131
/data/UFget/MM/PARSEC/SiO2/SiO2.mtx,2.891573
/data/UFget/MM/PARSEC/Si41Ge41H72/Si41Ge41H72.mtx,3.218242
/data/UFget/MM/PARSEC/Ga41As41H72/Ga41As41H72.mtx,3.061486
/data/UFget/MM/POLYFLOW/invextr1_new/invextr1_new.mtx,1.962897
/data/UFget/MM/POLYFLOW/mixtank_new/mixtank_new.mtx,2.275408
/data/UFget/MM/Pothen/shuttle_eddy/shuttle_eddy.mtx,1.167971
/data/UFget/MM/Pothen/barth5/barth5.mtx,0.913319
/data/UFget/MM/Pothen/bodyy4/bodyy4.mtx,0.930878
/data/UFget/MM/Pothen/bodyy5/bodyy5.mtx,0.930766
/data/UFget/MM/Pothen/bodyy6/bodyy6.mtx,0.940762
/data/UFget/MM/Pothen/skirt/skirt.mtx,1.562436
/data/UFget/MM/Pothen/tandem_vtx/tandem_vtx.mtx,1.495385
/data/UFget/MM/Pothen/pwt/pwt.mtx,1.263639
/data/UFget/MM/Pothen/onera_dual/onera_dual.mtx,0.440931
/data/UFget/MM/Pothen/tandem_dual/tandem_dual.mtx,0.490299
/data/UFget/MM/Puri/ABACUS_shell_ud/ABACUS_shell_ud.mtx,1.258509
/data/UFget/MM/Puri/ABACUS_shell_ld/ABACUS_shell_ld.mtx,1.255878
/data/UFget/MM/Puri/ABACUS_shell_md/ABACUS_shell_md.mtx,1.256866
/data/UFget/MM/Puri/ABACUS_shell_hd/ABACUS_shell_hd.mtx,1.196791
/data/UFget/MM/QCD/conf5_0-4x4-10/conf5_0-4x4-10.mtx,0.484776
/data/UFget/MM/QCD/conf5_0-4x4-14/conf5_0-4x4-14.mtx,0.498012
/data/UFget/MM/QCD/conf5_0-4x4-18/conf5_0-4x4-18.mtx,0.492816
/data/UFget/MM/QCD/conf5_0-4x4-22/conf5_0-4x4-22.mtx,0.487916
/data/UFget/MM/QCD/conf5_0-4x4-26/conf5_0-4x4-26.mtx,0.496575
/data/UFget/MM/QCD/conf6_0-4x4-20/conf6_0-4x4-20.mtx,0.481696
/data/UFget/MM/QCD/conf6_0-4x4-30/conf6_0-4x4-30.mtx,0.507745
/data/UFget/MM/QCD/conf5_4-8x8-05/conf5_4-8x8-05.mtx,1.875591
/data/UFget/MM/QCD/conf5_4-8x8-10/conf5_4-8x8-10.mtx,1.914112
/data/UFget/MM/QCD/conf5_4-8x8-15/conf5_4-8x8-15.mtx,1.839714
/data/UFget/MM/QCD/conf5_4-8x8-20/conf5_4-8x8-20.mtx,1.848372
/data/UFget/MM/QCD/conf6_0-8x8-20/conf6_0-8x8-20.mtx,1.863904
/data/UFget/MM/QCD/conf6_0-8x8-30/conf6_0-8x8-30.mtx,1.898666
/data/UFget/MM/QCD/conf6_0-8x8-80/conf6_0-8x8-80.mtx,1.904818
/data/UFget/MM/QLi/crashbasis/crashbasis.mtx,1.130148
/data/UFget/MM/QLi/majorbasis/majorbasis.mtx,1.133528
/data/UFget/MM/QLi/largebasis/largebasis.mtx,1.191856
/data/UFget/MM/Quaglino/viscoplastic2/viscoplastic2.mtx,1.346501
/data/UFget/MM/QY/case9/case9.mtx,1.144776
/data/UFget/MM/QY/case39/case39.mtx,1.168329
/data/UFget/MM/Rajat/rajat09/rajat09.mtx,0.672213
/data/UFget/MM/Rajat/rajat10/rajat10.mtx,0.700680
/data/UFget/MM/Rajat/rajat22/rajat22.mtx,0.779775
/data/UFget/MM/Rajat/rajat26/rajat26.mtx,0.784911
/data/UFget/MM/Rajat/rajat15/rajat15.mtx,1.446470
/data/UFget/MM/Rajat/rajat16/rajat16.mtx,0.675209
/data/UFget/MM/Rajat/rajat18/rajat18.mtx,0.495979
/data/UFget/MM/Rajat/rajat17/rajat17.mtx,0.618347
/data/UFget/MM/Rajat/rajat23/rajat23.mtx,0.507463
/data/UFget/MM/Rajat/rajat20/rajat20.mtx,0.682639
/data/UFget/MM/Rajat/rajat25/rajat25.mtx,0.682443
/data/UFget/MM/Rajat/rajat28/rajat28.mtx,0.672065
/data/UFget/MM/Rajat/Raj1/Raj1.mtx,0.575334
/data/UFget/MM/Rajat/rajat21/rajat21.mtx,0.531872
/data/UFget/MM/Rajat/rajat24/rajat24.mtx,0.608468
/data/UFget/MM/Rajat/rajat29/rajat29.mtx,0.756190
/data/UFget/MM/Rajat/rajat30/rajat30.mtx,0.907209
/data/UFget/MM/Rajat/rajat31/rajat31.mtx,0.527824
/data/UFget/MM/Raju/laminar_duct3D/laminar_duct3D.mtx,2.719058
/data/UFget/MM/Rommes/juba40k/juba40k.mtx,0.577685
/data/UFget/MM/Rommes/bauru5727/bauru5727.mtx,0.570734
/data/UFget/MM/Ronis/xenon1/xenon1.mtx,1.281718
/data/UFget/MM/Ronis/xenon2/xenon2.mtx,1.995342
/data/UFget/MM/Rost/RFdevice/RFdevice.mtx,0.472707
/data/UFget/MM/Rothberg/struct4/struct4.mtx,0.900810
/data/UFget/MM/Rothberg/struct3/struct3.mtx,1.325019
/data/UFget/MM/Rothberg/cfd1/cfd1.mtx,1.723421
/data/UFget/MM/Rothberg/cfd2/cfd2.mtx,1.868457
/data/UFget/MM/Rothberg/3dtube/3dtube.mtx,2.586979
/data/UFget/MM/Rothberg/gearbox/gearbox.mtx,2.879504
/data/UFget/MM/Rudnyi/water_tank/water_tank.mtx,1.789975
/data/UFget/MM/Sandia/mult_dcop_03/mult_dcop_03.mtx,1.049949
/data/UFget/MM/Sandia/mult_dcop_01/mult_dcop_01.mtx,0.995497
/data/UFget/MM/Sandia/mult_dcop_02/mult_dcop_02.mtx,1.014685
/data/UFget/MM/Sandia/ASIC_100ks/ASIC_100ks.mtx,0.596037
/data/UFget/MM/Sandia/ASIC_100k/ASIC_100k.mtx,0.867882
/data/UFget/MM/Sandia/ASIC_320ks/ASIC_320ks.mtx,0.626347
/data/UFget/MM/Sandia/ASIC_680ks/ASIC_680ks.mtx,0.418312
/data/UFget/MM/Sandia/ASIC_320k/ASIC_320k.mtx,0.771732
/data/UFget/MM/Sandia/ASIC_680k/ASIC_680k.mtx,0.609253
/data/UFget/MM/Sanghavi/ecl32/ecl32.mtx,1.017469
/data/UFget/MM/Schenk/nlpkkt80/nlpkkt80.mtx,2.163624
/data/UFget/MM/Schenk/nlpkkt120/nlpkkt120.mtx,2.176217
/data/UFget/MM/Schenk_AFE/af_0_k101/af_0_k101.mtx,2.474359
/data/UFget/MM/Schenk_AFE/af_1_k101/af_1_k101.mtx,2.471060
/data/UFget/MM/Schenk_AFE/af_2_k101/af_2_k101.mtx,2.479987
/data/UFget/MM/Schenk_AFE/af_3_k101/af_3_k101.mtx,2.480044
/data/UFget/MM/Schenk_AFE/af_4_k101/af_4_k101.mtx,2.474052
/data/UFget/MM/Schenk_AFE/af_5_k101/af_5_k101.mtx,2.471329
/data/UFget/MM/Schenk_AFE/af_shell1/af_shell1.mtx,2.444880
/data/UFget/MM/Schenk_AFE/af_shell2/af_shell2.mtx,2.469343
/data/UFget/MM/Schenk_AFE/af_shell3/af_shell3.mtx,2.418094
/data/UFget/MM/Schenk_AFE/af_shell4/af_shell4.mtx,2.461356
/data/UFget/MM/Schenk_AFE/af_shell5/af_shell5.mtx,2.451387
/data/UFget/MM/Schenk_AFE/af_shell6/af_shell6.mtx,2.453985
/data/UFget/MM/Schenk_AFE/af_shell7/af_shell7.mtx,2.435220
/data/UFget/MM/Schenk_AFE/af_shell8/af_shell8.mtx,2.450773
/data/UFget/MM/Schenk_AFE/af_shell9/af_shell9.mtx,2.433603
/data/UFget/MM/Schenk_AFE/af_shell10/af_shell10.mtx,2.550319
/data/UFget/MM/Schenk_IBMNA/c-41/c-41.mtx,1.105863
/data/UFget/MM/Schenk_IBMNA/c-42/c-42.mtx,1.075537
/data/UFget/MM/Schenk_IBMNA/c-39/c-39.mtx,1.268873
/data/UFget/MM/Schenk_IBMNA/c-43/c-43.mtx,1.029737
/data/UFget/MM/Schenk_IBMNA/c-46/c-46.mtx,0.968023
/data/UFget/MM/Schenk_IBMNA/c-49/c-49.mtx,0.956939
/data/UFget/MM/Schenk_IBMNA/c-48/c-48.mtx,1.045776
/data/UFget/MM/Schenk_IBMNA/c-45/c-45.mtx,1.205076
/data/UFget/MM/Schenk_IBMNA/c-50/c-50.mtx,1.025384
/data/UFget/MM/Schenk_IBMNA/c-52/c-52.mtx,1.025570
/data/UFget/MM/Schenk_IBMNA/c-51/c-51.mtx,1.034629
/data/UFget/MM/Schenk_IBMNA/c-47/c-47.mtx,1.340226
/data/UFget/MM/Schenk_IBMNA/c-60/c-60.mtx,0.964411
/data/UFget/MM/Schenk_IBMNA/c-61/c-61.mtx,1.021598
/data/UFget/MM/Schenk_IBMNA/c-53/c-53.mtx,1.300555
/data/UFget/MM/Schenk_IBMNA/c-65/c-65.mtx,1.016444
/data/UFget/MM/Schenk_IBMNA/c-56/c-56.mtx,1.268893
/data/UFget/MM/Schenk_IBMNA/c-54/c-54.mtx,1.369140
/data/UFget/MM/Schenk_IBMNA/c-57/c-57.mtx,1.206249
/data/UFget/MM/Schenk_IBMNA/c-66b/c-66b.mtx,1.188559
/data/UFget/MM/Schenk_IBMNA/c-66/c-66.mtx,1.189455
/data/UFget/MM/Schenk_IBMNA/c-67/c-67.mtx,1.141905
/data/UFget/MM/Schenk_IBMNA/c-67b/c-67b.mtx,1.173687
/data/UFget/MM/Schenk_IBMNA/c-62/c-62.mtx,1.483857
/data/UFget/MM/Schenk_IBMNA/c-64b/c-64b.mtx,1.420594
/data/UFget/MM/Schenk_IBMNA/c-64/c-64.mtx,1.421109
/data/UFget/MM/Schenk_IBMNA/c-73/c-73.mtx,0.675009
/data/UFget/MM/Schenk_IBMNA/c-73b/c-73b.mtx,0.675227
/data/UFget/MM/Schenk_IBMNA/c-big/c-big.mtx,0.659921
/data/UFget/MM/Schenk_IBMSDS/2D_27628_bjtcai/2D_27628_bjtcai.mtx,1.718659
/data/UFget/MM/Schenk_IBMSDS/3D_28984_Tetra/3D_28984_Tetra.mtx,0.863823
/data/UFget/MM/Schenk_IBMSDS/2D_54019_highK/2D_54019_highK.mtx,0.977107
/data/UFget/MM/Schenk_IBMSDS/3D_51448_3D/3D_51448_3D.mtx,1.112041
/data/UFget/MM/Schenk_IBMSDS/ibm_matrix_2/ibm_matrix_2.mtx,1.111067
/data/UFget/MM/Schenk_IBMSDS/matrix-new_3/matrix-new_3.mtx,1.602536
/data/UFget/MM/Schenk_IBMSDS/matrix_9/matrix_9.mtx,1.423288
/data/UFget/MM/Schenk_ISEI/igbt3/igbt3.mtx,0.567369
/data/UFget/MM/Schenk_ISEI/nmos3/nmos3.mtx,0.703794
/data/UFget/MM/Schenk_ISEI/para-10/para-10.mtx,2.115285
/data/UFget/MM/Schenk_ISEI/para-5/para-5.mtx,2.124830
/data/UFget/MM/Schenk_ISEI/para-6/para-6.mtx,2.095111
/data/UFget/MM/Schenk_ISEI/para-7/para-7.mtx,2.118739
/data/UFget/MM/Schenk_ISEI/para-8/para-8.mtx,2.104927
/data/UFget/MM/Schenk_ISEI/para-9/para-9.mtx,2.115320
/data/UFget/MM/Schenk_ISEI/barrier2-1/barrier2-1.mtx,2.070399
/data/UFget/MM/Schenk_ISEI/barrier2-2/barrier2-2.mtx,2.062200
/data/UFget/MM/Schenk_ISEI/barrier2-3/barrier2-3.mtx,2.070832
/data/UFget/MM/Schenk_ISEI/barrier2-4/barrier2-4.mtx,2.044889
/data/UFget/MM/Schenk_ISEI/barrier2-10/barrier2-10.mtx,2.100672
/data/UFget/MM/Schenk_ISEI/barrier2-11/barrier2-11.mtx,2.082800
/data/UFget/MM/Schenk_ISEI/barrier2-12/barrier2-12.mtx,2.092686
/data/UFget/MM/Schenk_ISEI/barrier2-9/barrier2-9.mtx,2.066684
/data/UFget/MM/Schenk_ISEI/para-4/para-4.mtx,2.111549
/data/UFget/MM/Schenk_ISEI/ohne2/ohne2.mtx,3.101040
/data/UFget/MM/Schmid/thermal1/thermal1.mtx,0.670396
/data/UFget/MM/Schmid/thermal2/thermal2.mtx,0.703716
/data/UFget/MM/Shen/shermanACb/shermanACb.mtx,0.986490
/data/UFget/MM/Shen/e40r0100/e40r0100.mtx,0.969037
/data/UFget/MM/Shyy/shyy161/shyy161.mtx,0.434763
/data/UFget/MM/Simon/raefsky6/raefsky6.mtx,0.497167
/data/UFget/MM/Simon/raefsky5/raefsky5.mtx,0.423331
/data/UFget/MM/Simon/raefsky1/raefsky1.mtx,0.894768
/data/UFget/MM/Simon/raefsky2/raefsky2.mtx,0.926003
/data/UFget/MM/Simon/olafu/olafu.mtx,1.570895
/data/UFget/MM/Simon/raefsky4/raefsky4.mtx,1.882156
/data/UFget/MM/Simon/raefsky3/raefsky3.mtx,2.283096
/data/UFget/MM/Simon/venkat25/venkat25.mtx,1.513362
/data/UFget/MM/Simon/venkat50/venkat50.mtx,1.532355
/data/UFget/MM/Simon/venkat01/venkat01.mtx,1.624603
/data/UFget/MM/Simon/bbmat/bbmat.mtx,1.926486
/data/UFget/MM/Simon/appu/appu.mtx,4.226890
/data/UFget/MM/Sinclair/3Dspectralwave2/3Dspectralwave2.mtx,2.652409
/data/UFget/MM/Sinclair/3Dspectralwave/3Dspectralwave.mtx,2.774619
/data/UFget/MM/SNAP/wiki-Vote/wiki-Vote.mtx,1.242581
/data/UFget/MM/SNAP/as-caida/as-caida.mtx,0.598940
/data/UFget/MM/SNAP/p2p-Gnutella31/p2p-Gnutella31.mtx,0.453584
/data/UFget/MM/SNAP/ca-CondMat/ca-CondMat.mtx,1.037893
/data/UFget/MM/SNAP/ca-HepPh/ca-HepPh.mtx,0.536808
/data/UFget/MM/SNAP/cit-HepTh/cit-HepTh.mtx,1.398394
/data/UFget/MM/SNAP/email-Enron/email-Enron.mtx,1.146668
/data/UFget/MM/SNAP/ca-AstroPh/ca-AstroPh.mtx,0.676167
/data/UFget/MM/SNAP/email-EuAll/email-EuAll.mtx,0.193533
/data/UFget/MM/SNAP/cit-HepPh/cit-HepPh.mtx,1.278062
/data/UFget/MM/SNAP/soc-Epinions1/soc-Epinions1.mtx,0.579563
/data/UFget/MM/SNAP/soc-sign-Slashdot081106/soc-sign-Slashdot081106.mtx,0.514957
/data/UFget/MM/SNAP/soc-sign-Slashdot090216/soc-sign-Slashdot090216.mtx,0.553067
/data/UFget/MM/SNAP/soc-sign-Slashdot090221/soc-sign-Slashdot090221.mtx,0.544942
/data/UFget/MM/SNAP/soc-sign-epinions/soc-sign-epinions.mtx,0.610741
/data/UFget/MM/SNAP/soc-Slashdot0811/soc-Slashdot0811.mtx,0.861055
/data/UFget/MM/SNAP/soc-Slashdot0902/soc-Slashdot0902.mtx,0.840274
/data/UFget/MM/SNAP/amazon0302/amazon0302.mtx,0.477458
/data/UFget/MM/SNAP/web-NotreDame/web-NotreDame.mtx,0.514040
/data/UFget/MM/SNAP/web-Stanford/web-Stanford.mtx,0.705097
/data/UFget/MM/SNAP/roadNet-PA/roadNet-PA.mtx,0.360304
/data/UFget/MM/SNAP/amazon0312/amazon0312.mtx,0.707220
/data/UFget/MM/SNAP/amazon0505/amazon0505.mtx,0.724953
/data/UFget/MM/SNAP/amazon0601/amazon0601.mtx,0.727880
/data/UFget/MM/SNAP/roadNet-TX/roadNet-TX.mtx,0.355872
/data/UFget/MM/SNAP/wiki-Talk/wiki-Talk.mtx,0.269271
/data/UFget/MM/SNAP/web-Google/web-Google.mtx,0.550521
/data/UFget/MM/SNAP/roadNet-CA/roadNet-CA.mtx,0.355139
/data/UFget/MM/SNAP/web-BerkStan/web-BerkStan.mtx,1.079549
/data/UFget/MM/SNAP/cit-Patents/cit-Patents.mtx,0.439415
/data/UFget/MM/SNAP/as-Skitter/as-Skitter.mtx,1.033982
/data/UFget/MM/SNAP/soc-LiveJournal1/soc-LiveJournal1.mtx,1.025988
/data/UFget/MM/Sorensen/Linux_call_graph/Linux_call_graph.mtx,0.428659
/data/UFget/MM/Szczerba/Ill_Stokes/Ill_Stokes.mtx,1.077120
/data/UFget/MM/TKK/g3rmt3m3/g3rmt3m3.mtx,0.500786
/data/UFget/MM/TKK/t520/t520.mtx,0.879360
/data/UFget/MM/TKK/cbuckle/cbuckle.mtx,1.076390
/data/UFget/MM/TKK/cyl6/cyl6.mtx,1.229456
/data/UFget/MM/TKK/tube1/tube1.mtx,1.443589
/data/UFget/MM/TKK/tube2/tube2.mtx,1.335791
/data/UFget/MM/TKK/smt/smt.mtx,4.408706
/data/UFget/MM/TKK/s4dkt3m2/s4dkt3m2.mtx,2.628766
/data/UFget/MM/TKK/engine/engine.mtx,1.945025
/data/UFget/MM/Tromble/language/language.mtx,0.362108
/data/UFget/MM/TSOPF/TSOPF_FS_b9_c6/TSOPF_FS_b9_c6.mtx,1.170904
/data/UFget/MM/TSOPF/TSOPF_RS_b162_c1/TSOPF_RS_b162_c1.mtx,0.544085
/data/UFget/MM/TSOPF/TSOPF_RS_b39_c7/TSOPF_RS_b39_c7.mtx,1.690376
/data/UFget/MM/TSOPF/TSOPF_FS_b162_c1/TSOPF_FS_b162_c1.mtx,1.227167
/data/UFget/MM/TSOPF/TSOPF_RS_b162_c3/TSOPF_RS_b162_c3.mtx,1.112359
/data/UFget/MM/TSOPF/TSOPF_RS_b39_c19/TSOPF_RS_b39_c19.mtx,1.859841
/data/UFget/MM/TSOPF/TSOPF_FS_b39_c7/TSOPF_FS_b39_c7.mtx,0.974886
/data/UFget/MM/TSOPF/TSOPF_RS_b162_c4/TSOPF_RS_b162_c4.mtx,1.195172
/data/UFget/MM/TSOPF/TSOPF_RS_b39_c30/TSOPF_RS_b39_c30.mtx,1.967916
/data/UFget/MM/TSOPF/TSOPF_RS_b300_c1/TSOPF_RS_b300_c1.mtx,1.976410
/data/UFget/MM/TSOPF/TSOPF_FS_b162_c3/TSOPF_FS_b162_c3.mtx,1.814206
/data/UFget/MM/TSOPF/TSOPF_FS_b39_c19/TSOPF_FS_b39_c19.mtx,1.619167
/data/UFget/MM/TSOPF/TSOPF_FS_b162_c4/TSOPF_FS_b162_c4.mtx,1.967711
/data/UFget/MM/TSOPF/TSOPF_RS_b300_c2/TSOPF_RS_b300_c2.mtx,2.342739
/data/UFget/MM/TSOPF/TSOPF_FS_b39_c30/TSOPF_FS_b39_c30.mtx,1.680469
/data/UFget/MM/TSOPF/TSOPF_RS_b678_c1/TSOPF_RS_b678_c1.mtx,3.554223
/data/UFget/MM/TSOPF/TSOPF_FS_b300/TSOPF_FS_b300.mtx,3.577494
/data/UFget/MM/TSOPF/TSOPF_FS_b300_c1/TSOPF_FS_b300_c1.mtx,3.479603
/data/UFget/MM/TSOPF/TSOPF_RS_b300_c3/TSOPF_RS_b300_c3.mtx,3.192882
/data/UFget/MM/TSOPF/TSOPF_RS_b2052_c1/TSOPF_RS_b2052_c1.mtx,3.659052
/data/UFget/MM/TSOPF/TSOPF_FS_b300_c2/TSOPF_FS_b300_c2.mtx,3.577251
/data/UFget/MM/TSOPF/TSOPF_RS_b678_c2/TSOPF_RS_b678_c2.mtx,3.577983
/data/UFget/MM/TSOPF/TSOPF_FS_b300_c3/TSOPF_FS_b300_c3.mtx,3.381886
/data/UFget/MM/TSOPF/TSOPF_RS_b2383/TSOPF_RS_b2383.mtx,3.752755
/data/UFget/MM/TSOPF/TSOPF_RS_b2383_c1/TSOPF_RS_b2383_c1.mtx,3.824698
/data/UFget/MM/Um/2cubes_sphere/2cubes_sphere.mtx,1.229766
/data/UFget/MM/Um/offshore/offshore.mtx,1.325509
/data/UFget/MM/UTEP/Dubcova1/Dubcova1.mtx,1.629217
/data/UFget/MM/UTEP/Dubcova2/Dubcova2.mtx,1.851519
/data/UFget/MM/UTEP/Dubcova3/Dubcova3.mtx,1.756493
/data/UFget/MM/vanHeukelum/cage10/cage10.mtx,1.338861
/data/UFget/MM/vanHeukelum/cage11/cage11.mtx,1.646621
/data/UFget/MM/vanHeukelum/cage12/cage12.mtx,1.318849
/data/UFget/MM/vanHeukelum/cage13/cage13.mtx,1.416180
/data/UFget/MM/vanHeukelum/cage14/cage14.mtx,1.450516
/data/UFget/MM/vanHeukelum/cage15/cage15.mtx,1.036880
/data/UFget/MM/VanVelzen/std1_Jac2_db/std1_Jac2_db.mtx,0.892085
/data/UFget/MM/VanVelzen/std1_Jac3_db/std1_Jac3_db.mtx,0.951343
/data/UFget/MM/VanVelzen/Zd_Jac6_db/Zd_Jac6_db.mtx,1.016799
/data/UFget/MM/VanVelzen/Zd_Jac2_db/Zd_Jac2_db.mtx,0.942038
/data/UFget/MM/VanVelzen/Zd_Jac3_db/Zd_Jac3_db.mtx,1.177622
/data/UFget/MM/VanVelzen/std1_Jac2/std1_Jac2.mtx,1.557180
/data/UFget/MM/VanVelzen/std1_Jac3/std1_Jac3.mtx,1.788364
/data/UFget/MM/VanVelzen/Zd_Jac2/Zd_Jac2.mtx,1.963131
/data/UFget/MM/VanVelzen/Zd_Jac6/Zd_Jac6.mtx,2.003630
/data/UFget/MM/VanVelzen/Zd_Jac3/Zd_Jac3.mtx,2.123305
/data/UFget/MM/Vavasis/av41092/av41092.mtx,1.689953
/data/UFget/MM/VDOL/hangGlider_4/hangGlider_4.mtx,1.166343
/data/UFget/MM/VDOL/hangGlider_5/hangGlider_5.mtx,1.169935
/data/UFget/MM/VDOL/lowThrust_4/lowThrust_4.mtx,1.301386
/data/UFget/MM/VDOL/lowThrust_5/lowThrust_5.mtx,1.359968
/data/UFget/MM/VDOL/lowThrust_6/lowThrust_6.mtx,1.380861
/data/UFget/MM/VDOL/lowThrust_7/lowThrust_7.mtx,1.360539
/data/UFget/MM/VDOL/lowThrust_8/lowThrust_8.mtx,1.394893
/data/UFget/MM/VDOL/lowThrust_9/lowThrust_9.mtx,1.353394
/data/UFget/MM/VDOL/lowThrust_10/lowThrust_10.mtx,1.379735
/data/UFget/MM/VDOL/lowThrust_11/lowThrust_11.mtx,1.381589
/data/UFget/MM/VDOL/lowThrust_12/lowThrust_12.mtx,1.371828
/data/UFget/MM/VDOL/lowThrust_13/lowThrust_13.mtx,1.355565
/data/UFget/MM/Wang/wang3/wang3.mtx,0.992787
/data/UFget/MM/Wang/wang4/wang4.mtx,0.960422
/data/UFget/MM/Watson/chem_master1/chem_master1.mtx,0.830717
/data/UFget/MM/Watson/Baumann/Baumann.mtx,0.695475
/data/UFget/MM/Williams/mac_econ_fwd500/mac_econ_fwd500.mtx,0.657534
/data/UFget/MM/Williams/mc2depi/mc2depi.mtx,0.485303
/data/UFget/MM/Williams/cop20k_A/cop20k_A.mtx,1.469673
/data/UFget/MM/Williams/webbase-1M/webbase-1M.mtx,0.382786
/data/UFget/MM/Williams/cant/cant.mtx,2.806693
/data/UFget/MM/Williams/pdb1HYS/pdb1HYS.mtx,4.049497
/data/UFget/MM/Williams/consph/consph.mtx,3.119384
/data/UFget/MM/Wissgott/parabolic_fem/parabolic_fem.mtx,0.728777
/data/UFget/MM/Zaoui/kkt_power/kkt_power.mtx,0.747634
/data/UFget/MM/Zhao/Zhao1/Zhao1.mtx,0.800146
/data/UFget/MM/Zhao/Zhao2/Zhao2.mtx,0.784824
/data/UFget-large/arabic-2005/arabic-2005.mtx,1.259120
/data/UFget-large/nlpkkt200/nlpkkt200.mtx,1.898279
/data/UFget-large/Queen_4147/Queen_4147.mtx,3.295452
/data/UFget-large/uk-2002/uk-2002.mtx,1.353571
/data/UFget-large/HV15R/HV15R.mtx,4.008933
/data/UFget-large/rgg_n_2_24_s0/rgg_n_2_24_s0.mtx,1.251913
/data/UFget-large/nlpkkt160/nlpkkt160.mtx,2.044670
